"Symbol: DNUT",,,,,,"Study: VOL (LikeMain)",
"Date Time","Open","High","Low","Close","Change","Volume","Open Interest"
2021-07-01,16.3,21.69,15.5,21,0,40888200,
2021-07-02,19.85,20.45,18.3201,19.12,-1.879999999999999,8637900,
2021-07-06,18.9,19.12,17,17,-2.120000000000001,3972900,
2021-07-07,17.29,18.16,17,17.78,0.7800000000000011,3213500,
2021-07-08,17.15,18.35,17,18.2,0.41999999999999815,5448200,
2021-07-09,18.37,20,18.37,19.29,1.0899999999999999,3951200,
2021-07-12,19.7,20.06,17.82,18.06,-1.2300000000000004,2665100,
2021-07-13,18.25,18.645,17.5,17.6,-0.4599999999999973,2567500,
2021-07-14,17.65,17.97,17.15,17.22,-0.38000000000000256,1456000,
2021-07-15,17.33,17.53,16.99,17.11,-0.10999999999999943,828600,
2021-07-16,17.02,17.33,17,17.04,-0.07000000000000028,1209700,
2021-07-19,16.61,16.9999,16.03,16.96,-0.0799999999999983,1425400,
2021-07-20,17.01,17.1,16.25,16.59,-0.370000000000001,1180900,
2021-07-21,16.5,16.79,16.08,16.28,-0.3099999999999987,1988800,
2021-07-22,16.05,16.28,15.79,16.07,-0.21000000000000085,1695400,
2021-07-23,15.96,16.74,15.55,16.71,0.6400000000000006,2008800,
2021-07-26,16.73,17.97,16.685,17.17,0.46000000000000085,3109500,
2021-07-27,17.44,17.469,16.25,16.43,-0.740000000000002,1076700,
2021-07-28,16.5,16.85,15.9,15.95,-0.4800000000000004,1198700,
2021-07-29,15.96,16.53,15.8,16.51,0.5600000000000023,818700,
2021-07-30,16.3,16.4809,15.89,15.96,-0.5500000000000007,735600,
2021-08-02,16.07,16.0762,15.71,15.74,-0.22000000000000064,995100,
2021-08-03,16,16,15.69,15.7,-0.040000000000000924,687100,
2021-08-04,15.69,15.83,14.89,15.12,-0.5800000000000001,1453800,
2021-08-05,15.12,15.64,14.92,15.64,0.5200000000000014,537600,
2021-08-06,15.57,15.6499,15.17,15.32,-0.3200000000000003,341200,
2021-08-09,15.3,16.0299,15.0001,15.9,0.5800000000000001,1152400,
2021-08-10,15.83,15.96,15.38,15.68,-0.22000000000000064,563500,
2021-08-11,15.76,15.9,14.9854,15.08,-0.5999999999999996,930400,
2021-08-12,15.08,15.3199,14.75,14.8,-0.27999999999999936,915300,
2021-08-13,14.8,15.27,14.7,15.03,0.22999999999999865,764000,
2021-08-16,15.12,15.15,14.32,14.62,-0.41000000000000014,990700,
2021-08-17,14.56,14.67,13.62,14.04,-0.5800000000000001,2476400,
2021-08-18,14.24,14.25,13.01,13.07,-0.9699999999999989,3209200,
2021-08-19,13,15.29,12.825,14.91,1.8399999999999999,4320700,
2021-08-20,14.61,15.63,14.5,15.07,0.16000000000000014,2257100,
2021-08-23,15.35,16.92,15.0229,16.73,1.6600000000000001,2366000,
2021-08-24,16.75,17.346,16.09,16.96,0.23000000000000043,1984900,
2021-08-25,17,17.59,16.34,16.53,-0.4299999999999997,1576200,
2021-08-26,16.79,17.22,16.53,16.97,0.4399999999999977,964400,
2021-08-27,16.93,17.3,16.81,17,0.030000000000001137,1064200,
2021-08-30,17.21,17.67,16.72,16.88,-0.120000000000001,1159200,
2021-08-31,16.92,17.1,16.55,16.71,-0.16999999999999815,705700,
2021-09-01,16.86,17.02,16.75,16.85,0.14000000000000057,474500,
2021-09-02,16.99,17.39,16.61,16.79,-0.060000000000002274,1238100,
2021-09-03,16.85,16.9,15.73,16.12,-0.6699999999999982,1474900,
2021-09-07,16.11,16.25,14.93,14.96,-1.1600000000000001,2469500,
2021-09-08,14.97,15.425,14.8,15.21,0.25,1961000,
2021-09-09,15.35,16.29,15.3,16.07,0.8599999999999994,1200300,
2021-09-10,16.25,16.4499,15.66,15.97,-0.09999999999999964,1109900,
2021-09-13,16.01,16.14,15.2732,15.34,-0.6300000000000008,674600,
2021-09-14,15.45,15.75,15.37,15.56,0.22000000000000064,561900,
2021-09-15,15.56,15.7499,15.05,15.3,-0.2599999999999998,780100,
2021-09-16,15.23,16.68,15.23,16.38,1.0799999999999983,1512600,
2021-09-17,16.32,16.5,15.19,15.21,-1.1699999999999982,5721000,
2021-09-20,14.82,15.77,14.56,14.98,-0.23000000000000043,2743900,
2021-09-21,15,15.19,14.03,14.27,-0.7100000000000009,2259600,
2021-09-22,14.29,14.46,14.02,14.16,-0.10999999999999943,1577700,
2021-09-23,14.25,14.8,14.2,14.73,0.5700000000000003,1224500,
2021-09-24,14.67,14.73,14.22,14.51,-0.22000000000000064,520900,
2021-09-27,14.51,14.85,14.25,14.34,-0.16999999999999993,838800,
2021-09-28,14.26,14.37,14.02,14.21,-0.129999999999999,747000,
2021-09-29,14.28,14.33,13.96,14,-0.21000000000000085,685700,
2021-09-30,14.01,14.08,13.75,14,0,848900,
2021-10-01,14.06,14.25,13.82,14.22,0.22000000000000064,638600,
2021-10-04,14.0549,14.22,13.8269,13.93,-0.2900000000000009,560200,
2021-10-05,13.95,14.02,13.8,13.89,-0.03999999999999915,635700,
2021-10-06,13.82,13.8899,13.72,13.8,-0.08999999999999986,818900,
2021-10-07,13.89,14.09,13.68,13.75,-0.05000000000000071,1045700,
2021-10-08,13.75,14.3,13.59,14.12,0.3699999999999992,862600,
2021-10-11,14.07,14.09,13.85,13.97,-0.14999999999999858,488600,
2021-10-12,13.98,14.33,13.97,14.27,0.29999999999999893,400600,
2021-10-13,14.32,14.335,14.105,14.31,0.040000000000000924,211900,
2021-10-14,14.38,14.66,14.13,14.15,-0.16000000000000014,471200,
2021-10-15,14.35,14.36,13.88,13.91,-0.2400000000000002,446800,
2021-10-18,13.9,14.18,13.71,14.08,0.16999999999999993,301800,
2021-10-19,14.14,14.1438,13.83,13.89,-0.1899999999999995,511100,
2021-10-20,13.9,13.975,13.8,13.92,0.02999999999999936,413800,
2021-10-21,13.66,13.85,13.07,13.13,-0.7899999999999991,1918600,
2021-10-22,13.11,13.11,12.71,12.94,-0.19000000000000128,1378400,
2021-10-25,12.91,13.23,12.76,12.96,0.02000000000000135,693900,
2021-10-26,13,13.29,12.9,13.26,0.29999999999999893,479200,
2021-10-27,13.25,13.36,12.77,12.77,-0.4900000000000002,523700,
2021-10-28,12.9288,12.9288,12.63,12.89,0.120000000000001,572700,
2021-10-29,12.83,12.8709,12.7,12.75,-0.14000000000000057,413800,
2021-11-01,12.82,13.04,12.76,12.95,0.1999999999999993,689900,
2021-11-02,13,14.24,12.9498,14.15,1.200000000000001,2343700,
2021-11-03,14.07,14.15,13.4006,13.86,-0.2900000000000009,1023900,
2021-11-04,13.84,14.07,13.45,13.86,0,525600,
2021-11-05,13.95,14.24,13.87,14.1,0.2400000000000002,435000,
2021-11-08,13.64,14.18,13.37,13.55,-0.5499999999999989,1094100,
2021-11-09,13.5,13.62,12.9,12.98,-0.5700000000000003,1256400,
2021-11-10,13.78,14.85,13.3,13.37,0.3899999999999988,2652100,
2021-11-11,13.43,14.45,13.43,14.3,0.9300000000000015,1208600,
2021-11-12,14.34,14.73,14.164,14.45,0.14999999999999858,906000,
2021-11-15,14.69,14.73,14.18,14.35,-0.09999999999999964,842500,
2021-11-16,14.85,15.17,14.34,14.54,0.1899999999999995,2104100,
2021-11-17,14.59,15.08,14.52,14.98,0.4400000000000013,916400,
2021-11-18,14.8,14.94,13.64,13.69,-1.290000000000001,1343000,
2021-11-19,13.9,14.07,13.7,13.82,0.13000000000000078,1091000,
2021-11-22,14,14.46,13.82,14.04,0.21999999999999886,1119400,
2021-11-23,14.02,14.95,14,14.1,0.0600000000000005,1278500,
2021-11-24,13.98,15.69,13.98,15.53,1.4299999999999997,2186100,
2021-11-26,14.76,15.71,14.73,15.44,-0.08999999999999986,803400,
2021-11-29,15.51,16.08,14.999,15.21,-0.22999999999999865,1574700,
2021-11-30,15,15.1585,13.92,14.55,-0.6600000000000001,2925600,
2021-12-01,13.97,14.7,13,13.19,-1.3600000000000012,3058600,
2021-12-02,13.45,14.34,13.38,14.17,0.9800000000000004,1657100,
2021-12-03,14.1,15.8772,14.1,15.7,1.5299999999999994,2761900,
2021-12-06,15.41,16.42,15.35,15.73,0.030000000000001137,1969100,
2021-12-07,16,16.95,15.735,15.8,0.07000000000000028,1462700,
2021-12-08,15.89,16.69,15.89,15.96,0.16000000000000014,1408600,
2021-12-09,16,16.33,14.81,14.9,-1.0600000000000005,1216600,
2021-12-10,14.94,15.605,14.94,15.53,0.629999999999999,1323400,
2021-12-13,15.47,16.08,15.3,15.98,0.45000000000000107,997900,
2021-12-14,15.4501,16.36,15.3997,15.99,0.009999999999999787,987600,
2021-12-15,15.83,16,15.27,16,0.009999999999999787,671300,
2021-12-16,16.01,16.3,15.35,15.59,-0.41000000000000014,843700,
2021-12-17,15.48,17.56,15.4429,17.17,1.5800000000000018,2514100,
2021-12-20,16.75,16.88,15.44,15.98,-1.1900000000000013,2080700,
2021-12-21,16,16.49,15.7,15.85,-0.13000000000000078,1170000,
2021-12-22,15.8,16.025,15.52,15.9,0.05000000000000071,947300,
2021-12-23,15.85,17.07,15.82,16.91,1.0099999999999998,1569100,
2021-12-27,16.6,17.365,16.16,16.22,-0.6900000000000013,1394000,
2021-12-28,16.24,18.5999,16.225,17.85,1.6300000000000026,3133600,
2021-12-29,17.58,18.32,17.35,17.72,-0.13000000000000256,1176500,
2021-12-30,17.575,19.3088,17.575,18.47,0.75,1721400,
2021-12-31,18.13,19.55,18.1045,18.92,0.45000000000000284,1625700,
2022-01-03,18.92,19.4123,18.43,18.58,-0.3400000000000034,1143400,
2022-01-04,18.33,18.815,17.56,18.48,-0.09999999999999787,1143000,
2022-01-05,18.15,19,18.1001,18.17,-0.3099999999999987,1368900,
2022-01-06,18.22,18.78,18.0017,18.29,0.11999999999999744,1539900,
2022-01-07,18.29,18.55,17.47,17.57,-0.7199999999999989,982000,
2022-01-10,17.49,17.5001,16.54,17.24,-0.33000000000000185,929700,
2022-01-11,17.35,17.99,17.17,17.68,0.4400000000000013,1190400,
2022-01-12,17.7,17.74,16.3581,17.01,-0.6699999999999982,1491000,
2022-01-13,17.17,17.225,16.63,16.74,-0.2700000000000031,862500,
2022-01-14,16.52,16.85,16,16.2,-0.5399999999999991,1143300,
2022-01-18,15.95,16.191,15.47,15.64,-0.5599999999999987,1172800,
2022-01-19,15.59,15.86,15.22,15.29,-0.3500000000000014,1764900,
2022-01-20,15.5,15.75,14.25,14.29,-1,1529300,
2022-01-21,14.09,14.96,14.0001,14.37,0.08000000000000007,1700900,
2022-01-24,14.1,15,13.9,14.82,0.45000000000000107,1378200,
2022-01-25,14.47,14.6598,14.04,14.23,-0.5899999999999999,822800,
2022-01-26,14.55,14.9,14,14.18,-0.05000000000000071,1163000,
2022-01-27,14.25,14.525,14,14.09,-0.08999999999999986,891400,
2022-01-28,14.17,14.53,13.805,14.53,0.4399999999999995,766400,
2022-01-31,14.3,15.02,14.25,14.99,0.46000000000000085,1411700,
2022-02-01,14.92,15.09,14.24,14.71,-0.27999999999999936,1501700,
2022-02-02,14.63,14.67,14.31,14.41,-0.3000000000000007,1063900,
2022-02-03,14.21,14.7,14.15,14.24,-0.16999999999999993,1265300,
2022-02-04,14.23,14.53,14.04,14.45,0.20999999999999908,946300,
2022-02-07,14.55,14.8,14.47,14.77,0.3200000000000003,1044100,
2022-02-08,14.87,15.1745,14.71,15.02,0.25,1295900,
2022-02-09,15.16,15.41,15.01,15.32,0.3000000000000007,951600,
2022-02-10,15.3,15.58,15.13,15.19,-0.13000000000000078,1346000,
2022-02-11,15.11,15.18,13.93,13.98,-1.209999999999999,1879300,
2022-02-14,13.9,14.44,13.83,13.9,-0.08000000000000007,2055200,
2022-02-15,14.25,14.455,14.08,14.26,0.35999999999999943,1439700,
2022-02-16,14.28,14.57,14.07,14.46,0.20000000000000107,934000,
2022-02-17,14.3,14.43,13.83,13.86,-0.6000000000000014,889200,
2022-02-18,13.91,14.06,13.26,13.74,-0.11999999999999922,1398700,
2022-02-22,13.67,15.29,13.67,14.89,1.1500000000000004,3359200,
2022-02-23,14.99,14.99,14.27,14.29,-0.6000000000000014,1200500,
2022-02-24,13.82,14.44,13.25,14.42,0.13000000000000078,1411400,
2022-02-25,14.4,14.985,14.35,14.93,0.5099999999999998,1566400,
2022-02-28,14.75,15.02,14.56,14.91,-0.019999999999999574,1963500,
2022-03-01,14.8,14.89,14.28,14.57,-0.33999999999999986,1242500,
2022-03-02,14.59,15.5,14.58,15.23,0.6600000000000001,1299000,
2022-03-03,15.26,15.31,14.46,14.54,-0.6900000000000013,835800,
2022-03-04,14.42,14.64,14.095,14.58,0.040000000000000924,947700,
2022-03-07,14.62,15.12,13.88,13.94,-0.6400000000000006,1249000,
2022-03-08,13.95,14.52,13.76,13.8,-0.1399999999999988,1467300,
2022-03-09,14.11,14.5,14,14.26,0.4599999999999991,1109500,
2022-03-10,14,14.32,13.76,13.99,-0.2699999999999996,1020800,
2022-03-11,14.11,14.22,13.54,13.55,-0.4399999999999995,1101000,
2022-03-14,13.59,13.81,13.15,13.41,-0.14000000000000057,1218300,
2022-03-15,13.66,14.37,13.58,14.18,0.7699999999999996,1946400,
2022-03-16,14.34,14.71,14.11,14.5,0.3200000000000003,2145400,
2022-03-17,14.33,14.78,14.26,14.49,-0.009999999999999787,2155300,
2022-03-18,14.48,14.77,14.38,14.39,-0.09999999999999964,9698100,
2022-03-21,14.4,14.82,14.32,14.69,0.29999999999999893,2138300,
2022-03-22,14.82,14.82,14.39,14.49,-0.1999999999999993,1682100,
2022-03-23,14.39,14.87,14.34,14.74,0.25,1204600,
2022-03-24,14.75,15.23,14.7,15.07,0.33000000000000007,1122600,
2022-03-25,15.05,15.12,14.455,14.5,-0.5700000000000003,1872200,
2022-03-28,14.5,14.66,14.18,14.35,-0.15000000000000036,727100,
2022-03-29,14.45,14.86,14.45,14.82,0.47000000000000064,1203600,
2022-03-30,14.79,15.59,14.6,15.25,0.4299999999999997,2139900,
2022-03-31,15.16,15.5815,14.82,14.85,-0.40000000000000036,907700,
2022-04-01,14.85,14.87,13.32,14.1,-0.75,3100100,
2022-04-04,14.08,14.46,13.92,14.4,0.3000000000000007,896400,
2022-04-05,14.3,14.46,13.85,13.89,-0.5099999999999998,867100,
2022-04-06,13.74,14.09,13.36,13.99,0.09999999999999964,1033900,
2022-04-07,14,14.01,13.5,13.88,-0.10999999999999943,443700,
2022-04-08,13.84,13.975,13.55,13.8,-0.08000000000000007,727800,
2022-04-11,13.68,13.89,13.56,13.59,-0.21000000000000085,551700,
2022-04-12,13.41,13.76,13.06,13.17,-0.41999999999999993,1486700,
2022-04-13,13.34,13.48,13.11,13.43,0.2599999999999998,704900,
2022-04-14,13.37,13.68,13.34,13.63,0.20000000000000107,623800,
2022-04-18,13.49,13.72,13.37,13.59,-0.040000000000000924,391900,
2022-04-19,13.65,14.465,13.59,14.34,0.75,814400,
2022-04-20,14.44,14.59,14.2596,14.41,0.07000000000000028,645400,
2022-04-21,14.51,14.63,14.175,14.32,-0.08999999999999986,752600,
2022-04-22,14.2,14.55,14.17,14.35,0.02999999999999936,599300,
2022-04-25,14.21,14.54,14.21,14.49,0.14000000000000057,561500,
2022-04-26,14.34,14.365,13.59,13.68,-0.8100000000000005,522200,
2022-04-27,13.63,13.74,13.28,13.32,-0.35999999999999943,478700,
2022-04-28,13.35,13.72,13.15,13.66,0.33999999999999986,525500,
2022-04-29,13.61,13.84,13.25,13.28,-0.3800000000000008,521900,
2022-05-02,13.3,13.45,12.9232,13.45,0.16999999999999993,621200,
2022-05-03,13.4,13.57,13.13,13.53,0.08000000000000007,696400,
2022-05-04,13.6,14.08,13.26,14.03,0.5,769000,
2022-05-05,13.85,13.9,13.24,13.38,-0.6499999999999986,817000,
2022-05-06,13.27,13.55,12.93,13.12,-0.26000000000000156,768500,
2022-05-09,13.03,13.125,12.38,12.5,-0.6199999999999992,795800,
2022-05-10,12.7,12.7,11.98,12.21,-0.28999999999999915,899100,
2022-05-11,12.56,13.22,12.3352,12.67,0.4599999999999991,1113800,
2022-05-12,12.56,13.11,12.35,13.09,0.41999999999999993,930400,
2022-05-13,13.78,14.64,13.59,14.45,1.3599999999999994,1627900,
2022-05-16,14.24,14.64,14.071,14.44,-0.009999999999999787,1197600,
2022-05-17,14.65,14.85,14.43,14.49,0.05000000000000071,845900,
2022-05-18,14.35,14.5,13.97,14.09,-0.40000000000000036,653700,
2022-05-19,13.95,14.78,13.95,14.49,0.40000000000000036,687400,
2022-05-20,14.6,14.725,13.52,13.86,-0.6300000000000008,614600,
2022-05-23,13.98,14.36,13.84,14.26,0.40000000000000036,811200,
2022-05-24,14.13,14.33,13.915,14.1,-0.16000000000000014,480200,
2022-05-25,14.05,14.5799,14.0243,14.45,0.34999999999999964,483800,
2022-05-26,14.55,14.8602,14.545,14.6,0.15000000000000036,480300,
2022-05-27,14.68,14.87,14.63,14.82,0.22000000000000064,428400,
2022-05-31,14.62,14.97,14.5,14.82,0,859800,
2022-06-01,14.88,15.03,14.36,14.9,0.08000000000000007,937300,
2022-06-02,14.9,15.005,14.5,14.69,-0.21000000000000085,399000,
2022-06-03,14.54,14.54,14.22,14.26,-0.4299999999999997,429500,
2022-06-06,14.34,14.38,14.16,14.28,0.019999999999999574,325800,
2022-06-07,14.15,14.5,14.08,14.3,0.02000000000000135,338700,
2022-06-08,14.19,14.37,13.92,13.96,-0.33999999999999986,397700,
2022-06-09,13.91,14.1,13.63,13.66,-0.3000000000000007,358700,
2022-06-10,13.44,13.5817,13.2012,13.44,-0.22000000000000064,579800,
2022-06-13,13.16,13.34,12.7842,12.84,-0.5999999999999996,482800,
2022-06-14,12.83,12.98,12.6144,12.84,0,561400,
2022-06-15,12.94,13.27,12.89,13.06,0.22000000000000064,541400,
2022-06-16,12.76,12.7699,12.3,12.38,-0.6799999999999997,542400,
2022-06-17,12.51,12.9,12.33,12.84,0.4599999999999991,664900,
2022-06-21,13.05,13.23,12.8,13.12,0.27999999999999936,344800,
2022-06-22,12.85,13.28,12.85,13.22,0.10000000000000142,372600,
2022-06-23,13.29,14.02,13.28,14,0.7799999999999994,521900,
2022-06-24,14.08,14.75,13.9575,14.75,0.75,3862900,
2022-06-27,14.68,14.73,14.0275,14.3,-0.4499999999999993,639300,
2022-06-28,14.39,14.41,13.68,13.71,-0.5899999999999999,404800,
2022-06-29,13.37,13.67,13.37,13.58,-0.13000000000000078,564400,
2022-06-30,13.56,13.825,13.29,13.6,0.019999999999999574,552200,
2022-07-01,13.52,13.79,13.465,13.6,0,352100,
2022-07-05,13.42,13.88,13.34,13.86,0.2599999999999998,470200,
2022-07-06,13.91,13.99,13.63,13.81,-0.049999999999998934,435300,
2022-07-07,13.86,14.2075,13.77,14.13,0.3200000000000003,504800,
2022-07-08,14.11,14.27,13.921,14.13,0,406000,
2022-07-11,14.05,14.125,13.915,13.95,-0.1800000000000015,273100,
2022-07-12,13.9,14.08,13.79,13.85,-0.09999999999999964,201100,
2022-07-13,13.6,14.03,13.54,13.94,0.08999999999999986,317600,
2022-07-14,13.88,13.98,13.755,13.96,0.02000000000000135,293300,
2022-07-15,14.19,14.25,13.92,14.09,0.129999999999999,470200,
2022-07-18,14.12,14.32,14.08,14.22,0.13000000000000078,364000,
2022-07-19,14.36,14.56,14.22,14.55,0.33000000000000007,521500,
2022-07-20,14.51,14.91,14.51,14.73,0.17999999999999972,367200,
2022-07-21,14.7,14.7,14.45,14.58,-0.15000000000000036,393100,
2022-07-22,14.54,14.63,14.355,14.5,-0.08000000000000007,269600,
2022-07-25,14.5,14.66,14.3,14.64,0.14000000000000057,244900,
2022-07-26,14.52,14.7,14.33,14.37,-0.27000000000000135,295700,
2022-07-27,14.54,14.639,14.16,14.35,-0.019999999999999574,451500,
2022-07-28,14.32,14.46,14.24,14.29,-0.0600000000000005,274000,
2022-07-29,14.33,14.33,14.07,14.28,-0.009999999999999787,571300,
2022-08-01,14.22,14.53,14.1059,14.38,0.10000000000000142,402300,
2022-08-02,14.36,14.525,14.2,14.44,0.05999999999999872,385900,
2022-08-03,14.5,14.59,14.3131,14.5,0.0600000000000005,654300,
2022-08-04,14.49,14.685,14.29,14.47,-0.02999999999999936,703900,
2022-08-05,14.42,14.49,14.24,14.35,-0.120000000000001,493200,
2022-08-08,14.41,14.87,14.385,14.52,0.16999999999999993,1919300,
2022-08-09,14.49,14.7,14.36,14.47,-0.049999999999998934,436100,
2022-08-10,14.69,14.7,14.47,14.5,0.02999999999999936,334700,
2022-08-11,14.63,14.69,14.43,14.48,-0.019999999999999574,466500,
2022-08-12,14.56,14.82,14.46,14.79,0.3099999999999987,787800,
2022-08-15,14.75,15.65,14.47,14.65,-0.1399999999999988,2535500,
2022-08-16,14.48,14.61,13.86,14.52,-0.13000000000000078,1516600,
2022-08-17,13.21,13.51,12.3601,12.76,-1.7599999999999998,5707600,
2022-08-18,12.64,12.8,12.41,12.5,-0.2599999999999998,1632600,
2022-08-19,12.21,12.57,12.01,12.19,-0.3100000000000005,1822200,
2022-08-22,12.08,12.145,11.86,11.89,-0.29999999999999893,1486400,
2022-08-23,12.18,12.26,12.01,12.13,0.2400000000000002,1441000,
2022-08-24,12.12,12.26,11.95,11.96,-0.16999999999999993,970500,
2022-08-25,11.98,12.26,11.98,12.24,0.27999999999999936,787600,
2022-08-26,12.24,12.3487,11.92,11.94,-0.3000000000000007,848200,
2022-08-29,11.85,11.9979,11.78,11.8,-0.1399999999999988,898300,
2022-08-30,11.84,11.94,11.335,11.6,-0.20000000000000107,1415300,
2022-08-31,11.7,11.93,11.59,11.75,0.15000000000000036,1093100,
2022-09-01,11.6,11.745,11.455,11.72,-0.02999999999999936,822800,
2022-09-02,11.81,11.885,11.61,11.7,-0.02000000000000135,705300,
2022-09-06,11.67,12.21,11.67,11.94,0.2400000000000002,1077700,
2022-09-07,11.91,12.225,11.9,12.06,0.120000000000001,1434000,
2022-09-08,11.92,12.34,11.9,12.34,0.27999999999999936,858700,
2022-09-09,12.37,12.52,12.36,12.45,0.10999999999999943,859000,
2022-09-12,12.5,12.72,12.43,12.47,0.02000000000000135,771700,
2022-09-13,12.16,12.26,11.965,12.04,-0.4300000000000015,1109500,
2022-09-14,12.2,12.26,11.97,12.13,0.09000000000000163,790600,
2022-09-15,12.09,12.385,12.04,12.29,0.15999999999999837,832400,
2022-09-16,12.13,12.445,12.08,12.2,-0.08999999999999986,3621400,
2022-09-19,12.09,12.48,12.0733,12.46,0.26000000000000156,971800,
2022-09-20,12.29,12.61,12.1402,12.27,-0.19000000000000128,1068400,
2022-09-21,12.28,12.48,12.18,12.2,-0.07000000000000028,715300,
2022-09-22,12.13,12.32,11.96,12.12,-0.08000000000000007,1184300,
2022-09-23,11.93,12.06,11.46,11.67,-0.4499999999999993,887100,
2022-09-26,11.66,11.89,11.36,11.38,-0.28999999999999915,893300,
2022-09-27,11.52,11.67,11.25,11.47,0.08999999999999986,935700,
2022-09-28,11.47,11.845,11.36,11.76,0.28999999999999915,741400,
2022-09-29,11.61,11.75,11.35,11.46,-0.29999999999999893,675400,
2022-09-30,11.42,11.81,11.37,11.53,0.06999999999999851,760100,
2022-10-03,11.61,12.045,11.535,12.01,0.4800000000000004,760400,
2022-10-04,12.1,12.47,11.8,11.87,-0.14000000000000057,1351100,
2022-10-05,11.74,12.295,11.6725,12.27,0.40000000000000036,732800,
2022-10-06,12.36,13.005,12.35,12.74,0.47000000000000064,1572300,
2022-10-07,12.6,12.88,12.37,12.8,0.0600000000000005,1143400,
2022-10-10,12.78,13.002,12.525,12.59,-0.21000000000000085,1088900,
2022-10-11,12.53,12.82,12.22,12.59,0,1043400,
2022-10-12,12.58,12.81,12.49,12.76,0.16999999999999993,633700,
2022-10-13,12.54,13.055,12.41,12.99,0.23000000000000043,805700,
2022-10-14,13.03,13.095,12.8,12.84,-0.15000000000000036,403700,
2022-10-17,13.04,13.14,12.87,12.93,0.08999999999999986,581500,
2022-10-18,13.08,14.03,12.9436,13.2,0.2699999999999996,5267700,
2022-10-19,13.1,13.425,13.0301,13.39,0.19000000000000128,802200,
2022-10-20,13.26,13.7598,13.26,13.69,0.29999999999999893,944200,
2022-10-21,13.71,14.065,13.6,14.01,0.3200000000000003,742400,
2022-10-24,13.95,14.295,13.82,14.24,0.23000000000000043,652000,
2022-10-25,14.21,14.515,14.12,14.35,0.10999999999999943,562700,
2022-10-26,14.49,14.61,14.11,14.15,-0.1999999999999993,709500,
2022-10-27,14.29,14.43,14.135,14.2,0.049999999999998934,553300,
2022-10-28,14.29,14.55,14.215,14.4,0.20000000000000107,720400,
2022-10-31,14.42,14.53,14.26,14.35,-0.05000000000000071,441200,
2022-11-01,14.48,14.52,14.35,14.45,0.09999999999999964,449700,
2022-11-02,14.35,14.39,14,14,-0.4499999999999993,634500,
2022-11-03,13.92,14.16,13.84,13.98,-0.019999999999999574,688000,
2022-11-04,14.1,14.32,13.89,14.32,0.33999999999999986,835600,
2022-11-07,14.33,14.52,14.24,14.49,0.16999999999999993,487600,
2022-11-08,14.52,14.595,14.425,14.51,0.019999999999999574,502400,
2022-11-09,14.45,14.54,14.16,14.16,-0.34999999999999964,729800,
2022-11-10,14.38,14.54,13.9701,14.22,0.0600000000000005,933900,
2022-11-11,14.32,14.46,14.11,14.26,0.03999999999999915,1001700,
2022-11-14,14.3,14.36,14.01,14.17,-0.08999999999999986,1060600,
2022-11-15,14.01,14.5,13.94,14.49,0.3200000000000003,1153300,
2022-11-16,14.54,14.76,14.255,14.55,0.0600000000000005,1595500,
2022-11-17,14.49,14.815,14.38,14.71,0.16000000000000014,1785600,
2022-11-18,14.93,15.425,14.87,15.23,0.5199999999999996,1713600,
2022-11-21,15.19,15.88,15.19,15.61,0.379999999999999,1518500,
2022-11-22,15.78,16.04,15.59,15.77,0.16000000000000014,1129300,
2022-11-23,15.77,15.915,15.48,15.89,0.120000000000001,613100,
2022-11-25,15.92,16.04,15.84,15.98,0.08999999999999986,308200,
2022-11-28,15.92,16.06,15.305,15.38,-0.5999999999999996,1106800,
2022-11-29,15.35,15.4,14.76,15.2,-0.1800000000000015,1218100,
2022-11-30,15.27,15.47,15.065,15.42,0.22000000000000064,882100,
2022-12-01,15.34,15.46,14.895,14.96,-0.4599999999999991,918500,
2022-12-02,14.98,15.83,14.9,15.83,0.8699999999999992,803600,
2022-12-05,15.8,15.82,15.05,15.18,-0.6500000000000004,867000,
2022-12-06,15.21,15.32,14.685,14.86,-0.3200000000000003,670100,
2022-12-07,14.82,14.835,14.43,14.43,-0.4299999999999997,1499300,
2022-12-08,14.48,14.645,14.29,14.64,0.21000000000000085,685000,
2022-12-09,14.58,14.6,14.27,14.27,-0.370000000000001,537500,
2022-12-12,14.25,14.81,14.18,14.8,0.5300000000000011,669700,
2022-12-13,15.12,15.2,14.62,14.62,-0.1800000000000015,805300,
2022-12-14,14.63,14.715,14.35,14.54,-0.08000000000000007,752600,
2022-12-15,14.5,14.5,13.06,13.3,-1.2399999999999984,1891500,
2022-12-16,13.01,13.06,11.54,11.74,-1.5600000000000005,4583800,
2022-12-19,11.66,11.75,11,11.15,-0.5899999999999999,2700200,
2022-12-20,11.07,11.195,10.39,11.05,-0.09999999999999964,2507700,
2022-12-21,11.07,11.07,10.44,10.83,-0.22000000000000064,1512200,
2022-12-22,10.65,10.9,10.51,10.76,-0.07000000000000028,883100,
2022-12-23,10.69,10.705,10.27,10.48,-0.27999999999999936,987600,
2022-12-27,10.52,10.59,10.26,10.37,-0.11000000000000121,689500,
2022-12-28,10.31,10.555,10.215,10.36,-0.009999999999999787,926800,
2022-12-29,10.41,10.52,10.3694,10.39,0.030000000000001137,746700,
2022-12-30,10.3,10.415,10.21,10.32,-0.07000000000000028,645600,
2023-01-03,10.49,10.55,10.28,10.45,0.129999999999999,1064400,
2023-01-04,10.47,10.78,10.37,10.65,0.20000000000000107,730500,
2023-01-05,10.6,10.83,10.47,10.77,0.11999999999999922,814900,
2023-01-06,10.87,11.15,10.742,11.13,0.3600000000000012,910100,
2023-01-09,11.21,11.27,10.9417,10.97,-0.16000000000000014,1149100,
2023-01-10,10.96,11.24,10.95,11.16,0.1899999999999995,533000,
2023-01-11,11.21,11.385,11.16,11.29,0.129999999999999,706900,
2023-01-12,11.32,11.65,11.32,11.54,0.25,836400,
2023-01-13,11.41,11.85,11.41,11.69,0.15000000000000036,802000,
2023-01-17,11.34,11.69,11.26,11.62,-0.07000000000000028,786100,
2023-01-18,11.69,11.77,11.5,11.6,-0.019999999999999574,671200,
2023-01-19,11.57,11.88,11.52,11.74,0.14000000000000057,777700,
2023-01-20,11.88,12.05,11.6,11.6,-0.14000000000000057,987800,
2023-01-23,11.61,12.01,11.61,11.97,0.370000000000001,861000,
2023-01-24,11.94,12.005,11.68,11.74,-0.23000000000000043,513600,
2023-01-25,11.68,12.015,11.57,11.98,0.2400000000000002,725500,
2023-01-26,12.06,12.15,11.795,11.99,0.009999999999999787,974200,
2023-01-27,11.88,12.19,11.86,12.16,0.16999999999999993,485500,
2023-01-30,12.12,12.29,12.02,12.18,0.019999999999999574,492100,
2023-01-31,12.27,12.36,12.11,12.2,0.019999999999999574,677900,
2023-02-01,12.19,12.71,12.13,12.62,0.41999999999999993,654800,
2023-02-02,12.66,12.885,12.54,12.84,0.22000000000000064,674400,
2023-02-03,12.7,12.93,12.62,12.81,-0.02999999999999936,475600,
2023-02-06,12.68,12.86,12.57,12.65,-0.16000000000000014,445200,
2023-02-07,12.56,12.61,12.33,12.59,-0.0600000000000005,351800,
2023-02-08,12.54,12.63,12.33,12.45,-0.14000000000000057,412300,
2023-02-09,12.57,12.63,12.165,12.24,-0.20999999999999908,483700,
2023-02-10,12.26,12.295,12.13,12.22,-0.019999999999999574,396200,
2023-02-13,12.25,12.59,12.18,12.55,0.33000000000000007,682500,
2023-02-14,12.43,12.455,12.13,12.24,-0.3100000000000005,1003800,
2023-02-15,13,13.25,12.51,13.07,0.8300000000000001,1700000,
2023-02-16,13,13.67,12.97,13.58,0.5099999999999998,1269200,
2023-02-17,13.59,13.59,12.925,13.11,-0.47000000000000064,832900,
2023-02-21,12.96,13.375,12.96,13.11,0,646800,
2023-02-22,13.07,13.465,13.07,13.4,0.2900000000000009,696700,
2023-02-23,13.35,13.44,12.93,13.14,-0.2599999999999998,635600,
2023-02-24,13.03,13.0885,12.83,12.89,-0.25,435800,
2023-02-27,13.01,13.6,12.855,12.89,0,1357000,
2023-02-28,12.96,13.0899,12.805,13.01,0.11999999999999922,664400,
2023-03-01,13,13.38,12.95,12.97,-0.03999999999999915,1604700,
2023-03-02,12.9,13.4192,12.7314,13.32,0.34999999999999964,1070100,
2023-03-03,13.34,13.805,13.34,13.5,0.17999999999999972,990400,
2023-03-06,13.53,13.85,13.52,13.68,0.17999999999999972,743200,
2023-03-07,13.68,13.775,13.4489,13.5,-0.17999999999999972,601000,
2023-03-08,13.43,13.51,13.275,13.39,-0.10999999999999943,474800,
2023-03-09,13.4,13.62,13.4,13.45,0.05999999999999872,640900,
2023-03-10,13.42,13.64,13.21,13.3,-0.14999999999999858,762635,
2023-03-13,13.1,13.715,13.07,13.38,0.08000000000000007,786100,
2023-03-14,13.6,14.145,13.56,14.12,0.7399999999999984,960500,
2023-03-15,13.93,14.47,13.8955,14.35,0.23000000000000043,937300,
2023-03-16,14.21,14.61,14.2,14.31,-0.03999999999999915,829800,
2023-03-17,14.2,14.495,14.135,14.22,-0.08999999999999986,1192800,
2023-03-20,14.22,14.48,14.2,14.22,0,582200,
2023-03-21,14.36,14.6,14.35,14.41,0.1899999999999995,744400,
2023-03-22,14.92,15.88,14.9,15.31,0.9000000000000004,2139600,
2023-03-23,15.4,15.69,15.18,15.52,0.20999999999999908,1001000,
2023-03-24,15.52,15.76,15.38,15.71,0.19000000000000128,789900,
2023-03-27,15.73,15.77,15.345,15.38,-0.33000000000000007,723200,
2023-03-28,15.35,15.54,15.3,15.47,0.08999999999999986,676000,
2023-03-29,15.53,15.61,15.27,15.55,0.08000000000000007,730300,
2023-03-30,15.55,15.58,15.32,15.52,-0.030000000000001137,678300,
2023-03-31,15.58,15.59,15.475,15.55,0.030000000000001137,861800,
2023-04-03,15.47,15.56,15.39,15.45,-0.10000000000000142,603600,
2023-04-04,15.5,15.56,15.36,15.55,0.10000000000000142,702600,
2023-04-05,15.52,15.55,15.37,15.51,-0.040000000000000924,574600,
2023-04-06,15.5,15.51,14.95,15.03,-0.4800000000000004,1060800,
2023-04-10,14.96,15.5,14.8923,15.41,0.3800000000000008,898200,
2023-04-11,15.37,15.52,15.3,15.43,0.019999999999999574,611400,
2023-04-12,15.51,15.565,15.255,15.33,-0.09999999999999964,659300,
2023-04-13,15.39,15.48,15.24,15.31,-0.019999999999999574,500900,
2023-04-14,15.3,15.44,14.84,14.88,-0.4299999999999997,576500,
2023-04-17,14.95,15.06,14.62,14.72,-0.16000000000000014,935900,
2023-04-18,14.85,15.03,14.64,14.65,-0.07000000000000028,638600,
2023-04-19,14.69,14.77,14.53,14.74,0.08999999999999986,699000,
2023-04-20,14.72,15.025,14.68,14.86,0.11999999999999922,590800,
2023-04-21,14.89,15.41,14.89,15.3,0.4400000000000013,940000,
2023-04-24,15.32,15.34,15.11,15.21,-0.08999999999999986,850100,
2023-04-25,15.01,15.555,14.95,15.47,0.2599999999999998,904500,
2023-04-26,15.55,15.55,15.065,15.12,-0.3500000000000014,806700,
2023-04-27,15.21,15.45,15.14,15.44,0.3200000000000003,504800,
2023-04-28,15.41,15.539,15.3,15.38,-0.05999999999999872,623700,
2023-05-01,15.37,15.89,15.06,15.11,-0.27000000000000135,1044600,
2023-05-02,15.08,15.105,14.665,14.88,-0.22999999999999865,841400,
2023-05-03,14.87,15.01,14.68,14.71,-0.16999999999999993,754200,
2023-05-04,14.66,14.875,14.59,14.76,0.049999999999998934,643000,
2023-05-05,14.86,15.045,14.82,14.97,0.21000000000000085,610500,
2023-05-08,14.94,15.05,14.77,14.84,-0.13000000000000078,884500,
2023-05-09,14.84,15.33,14.79,15.2,0.35999999999999943,938100,
2023-05-10,15.25,15.32,14.765,14.99,-0.20999999999999908,1180000,
2023-05-11,15.3,15.545,14.2122,15.14,0.15000000000000036,1962300,
2023-05-12,15.4,15.79,15.035,15.09,-0.05000000000000071,1071900,
2023-05-15,15.1,15.23,14.87,15.08,-0.009999999999999787,814200,
2023-05-16,15.04,15.07,14.26,14.94,-0.14000000000000057,1227100,
2023-05-17,14.98,15.24,14.9,15.17,0.23000000000000043,772300,
2023-05-18,15.18,15.27,14.65,14.92,-0.25,821000,
2023-05-19,15.06,15.06,14.86,15,0.08000000000000007,750300,
2023-05-22,15.02,15.52,14.95,15.46,0.46000000000000085,787300,
2023-05-23,15.4,15.5,14.89,14.95,-0.5100000000000016,679900,
2023-05-24,14.91,15,14.675,14.94,-0.009999999999999787,626100,
2023-05-25,14.94,15.04,14.745,14.78,-0.16000000000000014,793600,
2023-05-26,14.76,14.92,14.725,14.81,0.030000000000001137,636400,
2023-05-30,14.82,15.09,14.82,14.98,0.16999999999999993,1353300,
2023-05-31,14.96,15.11,14.83,14.94,-0.040000000000000924,1220200,
2023-06-01,15.05,15.63,14.91,15.63,0.6900000000000013,855600,
2023-06-02,15.65,15.71,15.35,15.45,-0.1800000000000015,1140200,
2023-06-05,15.33,15.62,15.33,15.4,-0.049999999999998934,1077900,
2023-06-06,15.45,15.56,15.43,15.48,0.08000000000000007,1272100,
2023-06-07,15.58,15.77,15.4,15.44,-0.040000000000000924,1131400,
2023-06-08,15.39,15.47,15.25,15.31,-0.129999999999999,1077000,
2023-06-09,15.31,15.345,15.06,15.09,-0.22000000000000064,812500,
2023-06-12,15.11,15.215,14.84,14.85,-0.2400000000000002,1136500,
2023-06-13,14.92,14.94,14.713,14.91,0.0600000000000005,1382700,
2023-06-14,14.78,14.78,13.97,13.97,-0.9399999999999995,1689300,
2023-06-15,14.04,14.56,13.97,14.48,0.5099999999999998,1482300,
2023-06-16,14.65,14.73,14.4,14.41,-0.07000000000000028,1334000,
2023-06-20,14.31,14.31,13.935,14.09,-0.3200000000000003,1281800,
2023-06-21,14.08,14.39,14.06,14.26,0.16999999999999993,1076400,
2023-06-22,14.22,14.355,14.05,14.23,-0.02999999999999936,896300,
2023-06-23,14.5,14.625,14.205,14.28,0.049999999999998934,4020200,
2023-06-26,14.18,14.435,14.015,14.37,0.08999999999999986,1089500,
2023-06-27,14.4,14.91,14.38,14.7,0.33000000000000007,1454600,
2023-06-28,14.66,14.86,14.6,14.79,0.08999999999999986,1230300,
2023-06-29,14.78,14.86,14.73,14.77,-0.019999999999999574,858400,
2023-06-30,14.88,14.89,14.6,14.73,-0.03999999999999915,694400,
2023-07-03,14.73,14.94,14.73,14.81,0.08000000000000007,420400,
2023-07-05,14.81,14.83,14.5,14.55,-0.2599999999999998,741500,
2023-07-06,14.5,14.5,14.185,14.3,-0.25,664700,
2023-07-07,14.34,14.54,14.33,14.52,0.21999999999999886,667500,
2023-07-10,14.47,15.4,14.47,15.3,0.7800000000000011,1326200,
2023-07-11,15.47,15.59,15.085,15.41,0.10999999999999943,1310800,
2023-07-12,15.58,15.77,15.2973,15.72,0.3100000000000005,1531400,
2023-07-13,15.79,15.88,15.46,15.46,-0.2599999999999998,775600,
2023-07-14,15.48,15.51,15.25,15.35,-0.11000000000000121,543600,
2023-07-17,15.27,15.57,15.1597,15.44,0.08999999999999986,821200,
2023-07-18,15.43,15.88,15.43,15.68,0.2400000000000002,1430100,
2023-07-19,15.71,16.22,15.71,15.95,0.2699999999999996,1399900,
2023-07-20,15.95,16.06,15.78,15.8,-0.14999999999999858,703800,
2023-07-21,15.95,15.99,15.64,15.68,-0.120000000000001,577100,
2023-07-24,15.69,15.78,15.49,15.66,-0.019999999999999574,518900,
2023-07-25,15.58,15.655,15.5,15.6,-0.0600000000000005,616700,
2023-07-26,15.7,15.72,15.46,15.52,-0.08000000000000007,575000,
2023-07-27,15.51,15.69,15.51,15.55,0.030000000000001137,790400,
2023-07-28,15.56,15.7,15.48,15.58,0.02999999999999936,703700,
2023-07-31,15.66,15.66,15.32,15.4,-0.17999999999999972,762800,
2023-08-01,15.39,15.39,15.02,15.29,-0.11000000000000121,643800,
2023-08-02,15.12,15.12,14.74,14.86,-0.4299999999999997,732500,
2023-08-03,14.81,14.97,14.605,14.89,0.030000000000001137,914000,
2023-08-04,14.9,15.08,14.82,14.84,-0.05000000000000071,587800,
2023-08-07,14.93,15.05,14.78,14.79,-0.05000000000000071,536000,
2023-08-08,14.68,14.7,14.37,14.38,-0.40999999999999837,529500,
2023-08-09,14.46,14.51,14.315,14.4,0.019999999999999574,702700,
2023-08-10,13.77,13.77,12.3301,12.43,-1.9700000000000006,3846500,
2023-08-11,12.56,13.17,12.51,12.95,0.5199999999999996,2618700,
2023-08-14,12.94,13.07,12.865,12.99,0.040000000000000924,1042300,
2023-08-15,12.96,13.44,12.9,13.27,0.27999999999999936,1361800,
2023-08-16,13.2,13.36,13.15,13.25,-0.019999999999999574,926600,
2023-08-17,13.29,13.38,12.91,12.92,-0.33000000000000007,1145900,
2023-08-18,12.81,13.185,12.81,13.01,0.08999999999999986,1290400,
2023-08-21,13.05,13.2,13.02,13.18,0.16999999999999993,1100200,
2023-08-22,13.22,13.4053,13.1702,13.34,0.16000000000000014,724900,
2023-08-23,13.35,13.45,13.15,13.37,0.02999999999999936,509200,
2023-08-24,13.33,13.34,13.135,13.19,-0.17999999999999972,716500,
2023-08-25,13.24,13.28,13.11,13.13,-0.05999999999999872,612900,
2023-08-28,13.22,13.31,13.2,13.24,0.10999999999999943,564300,
2023-08-29,13.19,13.34,13.17,13.34,0.09999999999999964,421900,
2023-08-30,13.35,13.615,13.32,13.53,0.1899999999999995,448800,
2023-08-31,13.55,13.77,13.37,13.39,-0.1399999999999988,814000,
2023-09-01,13.45,13.59,13.34,13.35,-0.040000000000000924,552700,
2023-09-05,13.36,13.36,13.15,13.24,-0.10999999999999943,837900,
2023-09-06,13.24,13.24,13.03,13.14,-0.09999999999999964,637700,
2023-09-07,13.12,13.17,13.02,13.08,-0.0600000000000005,539300,
2023-09-08,13.06,13.22,12.99,13.12,0.03999999999999915,944600,
2023-09-11,13.17,13.315,13.07,13.19,0.07000000000000028,990100,
2023-09-12,13.18,13.32,12.87,12.87,-0.3200000000000003,989600,
2023-09-13,12.88,13.095,12.84,13.06,0.19000000000000128,1197800,
2023-09-14,13.08,13.29,13.015,13.29,0.22999999999999865,902000,
2023-09-15,13.29,13.29,12.995,13.13,-0.15999999999999837,2174600,
2023-09-18,13.12,13.18,13.03,13.18,0.049999999999998934,761200,
2023-09-19,13.15,13.25,13.045,13.1,-0.08000000000000007,871300,
2023-09-20,13.1,13.31,13.03,13.05,-0.049999999999998934,438400,
2023-09-21,12.96,13.005,12.85,12.88,-0.16999999999999993,659800,
2023-09-22,12.87,13.02,12.775,12.79,-0.09000000000000163,700400,
2023-09-25,12.62,12.92,12.6,12.74,-0.049999999999998934,854000,
2023-09-26,12.68,12.72,12.53,12.53,-0.21000000000000085,761300,
2023-09-27,12.5,12.575,12.27,12.35,-0.17999999999999972,1050500,
2023-09-28,12.17,12.435,12.05,12.39,0.040000000000000924,948000,
2023-09-29,12.48,12.63,12.44,12.47,0.08000000000000007,683000,
2023-10-02,12.4,12.55,12.3,12.43,-0.040000000000000924,950900,
2023-10-03,12.51,12.735,12.43,12.51,0.08000000000000007,1398700,
2023-10-04,12.56,12.795,12.43,12.71,0.20000000000000107,738400,
2023-10-05,12.72,12.81,12.41,12.44,-0.27000000000000135,859500,
2023-10-06,12.38,12.63,12.23,12.35,-0.08999999999999986,1150200,
2023-10-09,12.31,12.43,12.06,12.42,0.07000000000000028,757000,
2023-10-10,12.45,12.69,12.425,12.45,0.02999999999999936,890000,
2023-10-11,12.45,12.55,12.05,12.06,-0.3899999999999988,1373000,
2023-10-12,12.06,12.08,11.725,11.8,-0.2599999999999998,1188700,
2023-10-13,11.77,11.78,11.61,11.7,-0.10000000000000142,1241600,
2023-10-16,11.81,12.325,11.7836,12.28,0.5800000000000001,1062300,
2023-10-17,12.25,12.62,12.25,12.44,0.16000000000000014,1125200,
2023-10-18,12.36,12.66,12.36,12.58,0.14000000000000057,814200,
2023-10-19,12.55,13,12.43,12.73,0.15000000000000036,990000,
2023-10-20,12.71,12.88,12.4,12.48,-0.25,1701500,
2023-10-23,12.52,13.09,12.45,12.68,0.1999999999999993,1222500,
2023-10-24,12.77,13.05,12.77,12.91,0.23000000000000043,797800,
2023-10-25,12.83,12.88,12.605,12.67,-0.2400000000000002,1181300,
2023-10-26,12.71,12.88,12.64,12.87,0.1999999999999993,896500,
2023-10-27,12.9,13.19,12.815,12.86,-0.009999999999999787,1333500,
2023-10-30,12.51,12.99,12.4,12.86,0,1543200,
2023-10-31,12.91,13.07,12.79,12.93,0.07000000000000028,950600,
2023-11-01,12.96,13.06,12.82,13.03,0.09999999999999964,930200,
2023-11-02,13.11,13.48,13.09,13.24,0.21000000000000085,941300,
2023-11-03,13.45,13.46,13.16,13.3,0.0600000000000005,974200,
2023-11-06,13.2,13.445,13.155,13.41,0.10999999999999943,1037400,
2023-11-07,13.44,13.505,13.3,13.43,0.019999999999999574,1059400,
2023-11-08,13.46,13.57,13.33,13.44,0.009999999999999787,1311800,
2023-11-09,12.5,12.71,11.52,12.56,-0.879999999999999,3850800,
2023-11-10,12.57,13.25,12.54,12.82,0.2599999999999998,1909400,
2023-11-13,12.82,13.28,12.78,13.13,0.3100000000000005,1283600,
2023-11-14,13.43,13.54,13.225,13.39,0.2599999999999998,1402500,
2023-11-15,13.43,13.54,13.27,13.35,-0.040000000000000924,1089800,
2023-11-16,13.34,13.36,13.09,13.11,-0.2400000000000002,1036500,
2023-11-17,13.18,13.22,13.015,13.04,-0.07000000000000028,946400,
2023-11-20,12.77,13.002,12.61,12.87,-0.16999999999999993,1155500,
2023-11-21,12.85,12.93,12.72,12.79,-0.08000000000000007,1028800,
2023-11-22,12.83,13.05,12.83,13,0.21000000000000085,923900,
2023-11-24,13.05,13.14,13,13.08,0.08000000000000007,416600,
2023-11-27,13,13.14,12.99,13.1,0.019999999999999574,734700,
2023-11-28,13.07,13.1,12.97,13,-0.09999999999999964,720400,
2023-11-29,13.04,13.105,12.99,13,0,594900,
2023-11-30,13,13.11,12.98,13,0,773300,
2023-12-01,12.95,13.23,12.95,13.23,0.23000000000000043,1025800,
2023-12-04,13.2,13.44,13.18,13.42,0.1899999999999995,750900,
2023-12-05,13.5,13.5,13.22,13.23,-0.1899999999999995,837400,
2023-12-06,13.29,13.44,12.99,13,-0.23000000000000043,619600,
2023-12-07,13.18,13.18,12.98,13.05,0.05000000000000071,786000,
2023-12-08,13.06,13.09,12.96,13.09,0.03999999999999915,754400,
2023-12-11,13.11,13.2587,13.03,13.24,0.15000000000000036,932500,
2023-12-12,13.29,13.46,13.1,13.15,-0.08999999999999986,953600,
2023-12-13,13.12,13.9,13.12,13.9,0.75,1000100,
2023-12-14,13.93,14.27,13.845,14.27,0.3699999999999992,1536400,
2023-12-15,14.38,14.41,14.13,14.21,-0.05999999999999872,1137200,
2023-12-18,14.29,14.49,14.14,14.48,0.2699999999999996,821500,
2023-12-19,14.45,14.8,14.45,14.78,0.29999999999999893,817300,
2023-12-20,14.79,15.24,14.76,14.77,-0.009999999999999787,803300,
2023-12-21,14.87,15.03,14.73,15.03,0.2599999999999998,503500,
2023-12-22,15.08,15.11,14.94,15.02,-0.009999999999999787,647800,
2023-12-26,15.01,15.33,14.97,15.26,0.2400000000000002,517500,
2023-12-27,15.3,15.41,15.22,15.41,0.15000000000000036,531100,
2023-12-28,15.31,15.38,15.23,15.25,-0.16000000000000014,421100,
2023-12-29,15.22,15.36,15.09,15.09,-0.16000000000000014,603800,
2024-01-02,15.02,15.07,14.665,14.73,-0.35999999999999943,622100,
2024-01-03,14.74,14.74,14.335,14.35,-0.3800000000000008,581500,
2024-01-04,14.44,14.44,14.15,14.32,-0.02999999999999936,546200,
2024-01-05,14.21,14.39,14.14,14.18,-0.14000000000000057,701000,
2024-01-08,14.17,14.625,14.17,14.52,0.33999999999999986,808300,
2024-01-09,14.35,14.38,14.125,14.24,-0.27999999999999936,558400,
2024-01-10,14.18,14.375,14.05,14.33,0.08999999999999986,725600,
2024-01-11,14.29,14.295,13.54,13.79,-0.5400000000000009,955700,
2024-01-12,13.96,13.96,13.63,13.71,-0.0799999999999983,744400,
2024-01-16,13.68,13.8,13.46,13.72,0.009999999999999787,984300,
2024-01-17,13.7,13.7,13.33,13.4,-0.3200000000000003,801400,
2024-01-18,13.48,13.865,13.48,13.84,0.4399999999999995,661800,
2024-01-19,13.92,13.93,13.675,13.85,0.009999999999999787,707700,
2024-01-22,13.79,14.11,13.725,13.79,-0.0600000000000005,834800,
2024-01-23,13.93,13.96,13.71,13.72,-0.06999999999999851,763200,
2024-01-24,13.75,13.84,13.5,13.65,-0.07000000000000028,533800,
2024-01-25,13.81,13.89,13.655,13.73,0.08000000000000007,367600,
2024-01-26,13.75,13.86,13.52,13.54,-0.19000000000000128,522100,
2024-01-29,13.55,13.67,13.43,13.65,0.11000000000000121,442800,
2024-01-30,13.54,13.6,13.355,13.52,-0.13000000000000078,480200,
2024-01-31,13.51,13.7401,13.29,13.29,-0.23000000000000043,683700,
2024-02-01,13.34,13.8,13.34,13.79,0.5,927200,
2024-02-02,13.67,13.75,13.4,13.58,-0.20999999999999908,762600,
2024-02-05,13.43,13.43,13.02,13.07,-0.5099999999999998,923900,
2024-02-06,13.06,13.3,13.02,13.28,0.20999999999999908,637300,
2024-02-07,13.34,13.47,13.275,13.31,0.030000000000001137,413200,
2024-02-08,13.27,13.56,13.24,13.52,0.20999999999999908,710200,
2024-02-09,13.57,13.605,13.4,13.56,0.040000000000000924,760600,
2024-02-12,13.59,13.87,13.59,13.83,0.2699999999999996,1041600,
2024-02-13,12.72,13.39,12.38,13.16,-0.6699999999999999,2866400,
2024-02-14,13.13,13.24,12.71,12.83,-0.33000000000000007,1535700,
2024-02-15,12.8,13.19,12.66,12.81,-0.019999999999999574,1391200,
2024-02-16,12.81,13.085,12.67,12.97,0.16000000000000014,985200,
2024-02-20,12.96,13.37,12.87,13.18,0.20999999999999908,1005300,
2024-02-21,13.08,13.465,12.99,13.32,0.14000000000000057,809700,
2024-02-22,13.33,13.395,13.09,13.17,-0.15000000000000036,666800,
2024-02-23,13.17,13.43,13.06,13.37,0.1999999999999993,508100,
2024-02-26,13.31,13.37,12.85,12.85,-0.5199999999999996,904600,
2024-02-27,12.88,12.99,12.57,12.72,-0.129999999999999,767100,
2024-02-28,12.63,12.82,12.55,12.78,0.05999999999999872,597100,
2024-02-29,12.96,13.02,12.77,12.94,0.16000000000000014,1414000,
2024-03-01,12.88,12.9,12.45,12.47,-0.46999999999999886,890000,
2024-03-04,12.41,12.71,12.38,12.56,0.08999999999999986,733500,
2024-03-05,12.58,12.94,12.55,12.8,0.2400000000000002,750500,
2024-03-06,12.9,12.9,12.64,12.72,-0.08000000000000007,580800,
2024-03-07,12.78,12.98,12.78,12.86,0.1399999999999988,486300,
2024-03-08,12.94,13.11,12.825,12.93,0.07000000000000028,499802,
2024-03-11,12.84,12.97,12.76,12.87,-0.0600000000000005,611600,
2024-03-12,12.85,12.8945,12.58,12.64,-0.22999999999999865,787100,
2024-03-13,12.54,12.605,11.885,11.97,-0.6699999999999999,1409800,
2024-03-14,11.95,11.98,11.525,11.86,-0.11000000000000121,1099900,
2024-03-15,11.76,11.975,11.73,11.87,0.009999999999999787,1159900,
2024-03-18,11.82,11.91,11.715,11.79,-0.08000000000000007,696000,
2024-03-19,11.78,11.9,11.68,11.75,-0.03999999999999915,768700,
2024-03-20,11.83,12.075,11.8,12.01,0.2599999999999998,637400,
2024-03-21,12.07,12.4675,12.04,12.3,0.2900000000000009,1304300,
2024-03-22,12.36,12.68,12.215,12.48,0.17999999999999972,1558400,
2024-03-25,12.42,12.5872,12.245,12.45,-0.030000000000001137,1370500,
2024-03-26,14.84,17.84,14.3409,17.35,4.900000000000002,43605600,
2024-03-27,17.42,17.53,15.05,15.35,-2.0000000000000018,24052100,
2024-03-28,15.35,15.63,14.91,15.235,-0.11500000000000021,7728600,
2024-04-01,15.18,15.35,14.9176,15.18,-0.054999999999999716,3612000,
2024-04-02,14.94,15.14,14.66,14.91,-0.2699999999999996,3217200,
2024-04-03,14.84,14.93,14.52,14.63,-0.27999999999999936,3544800,
2024-04-04,14.64,15.12,14.2,14.29,-0.34000000000000163,4268400,
2024-04-05,15.21,16.048,14.84,15.33,1.040000000000001,12004000,
2024-04-08,15.34,15.36,14.14,14.32,-1.0099999999999998,8686600,
2024-04-09,14.37,14.605,14.275,14.42,0.09999999999999964,4657900,
2024-04-10,14.28,15.0099,14.15,14.93,0.5099999999999998,3595700,
2024-04-11,14.84,15.11,14.76,14.99,0.0600000000000005,2002900,
2024-04-12,14.98,15.3,14.63,14.8,-0.1899999999999995,2358000,
2024-04-15,14.71,14.8517,14.25,14.31,-0.4900000000000002,2390500,
2024-04-16,14.25,14.25,13.77,14.06,-0.25,2463900,
2024-04-17,14.1,14.1,13.715,13.77,-0.2900000000000009,2042800,
2024-04-18,13.7,13.83,13.53,13.68,-0.08999999999999986,1462800,
2024-04-19,13.55,13.6899,13.41,13.64,-0.03999999999999915,1705300,
2024-04-22,13.59,13.68,13.29,13.4,-0.2400000000000002,2141300,
2024-04-23,13.29,13.545,13.13,13.17,-0.23000000000000043,2233200,
2024-04-24,13.2,13.2,12.845,13.02,-0.15000000000000036,2443400,
2024-04-25,12.88,13.25,12.84,13.1,0.08000000000000007,2328900,
2024-04-26,13.05,13.05,12.81,12.99,-0.10999999999999943,1665800,
2024-04-29,13.02,13.11,12.925,13.01,0.019999999999999574,1224500,
2024-04-30,12.88,12.88,12.64,12.65,-0.35999999999999943,1538100,
2024-05-01,12.63,12.66,12.42,12.49,-0.16000000000000014,1703300,
2024-05-02,12.55,12.775,12.43,12.65,0.16000000000000014,1547000,
2024-05-03,12.88,12.91,12.51,12.66,0.009999999999999787,1686900,
2024-05-06,12.87,12.965,12.67,12.88,0.22000000000000064,1892200,
2024-05-07,12.88,12.89,12.655,12.82,-0.0600000000000005,3106900,
2024-05-08,12.71,12.97,12.57,12.71,-0.10999999999999943,4345000,
2024-05-09,13.05,13.15,12.4,12.94,0.22999999999999865,4199900,
2024-05-10,12.98,13.25,12.83,13.01,0.07000000000000028,2133600,
2024-05-13,12.98,13.0999,12.28,12.32,-0.6899999999999995,2726400,
2024-05-14,12.42,12.45,11.85,11.91,-0.41000000000000014,4340100,
2024-05-15,11.92,12.01,11.65,11.82,-0.08999999999999986,3470100,
2024-05-16,11.9,12.075,11.68,11.92,0.09999999999999964,2194300,
2024-05-17,11.91,12.09,11.845,12.04,0.11999999999999922,1707100,
2024-05-20,12,12.07,11.785,11.98,-0.05999999999999872,1984200,
2024-05-21,11.96,11.97,11.645,11.69,-0.2900000000000009,1793200,
2024-05-22,11.69,11.79,11.605,11.7,0.009999999999999787,1144100,
2024-05-23,11.7,11.7386,11.22,11.31,-0.3899999999999988,2298200,
2024-05-24,11.31,11.3507,11.13,11.15,-0.16000000000000014,1497500,
2024-05-28,11.21,11.21,10.75,10.76,-0.39000000000000057,2597000,
2024-05-29,10.68,10.68,10.115,10.12,-0.6400000000000006,3438400,
2024-05-30,10.1,10.1999,9.985,10.16,0.040000000000000924,2345400,
2024-05-31,10.23,10.48,10.18,10.46,0.3000000000000007,2345600,
2024-06-03,11.07,11.51,10.61,10.63,0.16999999999999993,3680500,
2024-06-04,10.63,10.67,10.24,10.25,-0.3800000000000008,2501800,
2024-06-05,10.25,10.37,10.07,10.31,0.0600000000000005,2270900,
2024-06-06,10.32,10.81,10.29,10.72,0.41000000000000014,2276700,
2024-06-07,10.65,11.06,10.6,10.63,-0.08999999999999986,2126500,
2024-06-10,11.24,11.37,10.91,11.32,0.6899999999999995,4135100,
2024-06-11,11.37,11.7499,11.14,11.5,0.17999999999999972,3853100,
2024-06-12,11.61,12.135,11.515,12.07,0.5700000000000003,3831100,
2024-06-13,12.01,12.14,11.87,12.06,-0.009999999999999787,2194900,
2024-06-14,11.98,12.02,11.62,11.63,-0.4299999999999997,1838500,
2024-06-17,11.55,12.01,11.53,11.84,0.20999999999999908,1483500,
2024-06-18,11.79,11.84,11.41,11.57,-0.2699999999999996,1631900,
2024-06-20,11.52,11.56,11.21,11.34,-0.23000000000000043,1831300,
2024-06-21,11.32,11.37,11.07,11.27,-0.07000000000000028,1766800,
2024-06-24,11.22,11.26,11.02,11.13,-0.1399999999999988,1728000,
2024-06-25,11.15,11.15,10.89,11.11,-0.02000000000000135,1627200,
2024-06-26,11,11.15,10.86,10.89,-0.21999999999999886,1958600,
2024-06-27,10.91,10.91,10.61,10.62,-0.27000000000000135,1875600,
2024-06-28,10.62,10.81,10.47,10.76,0.14000000000000057,4298000,
2024-07-01,10.74,10.75,10.055,10.21,-0.5499999999999989,3094800,
2024-07-02,10.2,10.205,9.76,9.8,-0.41000000000000014,3619600,
2024-07-03,9.94,10.17,9.85,10.1,0.29999999999999893,1081000,
2024-07-05,10.05,10.24,9.985,10.22,0.120000000000001,1728200,
2024-07-08,10.23,10.3,10.005,10.04,-0.1800000000000015,1449000,
2024-07-09,10.05,10.1,9.73,9.74,-0.29999999999999893,1922900,
2024-07-10,9.8,9.87,9.7012,9.77,0.02999999999999936,1708000,
2024-07-11,9.85,10.28,9.85,10.26,0.4900000000000002,2222100,
2024-07-12,10.315,10.96,10.315,10.93,0.6699999999999999,4530300,
2024-07-15,10.98,11.17,10.645,10.66,-0.2699999999999996,2529700,
2024-07-16,10.75,11.08,10.71,11.04,0.379999999999999,1509300,
2024-07-17,10.96,11.57,10.93,11.47,0.4300000000000015,2368800,
2024-07-18,11.35,11.48,11.22,11.26,-0.21000000000000085,1265500,
2024-07-19,11.26,11.37,11.105,11.19,-0.07000000000000028,1133500,
2024-07-22,11.19,11.26,10.64,10.71,-0.47999999999999865,2103400,
2024-07-23,11.25,11.3,10.75,10.97,0.2599999999999998,2130500,
2024-07-24,10.82,10.82,10.505,10.56,-0.41000000000000014,1759100,
2024-07-25,10.55,10.92,10.51,10.84,0.27999999999999936,1728700,
2024-07-26,10.98,11.05,10.76,10.87,0.02999999999999936,1420300,
2024-07-29,10.75,10.78,10.385,10.58,-0.28999999999999915,1928600,
2024-07-30,10.54,10.785,10.32,10.76,0.17999999999999972,1880800,
2024-07-31,10.79,10.89,10.58,10.63,-0.129999999999999,1328100,
2024-08-01,10.75,10.8,10.33,10.43,-0.20000000000000107,1518400,
2024-08-02,10.19,10.24,9.9,10.1,-0.33000000000000007,2234800,
2024-08-05,9.51,9.925,9.51,9.7,-0.40000000000000036,2047600,
2024-08-06,9.74,9.9,9.58,9.62,-0.08000000000000007,1516000,
2024-08-07,9.64,9.77,9.18,9.2,-0.41999999999999993,3005700,
2024-08-08,9.57,10.77,9.4601,10.44,1.2400000000000002,3808000,
2024-08-09,10.22,10.59,10.085,10.58,0.14000000000000057,1988200,
2024-08-12,10.55,10.655,10.21,10.25,-0.33000000000000007,1724200,
2024-08-13,10.33,10.6155,10.115,10.23,-0.019999999999999574,1989100,
2024-08-14,10.3,10.42,10.05,10.32,0.08999999999999986,1561500,
2024-08-15,10.45,11.1,10.445,10.93,0.6099999999999994,1787000,
2024-08-16,10.87,11.115,10.82,11.09,0.16000000000000014,1355500,
2024-08-19,11.1,11.24,10.995,11.06,-0.02999999999999936,1770900,
2024-08-20,11.06,11.06,10.76,10.76,-0.3000000000000007,1136400,
2024-08-21,10.79,11.035,10.7501,10.89,0.13000000000000078,1022200,
2024-08-22,10.88,10.88,10.68,10.73,-0.16000000000000014,799200,
2024-08-23,10.83,10.9,10.64,10.69,-0.040000000000000924,895900,
2024-08-26,10.76,11.175,10.74,11.08,0.39000000000000057,1356600,
2024-08-27,10.98,11.015,10.76,10.97,-0.10999999999999943,1060200,
2024-08-28,10.86,10.975,10.67,10.86,-0.11000000000000121,1205900,
2024-08-29,10.95,11.125,10.8601,11.06,0.20000000000000107,1523300,
2024-08-30,11.12,11.31,11.005,11.27,0.20999999999999908,1565400,
2024-09-03,11.1,11.505,11.1,11.34,0.07000000000000028,1481300,
2024-09-04,11.3,11.63,11.143,11.56,0.22000000000000064,1289700,
2024-09-05,11.65,11.65,11.34,11.52,-0.040000000000000924,1178500,
2024-09-06,11.46,11.63,11.32,11.53,0.009999999999999787,1090100,
2024-09-09,11.53,11.66,11.34,11.47,-0.05999999999999872,1061700,
2024-09-10,11.45,11.65,11.38,11.58,0.10999999999999943,1032700,
2024-09-11,11.55,11.55,11.145,11.25,-0.33000000000000007,1375000,
2024-09-12,11.29,11.53,11.155,11.52,0.2699999999999996,1113300,
2024-09-13,11.64,11.93,11.57,11.75,0.23000000000000043,1249500,
2024-09-16,11.77,12.31,11.735,12.19,0.4399999999999995,1481600,
2024-09-17,12.29,12.535,12.25,12.4,0.21000000000000085,1350800,
2024-09-18,12.29,12.49,12.08,12.2,-0.20000000000000107,1080500,
2024-09-19,12.45,12.46,12.145,12.22,0.02000000000000135,1092200,
2024-09-20,12.14,12.15,11.9401,12.02,-0.20000000000000107,1577500,
2024-09-23,12.01,12.01,11.63,11.64,-0.379999999999999,1349800,
2024-09-24,11.64,11.69,11.34,11.37,-0.27000000000000135,1233700,
2024-09-25,11.34,11.36,11.03,11.08,-0.28999999999999915,1186700,
2024-09-26,11.15,11.44,11.1,11.11,0.02999999999999936,1135300,
2024-09-27,11.22,11.23,10.915,10.92,-0.1899999999999995,1369100,
2024-09-30,10.9,11.05,10.555,10.74,-0.17999999999999972,2014100,
2024-10-01,10.74,10.75,10.51,10.52,-0.22000000000000064,1121500,
2024-10-02,10.5,10.62,10.27,10.61,0.08999999999999986,1048900,
2024-10-03,10.49,10.89,10.43,10.87,0.2599999999999998,1000600,
2024-10-04,11,11.19,10.88,10.89,0.02000000000000135,1325100,
2024-10-07,10.92,10.945,10.36,10.52,-0.370000000000001,1932900,
2024-10-08,10.56,10.72,10.5,10.7,0.17999999999999972,841900,
2024-10-09,10.7,10.835,10.63,10.63,-0.06999999999999851,916000,
2024-10-10,10.63,11.14,10.56,11.12,0.48999999999999844,1351000,
2024-10-11,11.17,11.495,11.025,11.03,-0.08999999999999986,1532400,
2024-10-14,11.02,11.03,10.84,10.91,-0.11999999999999922,1161200,
2024-10-15,10.9,11.43,10.9,11.3,0.39000000000000057,1454600,
2024-10-16,11.38,11.57,11.31,11.49,0.1899999999999995,1321300,
2024-10-17,11.46,11.495,11.29,11.47,-0.019999999999999574,667600,
2024-10-18,11.5,11.65,11.345,11.59,0.11999999999999922,1002400,
2024-10-21,11.6,11.68,11.43,11.47,-0.11999999999999922,1192900,
2024-10-22,11.46,11.71,11.42,11.69,0.21999999999999886,1007800,
2024-10-23,11.61,11.69,11.415,11.43,-0.2599999999999998,749600,
2024-10-24,11.49,11.7,11.47,11.64,0.21000000000000085,1037600,
2024-10-25,11.71,11.82,11.475,11.52,-0.120000000000001,856200,
2024-10-28,11.61,11.75,11.47,11.65,0.13000000000000078,954000,
2024-10-29,11.57,11.82,11.46,11.5,-0.15000000000000036,1108800,
2024-10-30,11.54,11.65,11.19,11.2,-0.3000000000000007,1628900,
2024-10-31,11.21,11.45,11.02,11.37,0.16999999999999993,1637800,
2024-11-01,11.47,11.735,11.45,11.53,0.16000000000000014,1902800,
2024-11-04,11.5,11.84,11.5,11.82,0.2900000000000009,1667100,
2024-11-05,11.75,12.22,11.73,12.21,0.39000000000000057,2026900,
2024-11-06,12.5,12.68,12.29,12.42,0.20999999999999908,2770900,
2024-11-07,11.22,12.27,11,11.855,-0.5649999999999995,6590000,
2024-11-08,11.65,12.2075,11.42,11.425,-0.4299999999999997,2599300,
2024-11-11,11.5,11.8107,11.48,11.61,0.18499999999999872,1898400,
2024-11-12,11.52,11.53,11.18,11.31,-0.29999999999999893,2362700,
2024-11-13,11.24,11.25,10.845,10.88,-0.4299999999999997,2133700,
2024-11-14,10.97,11.35,10.89,11.08,0.1999999999999993,1367900,
2024-11-15,11.15,11.28,10.87,10.89,-0.1899999999999995,1148400,
2024-11-18,10.9,11.01,10.61,10.77,-0.120000000000001,1198100,
2024-11-19,10.69,10.865,10.625,10.83,0.0600000000000005,1140900,
2024-11-20,10.77,10.96,10.74,10.89,0.0600000000000005,790300,
2024-11-21,10.9,11.11,10.8,11.04,0.14999999999999858,828600,
2024-11-22,11.07,11.22,11.05,11.15,0.11000000000000121,951800,
2024-11-25,11.2,11.28,11.09,11.13,-0.019999999999999574,1253473,
2024-11-26,11.05,11.1,10.86,10.92,-0.21000000000000085,1043777,
2024-11-27,11.03,11.13,10.91,10.99,0.07000000000000028,863900,
2024-11-29,10.99,11.2069,10.96,11.02,0.02999999999999936,700800,
2024-12-02,11.06,11.08,10.88,10.95,-0.07000000000000028,1238000,
2024-12-03,10.88,10.98,10.745,10.89,-0.05999999999999872,1064500,
2024-12-04,10.83,10.895,10.62,10.73,-0.16000000000000014,1767600,
2024-12-05,10.73,10.78,10.41,10.43,-0.3000000000000007,1692700,
2024-12-06,10.48,10.515,10.23,10.23,-0.1999999999999993,1684000,
2024-12-09,10.29,10.425,10.14,10.14,-0.08999999999999986,2121900,
2024-12-10,10.15,10.225,9.87,10.11,-0.030000000000001137,1709700,
2024-12-11,10,10.1479,9.79,10.03,-0.08000000000000007,2393000,
2024-12-12,10.09,10.4,10.03,10.07,0.040000000000000924,1320200,
2024-12-13,10.04,10.07,9.84,9.88,-0.1899999999999995,1112500,
2024-12-16,9.85,9.93,9.67,9.7,-0.1800000000000015,1878800,
2024-12-17,9.67,9.94,9.62,9.73,0.030000000000001137,1622600,
2024-12-18,9.79,10.04,9.6,9.69,-0.040000000000000924,2169600,
2024-12-19,9.75,9.825,9.58,9.74,0.05000000000000071,1843400,
2024-12-20,9.65,9.68,9.3,9.46,-0.27999999999999936,5323800,
2024-12-23,9.44,9.65,9.335,9.48,0.019999999999999574,1648200,
2024-12-24,9.52,9.75,9.5,9.69,0.20999999999999908,1192100,
2024-12-26,9.67,9.78,9.535,9.73,0.040000000000000924,1427700,
2024-12-27,9.71,9.94,9.68,9.78,0.049999999999998934,1769200,
2024-12-30,9.69,9.72,9.545,9.55,-0.22999999999999865,1564900,
2024-12-31,9.63,10.06,9.62,9.93,0.379999999999999,1494100,
2025-01-02,9.96,10.0512,9.68,9.73,-0.1999999999999993,1299100,
2025-01-03,9.8,9.845,9.65,9.82,0.08999999999999986,997000,
2025-01-06,9.81,9.975,9.66,9.69,-0.13000000000000078,1269500,
2025-01-07,9.73,9.8,9.605,9.7,0.009999999999999787,1110600,
2025-01-08,9.58,9.605,9.315,9.32,-0.379999999999999,1649100,
2025-01-10,9.28,9.415,9.19,9.26,-0.0600000000000005,1379700,
2025-01-13,9.21,9.22,8.95,9.17,-0.08999999999999986,1563400,
2025-01-14,9.18,9.205,8.78,8.99,-0.17999999999999972,1519400,
2025-01-15,9.19,9.19,8.86,8.94,-0.05000000000000071,2262400,
2025-01-16,8.9,8.9,8.57,8.58,-0.35999999999999943,2742900,
2025-01-17,8.6299,8.6299,8.435,8.58,0,2823000,
2025-01-21,8.57,8.85,8.53,8.61,0.02999999999999936,2858600,
2025-01-22,8.58,8.8,8.46,8.7,0.08999999999999986,1719700,
2025-01-23,8.65,8.835,8.53,8.78,0.08000000000000007,1664700,
2025-01-24,8.75,9.007,8.675,8.94,0.16000000000000014,1553000,
2025-01-27,9.02,9.56,8.94,9.38,0.4400000000000013,2847700,
2025-01-28,9.33,9.36,9.07,9.13,-0.25,1184400,
2025-01-29,9.08,9.19,9.055,9.16,0.02999999999999936,967900,
2025-01-30,9.19,9.305,9.05,9.12,-0.040000000000000924,1184700,
2025-01-31,9.11,9.26,9.01,9.07,-0.049999999999998934,1739900,
2025-02-03,8.88,9.015,8.71,8.87,-0.20000000000000107,1335800,
2025-02-04,8.93,8.98,8.75,8.77,-0.09999999999999964,1328300,
2025-02-05,8.72,8.89,8.64,8.75,-0.019999999999999574,1904900,
2025-02-06,8.78,9,8.72,8.89,0.14000000000000057,1463300,
2025-02-07,8.84,8.85,8.53,8.62,-0.27000000000000135,1452800,
2025-02-10,8.63,8.63,8.41,8.43,-0.1899999999999995,1911800,
2025-02-11,8.4,8.895,8.34,8.87,0.4399999999999995,2044800,
2025-02-12,8.74,8.87,8.47,8.52,-0.34999999999999964,1515700,
2025-02-13,8.56,8.73,8.41,8.72,0.20000000000000107,1792800,
2025-02-14,8.8,8.88,8.465,8.55,-0.16999999999999993,1748300,
2025-02-18,8.59,9.31,8.57,9.11,0.5599999999999987,3161800,
2025-02-19,9.06,9.15,8.99,9.11,0,1718400,
2025-02-20,9.06,9.39,9.045,9.27,0.16000000000000014,1351000,
2025-02-21,9.36,9.43,9.09,9.15,-0.11999999999999922,1907500,
2025-02-24,9.17,9.265,9,9.13,-0.019999999999999574,2723500,
2025-02-25,6.46,7.29,6.35,7.13,-2.000000000000001,13508200,
2025-02-26,7,7.01,5.95,5.965,-1.165,17308700,
2025-02-27,5.99,6.41,5.875,6.2,0.23500000000000032,9002200,
2025-02-28,6.25,6.505,6.01,6.21,0.009999999999999787,5989400,
2025-03-03,6.31,6.5,6.11,6.11,-0.09999999999999964,3966300,
2025-03-04,6.05,6.2294,5.85,6.04,-0.07000000000000028,4771700,
2025-03-05,6.065,6.18,5.91,5.96,-0.08000000000000007,3433700,
2025-03-06,5.94,5.959,5.77,5.84,-0.1200000000000001,3387900,
2025-03-07,5.88,6.315,5.86,6.22,0.3799999999999999,4256902,
2025-03-10,6.12,6.17,5.86,5.9,-0.3199999999999994,2852400,
2025-03-11,5.91,5.92,5.305,5.405,-0.4950000000000001,6300700,
2025-03-12,5.47,5.71,5.4,5.545,0.13999999999999968,4443200,
2025-03-13,5.52,5.549,5.32,5.35,-0.19500000000000028,2739400,
2025-03-14,5.37,5.53,5.31,5.36,0.010000000000000675,2789400,
2025-03-17,5.42,5.51,5.34,5.41,0.04999999999999982,2045700,
2025-03-18,5.38,5.73,5.31,5.72,0.3099999999999996,4367100,
2025-03-19,5.7,5.7399,5.46,5.6,-0.1200000000000001,2296400,
2025-03-20,5.59,5.72,5.52,5.64,0.040000000000000036,2026700,
2025-03-21,5.56,5.58,5.4,5.5,-0.13999999999999968,2554600,
2025-03-24,5.5,5.625,5.48,5.59,0.08999999999999986,2061600,
2025-03-25,5.68,5.73,5.415,5.42,-0.16999999999999993,1897800,
2025-03-26,5.4,5.535,5.3842,5.42,0,2178200,
2025-03-27,5.4,5.585,5.3924,5.49,0.07000000000000028,2474300,
2025-03-28,5.47,5.48,4.96,5,-0.4900000000000002,4459300,
2025-03-31,4.91,5.025,4.87,4.92,-0.08000000000000007,3139700,
2025-04-01,4.94,5.02,4.78,4.86,-0.05999999999999961,5341500,
2025-04-02,4.82,4.97,4.78,4.95,0.08999999999999986,6507300,
2025-04-03,4.8,4.85,4.44,4.47,-0.4800000000000004,4422500,
2025-04-04,4.29,4.44,4.13,4.41,-0.05999999999999961,4392400,
2025-04-07,4.27,4.64,4.2,4.42,0.009999999999999787,4801800,
2025-04-08,4.6,4.6,3.92,4.03,-0.3899999999999997,4869500,
2025-04-09,3.96,4.48,3.95,4.42,0.3899999999999997,6259200,
2025-04-10,4.3,4.34,4.09,4.29,-0.1299999999999999,2946300,
2025-04-11,4.27,4.34,3.97,4.23,-0.05999999999999961,3460100,
2025-04-14,4.3,4.37,4.19,4.28,0.04999999999999982,2062200,
2025-04-15,4.29,4.36,4.01,4.05,-0.23000000000000043,2836800,
2025-04-16,4.02,4.1,3.91,3.98,-0.06999999999999984,2670500,
2025-04-17,3.99,4.16,3.97,4.15,0.17000000000000037,2782700,
2025-04-21,4.12,4.36,4.02,4.34,0.1899999999999995,3130200,
2025-04-22,4.375,4.43,4.255,4.32,-0.019999999999999574,4660900,
2025-04-23,4.46,4.58,4.315,4.48,0.16000000000000014,8499000,
2025-04-24,4.55,4.55,4.24,4.3,-0.1800000000000006,3205500,
2025-04-25,4.24,4.3701,4.2,4.33,0.03000000000000025,2245200,
2025-04-28,4.29,4.38,4.11,4.19,-0.13999999999999968,2634800,
2025-04-29,4.15,4.175,4.07,4.14,-0.05000000000000071,2648800,
2025-04-30,4.06,4.145,3.98,4.1,-0.040000000000000036,2569600,
2025-05-01,4.12,4.33,4.12,4.22,0.1200000000000001,2721600,
2025-05-02,4.22,4.39,4.175,4.31,0.08999999999999986,3028900,
2025-05-05,4.3,4.3591,4.23,4.27,-0.040000000000000036,1966800,
2025-05-06,4.29,4.415,4.165,4.36,0.09000000000000075,2330600,
2025-05-07,4.4,4.44,4.2,4.33,-0.03000000000000025,4866800,
2025-05-08,3.03,3.61,3.02,3.26,-1.0700000000000003,30547900,
2025-05-09,3.27,3.3,2.58,2.73,-0.5299999999999998,31902200,
2025-05-12,2.82,3.18,2.8,3.09,0.3599999999999999,16608500,
2025-05-13,3.13,3.31,3.04,3.21,0.1200000000000001,8926200,
2025-05-14,3.2,3.24,2.99,3.07,-0.14000000000000012,6694900,
2025-05-15,3.09,3.235,3.035,3.21,0.14000000000000012,5251500,
2025-05-16,3.21,3.285,3.16,3.17,-0.040000000000000036,4198100,
2025-05-19,3.1,3.15,3.03,3.13,-0.040000000000000036,4121200,
2025-05-20,3.14,3.175,3.1,3.14,0.010000000000000231,3861500,
2025-05-21,3.11,3.1382,2.96,2.96,-0.18000000000000016,3082600,
2025-05-22,2.95,2.995,2.9,2.95,-0.009999999999999787,3116300,
2025-05-23,2.92,2.95,2.85,2.91,-0.040000000000000036,2768300,
2025-05-27,2.97,3.0768,2.92,2.98,0.06999999999999984,3720300,
2025-05-28,2.96,2.98,2.88,2.91,-0.06999999999999984,2612800,
2025-05-29,2.9,2.97,2.87,2.93,0.020000000000000018,2091200,
2025-05-30,2.92,2.93,2.86,2.89,-0.040000000000000036,2089000,
2025-06-02,2.89,2.91,2.8409,2.86,-0.03000000000000025,2588700,
2025-06-03,2.85,2.99,2.77,2.96,0.10000000000000009,2890600,
2025-06-04,2.97,3.05,2.955,2.97,0.010000000000000231,2463000,
2025-06-05,2.98,3.03,2.9,2.92,-0.050000000000000266,2601000,
2025-06-06,2.93,2.955,2.86,2.92,0,2352700,
2025-06-09,2.93,3.01,2.92,2.99,0.07000000000000028,2521700,
2025-06-10,3.01,3.07,2.92,2.94,-0.050000000000000266,2488200,
2025-06-11,3.01,3.01,2.78,2.8,-0.14000000000000012,4963900,
2025-06-12,2.78,2.79,2.69,2.73,-0.06999999999999984,2727100,
2025-06-13,2.7,2.74,2.63,2.64,-0.08999999999999986,2647800,
2025-06-16,2.7,2.83,2.64,2.82,0.17999999999999972,4050700,
2025-06-17,2.78,2.79,2.695,2.72,-0.09999999999999964,2717400,
2025-06-18,2.7,2.74,2.66,2.67,-0.050000000000000266,2901900,
2025-06-20,2.69,2.76,2.58,2.67,0,5869400,
2025-06-23,2.65,2.69,2.57,2.62,-0.04999999999999982,3440900,
2025-06-24,2.64,2.72,2.5,2.6,-0.020000000000000018,5651900,
2025-06-25,2.622,2.65,2.525,2.57,-0.03000000000000025,2436300,
2025-06-26,2.61,2.68,2.561,2.67,0.10000000000000009,2459900,
2025-06-27,2.7,2.71,2.61,2.65,-0.020000000000000018,4150500,
2025-06-30,2.7,2.96,2.69,2.91,0.26000000000000023,6277800,
2025-07-01,2.91,3.215,2.8488,3.19,0.2799999999999998,9476900,
2025-07-02,3.19,3.45,3.16,3.44,0.25,5407100,
2025-07-03,3.47,3.48,3.245,3.32,-0.1200000000000001,3338400,
2025-07-07,3.3,3.3,3.07,3.13,-0.18999999999999995,4444600,
2025-07-08,3.165,3.37,3.141,3.33,0.20000000000000018,3731700,
2025-07-09,3.33,3.34,3.23,3.28,-0.050000000000000266,2562100,
2025-07-10,3.24,3.47,3.22,3.38,0.10000000000000009,2668200,
2025-07-11,3.34,3.385,3.29,3.33,-0.04999999999999982,2353800,
2025-07-14,3.3,3.3289,3.09,3.22,-0.10999999999999988,4076400,
2025-07-15,3.23,3.24,3.06,3.08,-0.14000000000000012,3663300,
2025-07-16,3.1,3.15,3.06,3.12,0.040000000000000036,2291100,
2025-07-17,3.11,3.15,3.09,3.11,-0.010000000000000231,1616200,
2025-07-18,3.14,3.2,3.09,3.13,0.020000000000000018,1905700,
2025-07-21,3.13,3.29,3.11,3.26,0.1299999999999999,3230400,
2025-07-22,3.28,4.185,3.26,4.13,0.8700000000000001,44218300,
2025-07-23,5.72,5.73,4.13,4.32,0.1900000000000004,152675200,
2025-07-24,4.12,4.7,4.01,4.31,-0.010000000000000675,33018900,
2025-07-25,4.36,4.48,4.05,4.42,0.11000000000000032,15528700,
2025-07-28,4.39,4.4289,4,4.11,-0.3099999999999996,11064400,
2025-07-29,4.02,4.06,3.7,3.78,-0.3300000000000005,8857000,
2025-07-30,3.79,3.93,3.65,3.8,0.020000000000000018,6455400,
2025-07-31,3.72,3.725,3.59,3.62,-0.17999999999999972,5711200,
2025-08-01,3.55,3.5697,3.4,3.44,-0.18000000000000016,5289700,
2025-08-04,3.47,3.74,3.4516,3.65,0.20999999999999996,4129900,
2025-08-05,3.66,3.69,3.56,3.64,-0.009999999999999787,3206000,
2025-08-06,3.63,3.66,3.41,3.42,-0.2200000000000002,4045500,
2025-08-07,2.91,3.46,2.9,3.18,-0.23999999999999977,9538400,
2025-08-08,3.215,3.215,3.065,3.08,-0.10000000000000009,3492900,
2025-08-11,3.06,3.28,3.0591,3.2,0.1200000000000001,6144000,
2025-08-12,3.249,3.47,3.249,3.31,0.10999999999999988,5054600,
2025-08-13,3.32,3.41,3.2,3.4,0.08999999999999986,4507900,
2025-08-14,3.29,3.5,3.25,3.5,0.10000000000000009,3512500,
2025-08-15,3.46,3.5365,3.4,3.48,-0.020000000000000018,2412800,
2025-08-18,3.46,3.57,3.415,3.54,0.06000000000000005,3147200,
2025-08-19,3.57,3.665,3.49,3.61,0.06999999999999984,4063600,
2025-08-20,3.59,3.62,3.45,3.5,-0.10999999999999988,3685800,
2025-08-21,3.44,3.48,3.37,3.48,-0.020000000000000018,2487100,
2025-08-22,3.49,3.7,3.48,3.7,0.2200000000000002,4841300,
2025-08-25,3.65,3.755,3.57,3.69,-0.010000000000000231,4804300,
2025-08-26,3.67,3.87,3.6301,3.73,0.040000000000000036,4639900,
2025-08-27,3.45,3.6354,3.35,3.6,-0.1299999999999999,4451100,
2025-08-28,3.62,3.64,3.49,3.565,-0.03500000000000014,2557600,
2025-08-29,3.56,3.71,3.49,3.55,-0.015000000000000124,2960800,
2025-09-02,3.5,3.54,3.33,3.34,-0.20999999999999996,3181100,
2025-09-03,3.35,3.41,3.3,3.31,-0.029999999999999805,3253800,
2025-09-04,3.33,3.43,3.28,3.4,0.08999999999999986,3971800,
2025-09-05,3.4,3.575,3.37,3.38,-0.020000000000000018,3206400,
2025-09-08,3.39,3.4,3.15,3.15,-0.22999999999999998,4658700,
2025-09-09,3.15,3.16,3.06,3.1,-0.04999999999999982,3245100,
2025-09-10,3.07,3.09,2.95,3,-0.10000000000000009,5005300,
2025-09-11,3,3.16,2.98,3.15,0.1499999999999999,2790400,
2025-09-12,3.17,3.24,3.08,3.16,0.010000000000000231,2554400,
2025-09-15,3.16,3.17,3.104,3.13,-0.03000000000000025,2239300,
2025-09-16,3.11,3.15,3.07,3.12,-0.009999999999999787,1740100,
2025-09-17,3.13,3.48,3.13,3.15,0.029999999999999805,10885700,
2025-09-18,3.35,3.7,3.26,3.64,0.4900000000000002,12090300,
2025-09-19,3.77,3.86,3.42,3.42,-0.2200000000000002,9529000,
2025-09-22,3.36,3.42,3.25,3.35,-0.06999999999999984,4331800,
2025-09-23,3.36,3.4601,3.23,3.26,-0.0900000000000003,4283100,
2025-09-24,3.27,3.37,3.25,3.31,0.050000000000000266,2666700,
2025-09-25,3.3,3.31,3.165,3.26,-0.050000000000000266,2678700,
2025-09-26,3.21,3.46,3.15,3.43,0.17000000000000037,6285800,
2025-09-29,3.48,3.64,3.345,3.57,0.13999999999999968,5797100,
2025-09-30,3.59,3.88,3.56,3.87,0.30000000000000027,7314600,
2025-10-01,3.85,3.95,3.66,3.83,-0.040000000000000036,4989600,
2025-10-02,3.81,3.85,3.65,3.76,-0.07000000000000028,4102700,
2025-10-03,3.74,3.83,3.66,3.78,0.020000000000000018,4594200,
2025-10-06,3.8,3.81,3.65,3.66,-0.11999999999999966,4528100,
2025-10-07,3.66,3.7,3.41,3.43,-0.22999999999999998,5774300,
2025-10-08,3.46,3.5,3.36,3.49,0.06000000000000005,4357300,
2025-10-09,3.49,3.49,3.41,3.43,-0.06000000000000005,2216200,
2025-10-10,3.43,3.4693,3.27,3.29,-0.14000000000000012,4318800,
2025-10-13,3.32,3.36,3.25,3.36,0.06999999999999984,2465400,
2025-10-14,3.29,3.56,3.2503,3.49,0.13000000000000034,4549400,
2025-10-15,3.54,3.5913,3.3,3.3,-0.1900000000000004,3416600,
2025-10-16,3.32,3.385,3.25,3.34,0.040000000000000036,4237000,
2025-10-17,3.33,3.36,3.2,3.22,-0.11999999999999966,3392500,
2025-10-20,3.25,3.37,3.22,3.26,0.03999999999999959,2385400,
2025-10-21,3.25,3.83,3.21,3.71,0.4500000000000002,22690900,
2025-10-22,4.66,5.11,3.88,4.03,0.3200000000000003,152842700,
2025-10-23,3.94,4.3076,3.87,4.11,0.08000000000000007,24528000,
2025-10-24,4.16,4.24,3.6,3.98,-0.13000000000000034,14500100,
2025-10-27,3.94,4.34,3.9,4.16,0.18000000000000016,11174800,
2025-10-28,4.05,4.175,3.99,4.04,-0.1200000000000001,6467000,
2025-10-29,3.99,4.04,3.78,3.79,-0.25,4413800,
2025-10-30,3.71,3.82,3.61,3.63,-0.16000000000000014,4802500,
2025-10-31,3.61,3.6496,3.455,3.59,-0.040000000000000036,5505200,
2025-11-03,3.55,3.74,3.55,3.68,0.0900000000000003,5516200,
2025-11-04,3.63,3.64,3.48,3.5,-0.18000000000000016,6386500,
2025-11-05,3.48,3.88,3.46,3.77,0.27,5836400,
2025-11-06,4.23,4.5,3.9,3.91,0.14000000000000012,12140200,
2025-11-07,3.89,4.28,3.84,4.16,0.25,8868100,
2025-11-10,4.21,4.35,4.12,4.29,0.1299999999999999,6572800,
2025-11-11,4.29,4.53,4.175,4.36,0.07000000000000028,7654400,
2025-11-12,4.41,4.46,4.01,4.03,-0.33000000000000007,6116200,
2025-11-13,4.01,4.04,3.89,3.92,-0.11000000000000032,4906200,
2025-11-14,3.87,4.115,3.855,4.08,0.16000000000000014,3796800,
2025-11-17,4.06,4.08,3.86,3.95,-0.1299999999999999,3312600,
2025-11-18,3.91,3.94,3.73,3.83,-0.1200000000000001,3991600,
2025-11-19,3.82,3.87,3.65,3.67,-0.16000000000000014,2816800,
2025-11-20,3.71,3.84,3.62,3.64,-0.029999999999999805,3583300,
2025-11-21,3.66,3.79,3.61,3.73,0.08999999999999986,4226300,
2025-11-24,3.745,3.745,3.61,3.63,-0.10000000000000009,3664400,
2025-11-25,3.66,3.995,3.63,3.98,0.3500000000000001,5379700,
2025-11-26,3.98,4.17,3.97,4.11,0.13000000000000034,3364400,
2025-11-28,4.11,4.24,4.05,4.18,0.0699999999999994,1609100,
2025-12-01,4.09,4.26,4.01,4.14,-0.040000000000000036,3079400,
2025-12-02,4.14,4.16,4.045,4.07,-0.0699999999999994,2437500,
2025-12-03,4.08,4.34,4.08,4.34,0.2699999999999996,3157900,
2025-12-04,4.28,4.32,4.15,4.22,-0.1200000000000001,3589400,
2025-12-05,4.19,4.3298,4.19,4.29,0.07000000000000028,2717300,
Downloaded from Barchart.com as of 12-06-2025 12:45pm CST