"Symbol: HOME",,,,,,"Study: VOL (LikeMain)",
"Date Time","Open","High","Low","Close","Change","Volume","Open Interest"
2016-08-04,16.25,16.48,14.49,15,0,8841000,
2016-08-05,15,16.26,15,15.31,0.3100000000000005,2281300,
2016-08-08,15.3,15.5,15,15,-0.3100000000000005,376800,
2016-08-09,15.04,15.32,14.75,15.21,0.21000000000000085,634800,
2016-08-10,15.16,15.65,15.1,15.38,0.16999999999999993,116200,
2016-08-11,15.35,15.89,15.35,15.73,0.34999999999999964,228900,
2016-08-12,15.74,15.74,15.14,15.26,-0.47000000000000064,148800,
2016-08-15,15.18,15.42,15.15,15.24,-0.019999999999999574,143300,
2016-08-16,15.06,15.36,15.04,15.29,0.049999999999998934,159800,
2016-08-17,15.27,15.28,14.95,15.01,-0.27999999999999936,219300,
2016-08-18,15.01,15.25,15.01,15.15,0.14000000000000057,144800,
2016-08-19,15.25,15.25,15,15.08,-0.07000000000000028,275700,
2016-08-22,15.03,15.38,15,15,-0.08000000000000007,84600,
2016-08-23,15.73,17.02,15.55,16.35,1.3500000000000014,1318100,
2016-08-24,16.39,16.84,16,16.24,-0.11000000000000298,410300,
2016-08-25,16.25,16.4,16,16.08,-0.16000000000000014,144400,
2016-08-26,16.08,16.38,16.02,16.08,0,167100,
2016-08-29,16.22,16.34,15.8,15.8,-0.2799999999999976,178900,
2016-08-30,15.8,15.95,15.55,15.64,-0.16000000000000014,124600,
2016-08-31,15.55,15.57,15.04,15.25,-0.39000000000000057,218700,
2016-09-01,15.37,15.37,15.12,15.33,0.08000000000000007,153100,
2016-09-02,15.28,15.57,15.2,15.37,0.03999999999999915,136000,
2016-09-06,15.22,15.27,14.39,14.63,-0.7399999999999984,678300,
2016-09-07,14.55,14.6,12.46,12.95,-1.6800000000000015,1511500,
2016-09-08,13,13,12,12.1,-0.8499999999999996,724700,
2016-09-09,12,12.36,11.71,12.06,-0.03999999999999915,346200,
2016-09-12,11.73,12.22,11.6,11.72,-0.33999999999999986,286500,
2016-09-13,11.58,12.68,11.58,12.45,0.7299999999999986,792700,
2016-09-14,13.38,13.74,12.48,12.63,0.1800000000000015,1813600,
2016-09-15,12.63,12.85,12.1,12.59,-0.040000000000000924,609600,
2016-09-16,12.59,13.5,12.56,13.45,0.8599999999999994,785800,
2016-09-19,13.48,13.89,13.46,13.87,0.41999999999999993,234400,
2016-09-20,13.89,14.18,13.82,14.01,0.14000000000000057,245600,
2016-09-21,14.29,14.87,14.23,14.75,0.7400000000000002,329800,
2016-09-22,14.86,14.86,14.65,14.7,-0.05000000000000071,344500,
2016-09-23,14.74,14.79,14.08,14.66,-0.03999999999999915,243400,
2016-09-26,14.66,14.7,14.49,14.53,-0.13000000000000078,144900,
2016-09-27,14.5,14.7,14.5,14.53,0,171200,
2016-09-28,14.56,15.2,14.49,14.79,0.2599999999999998,363800,
2016-09-29,14.7,15.3,14.7,15.07,0.28000000000000114,194800,
2016-09-30,15.06,15.49,14.97,15.15,0.08000000000000007,995700,
2016-10-03,15.15,15.27,13.99,13.99,-1.1600000000000001,550800,
2016-10-04,13.9,13.9,13.29,13.41,-0.5800000000000001,434400,
2016-10-05,13.41,14.05,12.82,13.71,0.3000000000000007,431300,
2016-10-06,13.61,13.64,13.11,13.6,-0.11000000000000121,217600,
2016-10-07,13.55,13.7,13.33,13.6,0,259200,
2016-10-10,13.49,13.93,13.36,13.69,0.08999999999999986,274500,
2016-10-11,13.62,13.74,13.29,13.4,-0.28999999999999915,172600,
2016-10-12,13.35,13.41,13,13.04,-0.3600000000000012,170600,
2016-10-13,13,13.14,12.87,12.95,-0.08999999999999986,132300,
2016-10-14,12.93,12.98,12.57,12.64,-0.3099999999999987,166700,
2016-10-17,12.64,12.93,12.59,12.81,0.16999999999999993,225000,
2016-10-18,12.82,13.06,12.77,12.89,0.08000000000000007,166200,
2016-10-19,12.93,12.97,12.65,12.68,-0.21000000000000085,63600,
2016-10-20,12.65,12.69,12.45,12.51,-0.16999999999999993,210800,
2016-10-21,12.43,12.43,12.06,12.18,-0.33000000000000007,278900,
2016-10-24,12.28,12.73,12.28,12.49,0.3100000000000005,136700,
2016-10-25,12.45,12.45,11.79,11.8,-0.6899999999999995,300300,
2016-10-26,11.84,11.91,11.14,11.26,-0.5400000000000009,358700,
2016-10-27,11.33,11.44,11.07,11.18,-0.08000000000000007,308500,
2016-10-28,11.14,11.56,11.14,11.25,0.07000000000000028,110700,
2016-10-31,11.31,11.33,11.14,11.2,-0.05000000000000071,117700,
2016-11-01,11.21,11.32,11.01,11.31,0.11000000000000121,202200,
2016-11-02,11.33,11.42,10.85,11.08,-0.23000000000000043,188000,
2016-11-03,11.11,11.19,10.71,10.74,-0.33999999999999986,129200,
2016-11-04,10.81,10.86,10.54,10.6,-0.14000000000000057,141700,
2016-11-07,10.64,11.03,10.55,10.88,0.28000000000000114,149400,
2016-11-08,10.91,11.01,10.36,10.53,-0.3500000000000014,111900,
2016-11-09,10.63,10.93,10.19,10.78,0.25,112300,
2016-11-10,10.78,11.14,10.72,11,0.22000000000000064,231400,
2016-11-11,11.02,11.6,11.02,11.25,0.25,281300,
2016-11-14,11.3,11.59,11.28,11.4,0.15000000000000036,152500,
2016-11-15,11.33,11.46,11.33,11.44,0.03999999999999915,86200,
2016-11-16,11.37,11.45,11.18,11.21,-0.22999999999999865,142900,
2016-11-17,11.33,11.47,11.05,11.35,0.1399999999999988,77500,
2016-11-18,11.38,11.9,11.38,11.76,0.41000000000000014,87600,
2016-11-21,11.74,12.08,11.57,12.05,0.2900000000000009,122700,
2016-11-22,12.03,12.25,11.79,12.13,0.08000000000000007,133000,
2016-11-23,12.13,12.46,11.94,12.19,0.05999999999999872,135400,
2016-11-25,12.25,12.66,12.25,12.6,0.41000000000000014,78700,
2016-11-28,12.51,12.66,12.2,12.34,-0.2599999999999998,76800,
2016-11-29,12.38,12.73,12.3,12.68,0.33999999999999986,187900,
2016-11-30,13.2,13.57,12.7,12.88,0.20000000000000107,448400,
2016-12-01,12.99,13.01,12.34,12.46,-0.41999999999999993,114900,
2016-12-02,12.59,12.86,12.4,12.73,0.2699999999999996,150800,
2016-12-05,12.8,13.81,12.8,13.61,0.879999999999999,406900,
2016-12-06,13.55,14.49,13.5,14.13,0.5200000000000014,495300,
2016-12-07,14.31,14.39,13.85,14.14,0.009999999999999787,312900,
2016-12-08,14.16,14.28,14.02,14.15,0.009999999999999787,171500,
2016-12-09,14.23,14.26,14,14.18,0.02999999999999936,253700,
2016-12-12,14.17,14.21,13.86,14.07,-0.10999999999999943,178300,
2016-12-13,14.09,14.26,13.72,13.81,-0.2599999999999998,195600,
2016-12-14,13.84,13.84,13.37,13.59,-0.22000000000000064,187400,
2016-12-15,13.67,14.05,13.3,13.89,0.3000000000000007,331500,
2016-12-16,13.97,14.79,13.81,14.46,0.5700000000000003,619200,
2016-12-19,14.45,14.97,14.21,14.6,0.1399999999999988,224200,
2016-12-20,14.62,15.44,14.5,15.24,0.6400000000000006,184200,
2016-12-21,15.18,15.31,14.88,14.91,-0.33000000000000007,101600,
2016-12-22,14.82,14.82,14.29,14.43,-0.4800000000000004,214700,
2016-12-23,14.45,14.88,14.45,14.67,0.2400000000000002,59900,
2016-12-27,14.63,15.08,14.6,14.9,0.23000000000000043,62700,
2016-12-28,14.87,15.01,14.58,14.65,-0.25,95400,
2016-12-29,14.73,14.95,14.65,14.78,0.129999999999999,106400,
2016-12-30,14.85,14.85,14.51,14.63,-0.14999999999999858,122200,
2017-01-03,14.81,14.81,14.23,14.37,-0.26000000000000156,171400,
2017-01-04,14.4,14.52,14.2,14.43,0.0600000000000005,186200,
2017-01-05,14.45,14.52,14.11,14.23,-0.1999999999999993,202700,
2017-01-06,14.33,14.33,13.61,13.66,-0.5700000000000003,222100,
2017-01-09,13.7,14.24,13.58,14.08,0.41999999999999993,359400,
2017-01-10,14.05,14.78,14.02,14.74,0.6600000000000001,265300,
2017-01-11,14.79,14.98,14.45,14.96,0.22000000000000064,102600,
2017-01-12,14.9,14.9,14.17,14.35,-0.6100000000000012,126900,
2017-01-13,14.42,14.98,14.42,14.47,0.120000000000001,123100,
2017-01-17,14.45,15.44,14.45,14.71,0.2400000000000002,132700,
2017-01-18,14.87,15.1,14.5,15.02,0.3099999999999987,185900,
2017-01-19,15,15.38,14.86,14.99,-0.02999999999999936,209500,
2017-01-20,14.99,15.74,14.95,15.28,0.28999999999999915,396700,
2017-01-23,15.25,15.66,15.23,15.34,0.0600000000000005,161000,
2017-01-24,15.32,16.17,15.3,16.06,0.7199999999999989,200400,
2017-01-25,16.24,16.69,15.96,16.07,0.010000000000001563,207900,
2017-01-26,16.11,16.39,15.73,15.77,-0.3000000000000007,197400,
2017-01-27,15.85,15.85,15.01,15.14,-0.629999999999999,277300,
2017-01-30,15.04,15.39,14.79,15.17,0.02999999999999936,110500,
2017-01-31,15.12,15.32,14.83,15.24,0.07000000000000028,85000,
2017-02-01,15.33,15.44,14.89,14.91,-0.33000000000000007,75200,
2017-02-02,14.94,15.46,14.86,15.44,0.5299999999999994,108500,
2017-02-03,15.49,16.02,15.32,15.9,0.46000000000000085,146300,
2017-02-06,15.85,16.06,15.14,15.48,-0.41999999999999993,149000,
2017-02-07,15.45,15.45,14.88,15.02,-0.46000000000000085,102900,
2017-02-08,15,15.28,14.52,15.16,0.14000000000000057,700100,
2017-02-09,15.15,15.99,15.15,15.71,0.5500000000000007,90200,
2017-02-10,15.71,15.99,15.41,15.83,0.11999999999999922,89800,
2017-02-13,15.97,15.97,15.45,15.57,-0.2599999999999998,62900,
2017-02-14,15.59,15.78,15.18,15.67,0.09999999999999964,99400,
2017-02-15,15.56,16.17,15.37,16.13,0.4599999999999991,88300,
2017-02-16,16.01,16.17,15.78,15.98,-0.14999999999999858,50600,
2017-02-17,15.92,16.16,15.63,15.75,-0.23000000000000043,113500,
2017-02-21,15.75,15.94,15.45,15.84,0.08999999999999986,63200,
2017-02-22,15.83,15.9,15.26,15.49,-0.34999999999999964,87100,
2017-02-23,15.54,15.54,14.81,14.92,-0.5700000000000003,132900,
2017-02-24,14.82,15.35,14.65,15.05,0.13000000000000078,104100,
2017-02-27,15.1,15.42,15.03,15.38,0.33000000000000007,68900,
2017-02-28,15.34,15.34,14.68,15.03,-0.3500000000000014,191900,
2017-03-01,15.24,15.37,14.81,14.91,-0.11999999999999922,80700,
2017-03-02,14.9,15.1,14.75,14.84,-0.07000000000000028,112100,
2017-03-03,14.95,15.07,14.65,14.8,-0.03999999999999915,139700,
2017-03-06,14.67,14.85,14.31,14.41,-0.39000000000000057,122000,
2017-03-07,14.4,14.74,14.21,14.57,0.16000000000000014,141300,
2017-03-08,14.53,14.67,14.05,14.11,-0.46000000000000085,117400,
2017-03-09,14,14.29,13.97,14.15,0.040000000000000924,69100,
2017-03-10,14.3,14.48,14.17,14.38,0.23000000000000043,45000,
2017-03-13,14.38,14.64,14.2,14.41,0.02999999999999936,55500,
2017-03-14,14.36,15.13,14.27,15.05,0.6400000000000006,160700,
2017-03-15,15.15,15.36,14.96,15.23,0.17999999999999972,75600,
2017-03-16,15.23,15.94,15.2,15.67,0.4399999999999995,76400,
2017-03-17,15.71,15.81,15.38,15.62,-0.05000000000000071,61100,
2017-03-20,15.56,15.75,15.26,15.39,-0.22999999999999865,66600,
2017-03-21,15.5,15.5,14.67,14.75,-0.6400000000000006,83700,
2017-03-22,14.66,15.09,14.44,14.97,0.22000000000000064,85200,
2017-03-23,15.05,15.38,15,15.23,0.2599999999999998,58700,
2017-03-24,15.27,15.69,15.27,15.61,0.379999999999999,59900,
2017-03-27,15.5,15.89,15.2,15.62,0.009999999999999787,194800,
2017-03-28,16.5,16.99,14.8,15.28,-0.33999999999999986,514900,
2017-03-29,15.5,15.57,15.03,15.48,0.20000000000000107,214100,
2017-03-30,15.6,15.65,14.81,15.29,-0.19000000000000128,162000,
2017-03-31,15.27,15.65,15.02,15.16,-0.129999999999999,115500,
2017-04-03,15.19,15.25,14.9,15.03,-0.13000000000000078,93900,
2017-04-04,15.1,15.12,14.84,15.08,0.05000000000000071,289300,
2017-04-05,15.1,15.49,14.88,15.04,-0.040000000000000924,184600,
2017-04-06,14.93,15.32,14.92,15.21,0.1700000000000017,75300,
2017-04-07,15.13,15.57,15.13,15.51,0.29999999999999893,94500,
2017-04-10,15.58,16.05,15.58,15.96,0.45000000000000107,115600,
2017-04-11,15.97,16.09,15.54,15.95,-0.010000000000001563,44100,
2017-04-12,15.98,15.98,15.45,15.47,-0.47999999999999865,43500,
2017-04-13,15.47,15.51,14.9,14.92,-0.5500000000000007,101900,
2017-04-17,15.06,15.07,14.81,14.99,0.07000000000000028,82600,
2017-04-18,14.97,15.74,14.96,15.69,0.6999999999999993,103900,
2017-04-19,15.68,16.47,15.68,16.2,0.5099999999999998,146500,
2017-04-20,16.24,16.64,16.06,16.5,0.3000000000000007,189500,
2017-04-21,16.37,16.61,16.26,16.47,-0.030000000000001137,87800,
2017-04-24,16.71,16.84,16.41,16.73,0.26000000000000156,65700,
2017-04-25,16.81,17.39,16.64,16.84,0.10999999999999943,143400,
2017-04-26,16.88,17.5,16.84,17.3,0.46000000000000085,81900,
2017-04-27,17.29,17.74,17.04,17.55,0.25,126100,
2017-04-28,17.58,17.65,17.01,17.51,-0.03999999999999915,141900,
2017-05-01,17.69,17.69,17.01,17.29,-0.22000000000000242,80900,
2017-05-02,17.3,17.49,17.08,17.4,0.10999999999999943,56900,
2017-05-03,17.41,17.54,17.12,17.52,0.120000000000001,70800,
2017-05-04,17.52,18,17.49,17.97,0.4499999999999993,106700,
2017-05-05,18,18.43,18,18.36,0.39000000000000057,172200,
2017-05-08,18.31,18.54,18.27,18.43,0.07000000000000028,78600,
2017-05-09,18.5,19.35,18.47,19.05,0.620000000000001,328100,
2017-05-10,19.03,19.24,18.83,19.06,0.00999999999999801,108200,
2017-05-11,18.88,19.33,18.7,19.1,0.0400000000000027,92600,
2017-05-12,19.02,19.1,18.57,18.74,-0.360000000000003,118200,
2017-05-15,18.73,18.93,18.45,18.55,-0.18999999999999773,157000,
2017-05-16,18.61,18.85,18.49,18.64,0.08999999999999986,185200,
2017-05-17,18.39,18.68,18.36,18.5,-0.14000000000000057,229900,
2017-05-18,18.43,18.56,18.21,18.24,-0.26000000000000156,248700,
2017-05-19,18.34,18.67,18.2,18.6,0.360000000000003,65600,
2017-05-22,18.64,18.86,18.53,18.61,0.00999999999999801,62700,
2017-05-23,18.63,18.7,18.42,18.61,0,48900,
2017-05-24,18.61,18.98,18.5,18.75,0.14000000000000057,76400,
2017-05-25,18.8,19.48,18.72,19.12,0.370000000000001,428000,
2017-05-26,19.16,19.22,18.92,18.95,-0.1700000000000017,53500,
2017-05-30,19.01,19.1,18.63,18.74,-0.21000000000000085,55300,
2017-05-31,18.86,18.86,18.42,18.74,0,98400,
2017-06-01,18.74,19.15,18.74,19,0.26000000000000156,84700,
2017-06-02,19.01,19.13,18.75,18.9,-0.10000000000000142,181700,
2017-06-05,18.94,18.95,18.74,18.87,-0.029999999999997584,91100,
2017-06-06,18.8,18.8,18.4,18.51,-0.35999999999999943,258900,
2017-06-07,18.81,22.58,18.5,22.53,4.02,1929200,
2017-06-08,22.53,23.78,22,23.16,0.629999999999999,424300,
2017-06-09,23.35,23.43,22.41,22.75,-0.41000000000000014,204200,
2017-06-12,22.92,22.93,21.52,21.75,-1,211000,
2017-06-13,21.93,22.58,21.41,21.78,0.030000000000001137,291800,
2017-06-14,21.96,22.37,21.21,22.33,0.5499999999999972,317300,
2017-06-15,22.25,22.45,21.57,22.21,-0.11999999999999744,177200,
2017-06-16,22.02,22.11,21.6,21.88,-0.33000000000000185,225700,
2017-06-19,21.9,23.18,21.74,22.89,1.0100000000000016,187300,
2017-06-20,22.94,22.96,22.31,22.53,-0.35999999999999943,149600,
2017-06-21,22.52,22.88,22.27,22.83,0.29999999999999716,153700,
2017-06-22,22.78,24.03,22.61,23.32,0.490000000000002,355800,
2017-06-23,23.33,23.48,22.46,22.59,-0.7300000000000004,389800,
2017-06-26,22.76,23.12,22.55,22.82,0.23000000000000043,137500,
2017-06-27,22.85,23.71,22.8,22.8,-0.019999999999999574,146200,
2017-06-28,23.03,23.25,22.53,22.87,0.07000000000000028,115600,
2017-06-29,22.89,23.19,22.61,22.76,-0.10999999999999943,115500,
2017-06-30,22.86,23.51,22.65,23.29,0.5299999999999976,162800,
2017-07-03,23.47,23.5,22.83,23.23,-0.05999999999999872,57500,
2017-07-05,23.24,23.54,22.8,23.47,0.23999999999999844,110400,
2017-07-06,25.9,26.4,23.77,24.08,0.6099999999999994,487100,
2017-07-07,24.24,24.45,22.63,23.12,-0.9599999999999973,361400,
2017-07-10,23.12,23.12,22.15,22.44,-0.6799999999999997,165600,
2017-07-11,22.48,22.85,22.35,22.78,0.33999999999999986,152400,
2017-07-12,22.96,23.62,22.77,23.28,0.5,138200,
2017-07-13,23.34,23.55,23.13,23.48,0.1999999999999993,144100,
2017-07-14,22.82,23.04,21.95,22.03,-1.4499999999999993,346100,
2017-07-17,22,22.72,22,22.58,0.5499999999999972,154700,
2017-07-18,22.59,23.04,22.34,22.83,0.25,132300,
2017-07-19,22.8,23.4,22.64,23.04,0.21000000000000085,105400,
2017-07-20,23.03,23.545,22.76,23.35,0.3100000000000023,157300,
2017-07-21,23.41,23.41,22.92,23.1,-0.25,133600,
2017-07-24,23.24,23.24,22.46,22.51,-0.5899999999999999,50200,
2017-07-25,22.58,23.19,22.56,23.02,0.509999999999998,53500,
2017-07-26,22.99,23.35,22.67,23.24,0.21999999999999886,66000,
2017-07-27,23.27,23.39,22.76,23.22,-0.019999999999999574,117300,
2017-07-28,23.2,23.27,22.5,22.77,-0.4499999999999993,157000,
2017-07-31,22.91,22.91,22.445,22.76,-0.00999999999999801,86000,
2017-08-01,22.94,22.99,22.48,22.69,-0.07000000000000028,90600,
2017-08-02,22.64,22.98,22.43,22.78,0.08999999999999986,69900,
2017-08-03,22.74,23.1,22.52,22.71,-0.07000000000000028,84300,
2017-08-04,22.91,22.92,22.6,22.86,0.14999999999999858,51600,
2017-08-07,22.88,23.705,22.86,23.61,0.75,75800,
2017-08-08,23.61,23.95,23.46,23.52,-0.08999999999999986,68100,
2017-08-09,23.41,23.74,23.21,23.35,-0.16999999999999815,52300,
2017-08-10,23.25,23.4,22.6,22.72,-0.6300000000000026,72200,
2017-08-11,22.63,22.84,22.29,22.63,-0.08999999999999986,48400,
2017-08-14,22.78,23.025,22.59,22.63,0,44600,
2017-08-15,22.64,23.12,22.15,22.73,0.10000000000000142,126700,
2017-08-16,23.44,24.2,22.82,23.64,0.9100000000000001,145400,
2017-08-17,23.64,24,22.74,22.75,-0.8900000000000006,139600,
2017-08-18,22.51,23.12,21.67,22.53,-0.21999999999999886,272000,
2017-08-21,23.2,23.69,22.17,22.63,0.09999999999999787,241400,
2017-08-22,22.76,22.82,20.77,22.36,-0.2699999999999996,181000,
2017-08-23,22.25,22.91,22.04,22.66,0.3000000000000007,78900,
2017-08-24,22.8,23.06,22.02,22.13,-0.5300000000000011,74200,
2017-08-25,22.19,22.68,21.98,22.06,-0.07000000000000028,90800,
2017-08-28,22.17,24.2,22.17,23.92,1.860000000000003,313600,
2017-08-29,23.66,24.6,23.51,24.36,0.4399999999999977,314900,
2017-08-30,24.44,24.87,24.29,24.51,0.15000000000000213,254700,
2017-08-31,24.56,24.6,24.16,24.5,-0.010000000000001563,173500,
2017-09-01,24.53,25.59,24.21,25.38,0.879999999999999,339600,
2017-09-05,25.38,25.78,24.55,25.63,0.25,606900,
2017-09-06,25.8,25.869,21.175,23.04,-2.59,1509200,
2017-09-07,23.21,23.99,22.5,23.95,0.9100000000000001,612300,
2017-09-08,23.93,23.93,22.67,22.95,-1,258100,
2017-09-11,23.24,23.35,22.29,22.55,-0.3999999999999986,374000,
2017-09-12,22.58,23.46,22.58,23.31,0.759999999999998,267900,
2017-09-13,23.32,23.5,22.31,22.58,-0.7300000000000004,306800,
2017-09-14,22.67,22.77,21.89,22.01,-0.5699999999999967,419200,
2017-09-15,21.94,23.055,21.84,23,0.9899999999999984,541600,
2017-09-18,23.15,23.215,22.57,22.61,-0.39000000000000057,96000,
2017-09-19,22.61,22.66,22.09,22.37,-0.23999999999999844,141000,
2017-09-20,22.25,22.42,22.05,22.31,-0.060000000000002274,232700,
2017-09-21,22.28,22.72,21.92,22.59,0.28000000000000114,255800,
2017-09-22,22.49,22.88,22.2,22.49,-0.10000000000000142,182500,
2017-09-25,22.36,22.52,21.91,22.06,-0.4299999999999997,158000,
2017-09-26,22.1,22.37,22.04,22.11,0.05000000000000071,89000,
2017-09-27,22.11,22.9,22.05,22.83,0.7199999999999989,158500,
2017-09-28,22.83,22.89,22.53,22.67,-0.1599999999999966,114800,
2017-09-29,22.71,23.25,22.45,22.84,0.16999999999999815,112400,
2017-10-02,22.83,23.25,22.14,23.24,0.3999999999999986,204500,
2017-10-03,23.13,23.7,22.85,23.35,0.11000000000000298,150600,
2017-10-04,23.26,23.5,23.13,23.44,0.08999999999999986,103500,
2017-10-05,23.46,23.63,23.02,23.19,-0.25,148900,
2017-10-06,23.21,23.69,22.92,23.17,-0.019999999999999574,250300,
2017-10-09,23.19,23.27,22.53,22.8,-0.370000000000001,142900,
2017-10-10,22.85,22.865,22.24,22.28,-0.5199999999999996,108900,
2017-10-11,22.38,22.38,21.92,22.16,-0.120000000000001,171200,
2017-10-12,22.22,22.28,21.63,21.9,-0.26000000000000156,79100,
2017-10-13,21.91,22.45,21.91,22.04,0.14000000000000057,122500,
2017-10-16,22.16,22.31,21.44,21.73,-0.3099999999999987,137900,
2017-10-17,21.84,22.07,21.62,21.75,0.019999999999999574,136500,
2017-10-18,21.9,22,21.59,21.77,0.019999999999999574,196000,
2017-10-19,21.63,21.76,21.31,21.74,-0.030000000000001137,143500,
2017-10-20,21.85,22.18,21.75,21.99,0.25,152700,
2017-10-23,21.89,22.33,21.6,22,0.010000000000001563,219500,
2017-10-24,21.97,22.24,21.48,21.54,-0.46000000000000085,148300,
2017-10-25,21.53,21.53,20.97,21.12,-0.41999999999999815,127800,
2017-10-26,21.16,21.4,21.05,21.25,0.129999999999999,83600,
2017-10-27,21.26,21.28,20.69,20.72,-0.5300000000000011,100900,
2017-10-30,20.64,20.97,20.12,20.4,-0.3200000000000003,205000,
2017-10-31,20.5,20.68,20.07,20.5,0.10000000000000142,175100,
2017-11-01,20.57,20.91,20.46,20.78,0.28000000000000114,148800,
2017-11-02,20.75,20.87,20.59,20.86,0.0799999999999983,161300,
2017-11-03,20.75,21.62,20.75,21.23,0.370000000000001,117300,
2017-11-06,21.15,22.61,20.94,21.54,0.3099999999999987,211300,
2017-11-07,21.44,21.47,20.84,21.07,-0.46999999999999886,132400,
2017-11-08,20.96,21.42,20.89,21.08,0.00999999999999801,128900,
2017-11-09,21.03,21.13,20.645,20.95,-0.129999999999999,161300,
2017-11-10,20.97,21.12,20.685,20.86,-0.08999999999999986,517300,
2017-11-13,20.84,21.58,20.74,21.43,0.5700000000000003,86700,
2017-11-14,21.43,21.52,20.81,20.9,-0.5300000000000011,121900,
2017-11-15,20.82,20.95,20.58,20.69,-0.2099999999999973,93400,
2017-11-16,20.87,21.66,20.83,21.58,0.889999999999997,72800,
2017-11-17,21.65,22.08,21.58,22.03,0.45000000000000284,89100,
2017-11-20,22.15,22.61,21.59,22.44,0.41000000000000014,155600,
2017-11-21,22.51,22.51,21.92,22.07,-0.370000000000001,82000,
2017-11-22,22.1,22.53,22.03,22.24,0.16999999999999815,70500,
2017-11-24,22.4,22.49,21.87,22.08,-0.16000000000000014,86300,
2017-11-27,22.05,22.24,21.59,21.63,-0.4499999999999993,124200,
2017-11-28,21.71,22.32,21.71,22.27,0.6400000000000006,301200,
2017-11-29,22.6,24.19,22.55,23.57,1.3000000000000007,802800,
2017-11-30,24.24,27.98,24.15,27.63,4.059999999999999,2206900,
2017-12-01,27.9,28.89,27.41,28.25,0.620000000000001,1246300,
2017-12-04,28.9,30,27.72,28.39,0.14000000000000057,907400,
2017-12-05,27.24,27.48,25.86,26.34,-2.0500000000000007,884900,
2017-12-06,25.54,26.14,24.3,24.7,-1.6400000000000006,1458600,
2017-12-07,27.29,29.55,26.6,29.36,4.66,3758800,
2017-12-08,29.5,29.93,28.64,29.33,-0.030000000000001137,541400,
2017-12-11,29.26,29.305,28.63,28.97,-0.35999999999999943,327200,
2017-12-12,28.89,29.17,28.5,28.58,-0.39000000000000057,307400,
2017-12-13,28.78,29.2,28.18,29.01,0.43000000000000327,294100,
2017-12-14,29.06,29.18,28.39,28.81,-0.20000000000000284,277300,
2017-12-15,28.99,30.43,28.99,29.84,1.0300000000000011,728200,
2017-12-18,30.29,31,30,30.86,1.0199999999999996,564400,
2017-12-19,30.99,31.24,30.31,30.91,0.05000000000000071,327800,
2017-12-20,31,31.27,30.5,31.07,0.16000000000000014,301000,
2017-12-21,31.3,31.75,30.94,31.63,0.5599999999999987,364200,
2017-12-22,31.33,31.64,29.72,30.29,-1.3399999999999999,578800,
2017-12-26,30.29,31.1,30.23,30.69,0.40000000000000213,275000,
2017-12-27,30.51,31.11,30.37,30.56,-0.13000000000000256,259600,
2017-12-28,30.57,31.37,30.57,31.23,0.6700000000000017,223600,
2017-12-29,31.23,31.29,30.34,30.39,-0.8399999999999999,237000,
2018-01-02,30.43,31.64,30.165,31.64,1.25,259000,
2018-01-03,31.58,31.74,30,30.07,-1.5700000000000003,456300,
2018-01-04,30,30.57,29.07,30.52,0.4499999999999993,518800,
2018-01-05,30.82,31.35,30.3,31.06,0.5399999999999991,338500,
2018-01-08,31.21,32.32,30.76,31.75,0.6900000000000013,421500,
2018-01-09,31.89,32.22,31.59,32.02,0.2700000000000031,278000,
2018-01-10,31.93,32.09,31.4,31.96,-0.060000000000002274,168200,
2018-01-11,32,32.19,31.64,32.16,0.19999999999999574,107700,
2018-01-12,32.19,32.75,32.19,32.74,0.5800000000000054,126700,
2018-01-16,32.75,33.33,31.45,31.64,-1.1000000000000014,578300,
2018-01-17,31.85,32.87,31.42,32.29,0.6499999999999986,352900,
2018-01-18,32.34,32.38,31.81,32.16,-0.13000000000000256,201900,
2018-01-19,32.12,32.99,32.025,32.72,0.5600000000000023,162800,
2018-01-22,32.68,33.82,32.4,33.41,0.6899999999999977,265800,
2018-01-23,33.48,33.52,32.67,32.72,-0.6899999999999977,203500,
2018-01-24,32.86,32.89,31.57,32.09,-0.6299999999999955,211500,
2018-01-25,33.48,34.015,32.65,33.6,1.509999999999998,501200,
2018-01-26,33.69,33.78,33.04,33.73,0.12999999999999545,249100,
2018-01-29,33.6,33.69,31.95,32.18,-1.5499999999999972,205800,
2018-01-30,31.7,32.74,31.59,32.32,0.14000000000000057,249100,
2018-01-31,32.38,32.38,30.83,31.68,-0.6400000000000006,289200,
2018-02-01,31.47,31.73,31.07,31.4,-0.28000000000000114,141200,
2018-02-02,31.16,31.37,30.66,30.8,-0.5999999999999979,176000,
2018-02-05,30.19,31.02,29.25,29.93,-0.870000000000001,262500,
2018-02-06,29.04,31.65,28.71,31.27,1.3399999999999999,276100,
2018-02-07,31.3,31.61,30.94,31.2,-0.07000000000000028,120100,
2018-02-08,31.33,31.356,29.935,30.08,-1.120000000000001,137900,
2018-02-09,30.63,30.93,29.56,30.6,0.5200000000000031,164200,
2018-02-12,30.8,30.8,29.6,30.31,-0.2900000000000027,153400,
2018-02-13,30.13,30.33,29.36,30.1,-0.2099999999999973,231100,
2018-02-14,29.72,30.53,29.44,30.06,-0.0400000000000027,395000,
2018-02-15,30.25,30.255,29.79,30.12,0.060000000000002274,194100,
2018-02-16,30.7,32.75,30.7,31.89,1.7699999999999996,313600,
2018-02-20,32,32,31.12,31.28,-0.6099999999999994,233400,
2018-02-21,31.6,31.88,29.93,30.01,-1.2699999999999996,252200,
2018-02-22,30.18,30.57,30.05,30.18,0.16999999999999815,185100,
2018-02-23,30.08,30.65,29.73,30.32,0.14000000000000057,155200,
2018-02-26,30.25,30.57,29.35,29.44,-0.879999999999999,203700,
2018-02-27,29.54,29.75,29,29.24,-0.20000000000000284,196300,
2018-02-28,29.27,30.07,28.96,29.59,0.3500000000000014,207000,
2018-03-01,29.63,29.63,28.06,28.49,-1.1000000000000014,293300,
2018-03-02,28.14,28.9,27.94,28.71,0.22000000000000242,303400,
2018-03-05,28.48,29.05,28.48,28.73,0.019999999999999574,211900,
2018-03-06,28.78,29.9,28.78,29.54,0.8099999999999987,264700,
2018-03-07,29.28,30.42,29.21,30.37,0.8300000000000018,338000,
2018-03-08,30.37,30.8,29.14,29.53,-0.8399999999999999,268000,
2018-03-09,29.66,30.58,29.49,30.58,1.0499999999999972,197900,
2018-03-12,30.53,30.76,29.82,30,-0.5799999999999983,172000,
2018-03-13,30.11,30.89,29.82,30.03,0.030000000000001137,152300,
2018-03-14,30.14,30.14,28.77,29.33,-0.7000000000000028,285800,
2018-03-15,29.45,29.69,28.06,28.15,-1.1799999999999997,281300,
2018-03-16,28.16,29.41,28,29.05,0.9000000000000021,717900,
2018-03-19,29.05,29.08,28.08,28.63,-0.4200000000000017,194600,
2018-03-20,28.68,29.22,28.13,28.3,-0.3299999999999983,245400,
2018-03-21,28.3,28.67,27.5,27.63,-0.6700000000000017,331000,
2018-03-22,27.35,27.56,26.14,26.46,-1.1699999999999982,887200,
2018-03-23,29.01,33.25,29,31.55,5.09,3245700,
2018-03-26,31.95,32,29.22,31.34,-0.21000000000000085,1577300,
2018-03-27,29.86,31.4,29.76,30.56,-0.7800000000000011,1077300,
2018-03-28,30.25,31.74,30.02,31.62,1.0600000000000023,3817000,
2018-03-29,31.75,33.06,31.34,32.04,0.41999999999999815,900200,
2018-04-02,32,32.4,30.7,30.93,-1.1099999999999994,682900,
2018-04-03,31.05,31.95,30.79,31.56,0.629999999999999,450800,
2018-04-04,31.21,32.75,30.8,32.68,1.120000000000001,718700,
2018-04-05,32.75,34.53,32.41,34.06,1.3800000000000026,1816200,
2018-04-06,34.05,35.605,33.34,33.72,-0.3400000000000034,2278000,
2018-04-09,34.14,34.9,34.02,34.69,0.9699999999999989,796800,
2018-04-10,35.06,35.36,33.19,33.67,-1.019999999999996,904700,
2018-04-11,33.58,34.24,33.37,34,0.3299999999999983,503600,
2018-04-12,34.03,34.64,33.56,34.01,0.00999999999999801,394000,
2018-04-13,34.18,34.37,33.36,33.46,-0.5499999999999972,284500,
2018-04-16,33.77,36,33.61,35.1,1.6400000000000006,800600,
2018-04-17,35.3,35.9,34.63,35.47,0.36999999999999744,438100,
2018-04-18,35.42,36.835,35.42,35.97,0.5,412700,
2018-04-19,35.77,35.87,34.8,35.49,-0.4799999999999969,401200,
2018-04-20,35.41,36.165,34.89,35,-0.490000000000002,367500,
2018-04-23,35,35.105,34.09,34.68,-0.3200000000000003,358500,
2018-04-24,35.44,36.05,34.38,35.24,0.5600000000000023,567900,
2018-04-25,35,35,32.82,34.09,-1.1499999999999986,673300,
2018-04-26,34.22,35.58,34.22,35.39,1.2999999999999972,444000,
2018-04-27,35.34,35.92,34.86,35.43,0.03999999999999915,178900,
2018-04-30,35.56,36,35.145,35.19,-0.240000000000002,234100,
2018-05-01,35.11,35.59,34.24,35.49,0.30000000000000426,288600,
2018-05-02,35.36,37.27,35.26,36.48,0.9899999999999949,585900,
2018-05-03,36.39,36.39,35.12,35.37,-1.1099999999999994,329900,
2018-05-04,35.06,37.15,34.66,36.83,1.4600000000000009,476000,
2018-05-07,36.9,37.05,35.77,35.86,-0.9699999999999989,231100,
2018-05-08,36.58,36.58,35.82,36.44,0.5799999999999983,217100,
2018-05-09,36.44,36.68,35.43,36.62,0.17999999999999972,337100,
2018-05-10,36.71,36.82,36.06,36.53,-0.0899999999999963,233700,
2018-05-11,36.47,36.84,35.69,36.64,0.10999999999999943,260400,
2018-05-14,36.65,36.785,35.55,35.69,-0.9500000000000028,561200,
2018-05-15,35.56,36.66,34.7,35.79,0.10000000000000142,574500,
2018-05-16,36.05,36.88,35.71,35.89,0.10000000000000142,529700,
2018-05-17,35.75,36.39,35.62,35.99,0.10000000000000142,434900,
2018-05-18,36.06,37.83,35.92,36.99,1,569000,
2018-05-21,37.1,37.465,36.4,36.9,-0.09000000000000341,298100,
2018-05-22,36.99,37.2,34.94,35.01,-1.8900000000000006,554000,
2018-05-23,35.01,36.085,34.8,35.75,0.740000000000002,385900,
2018-05-24,35.93,36.105,35.48,35.69,-0.060000000000002274,305200,
2018-05-25,35.69,36.05,35.42,35.51,-0.17999999999999972,295500,
2018-05-29,35.32,35.39,34.6,34.93,-0.5799999999999983,377700,
2018-05-30,35.05,35.56,35.05,35.35,0.4200000000000017,268800,
2018-05-31,35.61,35.61,34.36,34.61,-0.740000000000002,426200,
2018-06-01,34.72,35.45,34.35,34.87,0.259999999999998,715400,
2018-06-04,35,37.21,35,37.04,2.1700000000000017,1209400,
2018-06-05,37.05,37.17,35.91,36.03,-1.009999999999998,914200,
2018-06-06,36.2,36.445,34.95,35.74,-0.28999999999999915,1132700,
2018-06-07,35.75,37.09,34.72,36.75,1.009999999999998,2017000,
2018-06-08,36.24,39.31,35.25,38.91,2.1599999999999966,2580800,
2018-06-11,38.91,38.97,37.97,38.46,-0.44999999999999574,1112900,
2018-06-12,37.8,38.62,37.68,38.35,-0.10999999999999943,3328000,
2018-06-13,38.55,39.06,37.72,38.14,-0.21000000000000085,1180100,
2018-06-14,38.27,38.98,38.04,38.27,0.13000000000000256,948700,
2018-06-15,38.18,38.87,37.23,37.65,-0.6200000000000045,1226400,
2018-06-18,37.3,38.04,37.07,37.32,-0.3299999999999983,1489200,
2018-06-19,37.13,37.4,36.27,36.99,-0.3299999999999983,1160900,
2018-06-20,37.14,37.14,35.85,36.49,-0.5,865200,
2018-06-21,36.47,37.095,36,36.83,0.3399999999999963,843200,
2018-06-22,37,37.07,36.1,37,0.1700000000000017,3220400,
2018-06-25,36.4,36.645,35.89,36.37,-0.6300000000000026,1221300,
2018-06-26,39.9,40.745,38.14,39.34,2.970000000000006,1855500,
2018-06-27,39.4,40.11,38.15,38.33,-1.0100000000000051,1127500,
2018-06-28,38.03,39.2,37.1,38.95,0.6200000000000045,758800,
2018-06-29,39.27,40.19,38.79,39.15,0.19999999999999574,901600,
2018-07-02,39.15,39.45,38.69,39.37,0.21999999999999886,870000,
2018-07-03,39.61,40.1,38.99,39.3,-0.07000000000000028,342700,
2018-07-05,39.3,40.01,38.62,39.96,0.6600000000000037,794800,
2018-07-06,40.17,40.68,39.9,40.45,0.490000000000002,521900,
2018-07-09,40.77,40.97,40.19,40.76,0.30999999999999517,452600,
2018-07-10,40.76,40.85,40.21,40.44,-0.3200000000000003,538000,
2018-07-11,39.17,39.42,34.61,38.01,-2.4299999999999997,3749700,
2018-07-12,38.25,39.5,37.14,37.56,-0.44999999999999574,1689100,
2018-07-13,37.45,38.8,37.08,37.94,0.37999999999999545,879000,
2018-07-16,37.9,38.2,36.12,36.32,-1.6199999999999974,864600,
2018-07-17,36.9,37.79,36.19,36.75,0.4299999999999997,894300,
2018-07-18,36.67,36.705,35.97,36.54,-0.21000000000000085,763400,
2018-07-19,36.62,38.04,36.25,37.94,1.3999999999999986,669500,
2018-07-20,37.96,38.06,37.03,37.93,-0.00999999999999801,485900,
2018-07-23,37.79,37.97,37.5,37.61,-0.3200000000000003,346400,
2018-07-24,37.76,37.91,36.45,36.92,-0.6899999999999977,512100,
2018-07-25,37.01,37.56,36.37,37.49,0.5700000000000003,631800,
2018-07-26,37.33,38.52,37.19,37.87,0.37999999999999545,421400,
2018-07-27,37.9,38.37,35.66,35.76,-2.1099999999999994,681400,
2018-07-30,35.8,36.02,34.67,35.76,0,663600,
2018-07-31,35.92,36.56,35.22,36.27,0.5100000000000051,523600,
2018-08-01,36.2,36.25,34.4,34.57,-1.7000000000000028,1047100,
2018-08-02,34.32,34.32,33.01,33.35,-1.2199999999999989,1563600,
2018-08-03,33.4,34.22,33.18,33.78,0.4299999999999997,527500,
2018-08-06,33.85,33.85,32.54,33.28,-0.5,427100,
2018-08-07,33.28,34.105,32.88,34.01,0.7299999999999969,512200,
2018-08-08,34.03,34.58,33.935,34.47,0.46000000000000085,319400,
2018-08-09,34.57,35.38,34.4,35.28,0.8100000000000023,379300,
2018-08-10,35.13,35.68,34.97,35.09,-0.18999999999999773,357100,
2018-08-13,35.16,35.17,34.01,34.49,-0.6000000000000014,315200,
2018-08-14,34.56,35.14,34.32,34.76,0.269999999999996,373700,
2018-08-15,34.5,34.74,33.26,33.47,-1.2899999999999991,522900,
2018-08-16,33.8,34.24,33.43,33.57,0.10000000000000142,571700,
2018-08-17,33.6,34.19,33.34,33.95,0.38000000000000256,279600,
2018-08-20,34.03,34.17,33.47,34.02,0.07000000000000028,416800,
2018-08-21,34.33,34.98,34.14,34.69,0.6699999999999946,781300,
2018-08-22,34.96,36.4,34.88,35.98,1.2899999999999991,669200,
2018-08-23,36,37,36,36.76,0.7800000000000011,563600,
2018-08-24,36.72,37.51,36.7,37.05,0.28999999999999915,442100,
2018-08-27,37.45,37.58,36.87,37.24,0.19000000000000483,692500,
2018-08-28,37.2,37.4,35.88,37.01,-0.23000000000000398,683100,
2018-08-29,37.13,37.62,36.88,37.27,0.2600000000000051,1920200,
2018-08-30,36.9,37.81,34.98,35.76,-1.5100000000000051,3293000,
2018-08-31,35.73,35.73,34.06,34.41,-1.3500000000000014,1253000,
2018-09-04,34.4,35.67,34.175,35.64,1.230000000000004,967500,
2018-09-05,35.22,35.905,35.03,35.56,-0.0799999999999983,689700,
2018-09-06,35.7,35.86,33.78,34,-1.5600000000000023,947100,
2018-09-07,33.18,33.6,31.5,32.44,-1.5600000000000023,6150200,
2018-09-10,32.58,33.12,32.26,32.33,-0.10999999999999943,1621000,
2018-09-11,32.23,33.01,31.81,32.75,0.4200000000000017,2601000,
2018-09-12,32.75,33.29,32.25,33.01,0.259999999999998,1581800,
2018-09-13,33.18,33.2,32.29,32.96,-0.04999999999999716,1130200,
2018-09-14,32.88,33.32,31.82,31.93,-1.0300000000000011,1278800,
2018-09-17,31.91,32.29,31.19,31.56,-0.370000000000001,1954600,
2018-09-18,31.57,32.72,31.57,32.61,1.0500000000000007,1104500,
2018-09-19,32.59,33.04,32.37,33.01,0.3999999999999986,997000,
2018-09-20,33.24,33.975,33.2,33.69,0.6799999999999997,1281000,
2018-09-21,33.67,33.77,32.92,33.04,-0.6499999999999986,1952800,
2018-09-24,32.97,33.02,30.81,30.85,-2.1899999999999977,1965600,
2018-09-25,30.85,31.16,30.49,30.93,0.0799999999999983,1322000,
2018-09-26,31.06,31.2,30.24,30.29,-0.6400000000000006,1323900,
2018-09-27,30.43,31.52,30.43,31.44,1.1500000000000021,1339800,
2018-09-28,31.25,31.895,31.15,31.53,0.08999999999999986,1086100,
2018-10-01,31.61,31.835,30.93,31.04,-0.490000000000002,1157900,
2018-10-02,31.77,32.1,30,30.15,-0.8900000000000006,1119700,
2018-10-03,30.17,30.64,29.57,30.6,0.45000000000000284,1198000,
2018-10-04,30.63,30.63,28.76,28.97,-1.6300000000000026,1537000,
2018-10-05,28.99,29.41,28.71,29.32,0.3500000000000014,1249800,
2018-10-08,29.12,29.48,28.54,28.7,-0.620000000000001,631200,
2018-10-09,28.52,28.71,27.21,27.28,-1.4199999999999982,1183800,
2018-10-10,27.23,27.3,26.56,26.91,-0.370000000000001,1784300,
2018-10-11,26.8,27.65,26.5,27.2,0.28999999999999915,2058800,
2018-10-12,27.76,28.05,26.63,27.33,0.129999999999999,1169100,
2018-10-15,27.02,27.96,27.02,27.58,0.25,1016300,
2018-10-16,27.76,27.84,27.21,27.37,-0.2099999999999973,1134600,
2018-10-17,27.16,28.01,26.82,27.99,0.6199999999999974,789400,
2018-10-18,28,28,26.58,26.58,-1.4100000000000001,1295500,
2018-10-19,26.6,26.72,25.8,26.01,-0.5699999999999967,1296400,
2018-10-22,26.1,26.36,25.81,26.02,0.00999999999999801,536600,
2018-10-23,25.77,26.43,25.42,26.21,0.19000000000000128,673200,
2018-10-24,26.5,26.66,25.24,25.3,-0.9100000000000001,861400,
2018-10-25,25.46,26.1,25.36,25.86,0.5599999999999987,905700,
2018-10-26,25.48,26.44,25.26,26.27,0.41000000000000014,934400,
2018-10-29,26.84,27.37,25.66,26.15,-0.120000000000001,1413700,
2018-10-30,26.13,27.05,26.06,26.99,0.8399999999999999,579100,
2018-10-31,27.45,27.87,27.1,27.34,0.3500000000000014,1019100,
2018-11-01,27.42,29.97,26.76,29.59,2.25,2277500,
2018-11-02,30.04,31.5,29.73,30.25,0.6600000000000001,1651700,
2018-11-05,30.05,30.05,28.48,29.14,-1.1099999999999994,1102500,
2018-11-06,29.13,29.6,28.83,29.45,0.3099999999999987,858900,
2018-11-07,29.61,30.15,29.18,29.59,0.14000000000000057,860500,
2018-11-08,29.55,29.57,28.51,28.79,-0.8000000000000007,908900,
2018-11-09,28.85,28.98,27.29,27.57,-1.2199999999999989,616800,
2018-11-12,27.61,28.08,27.16,27.64,0.07000000000000028,894500,
2018-11-13,27.74,28.77,27.6,28.44,0.8000000000000007,748100,
2018-11-14,28.74,29.18,28.07,28.35,-0.08999999999999986,981100,
2018-11-15,27.98,28.45,27.33,28.27,-0.08000000000000185,764900,
2018-11-16,27.81,28.28,27.29,27.99,-0.28000000000000114,870200,
2018-11-19,27.99,28.15,26.28,26.34,-1.6499999999999986,962800,
2018-11-20,25.82,25.82,24.56,24.92,-1.4199999999999982,1587800,
2018-11-21,25.06,26.52,25.06,26.49,1.5699999999999967,674900,
2018-11-23,26.32,26.66,26.15,26.45,-0.03999999999999915,264600,
2018-11-26,26.83,27.85,26.5,27.63,1.1799999999999997,1165200,
2018-11-27,27.43,27.51,26.05,26.7,-0.9299999999999997,941900,
2018-11-28,26.7,28.18,26.47,28.1,1.4000000000000021,866500,
2018-11-29,27.93,28.14,27.03,27.71,-0.39000000000000057,708000,
2018-11-30,27.69,28.52,27.51,28.5,0.7899999999999991,658300,
2018-12-03,29.93,30.655,28.97,29.15,0.6499999999999986,1953600,
2018-12-04,29.45,29.72,27.14,27.81,-1.3399999999999999,2072500,
2018-12-06,24,24.39,21.01,23.75,-4.059999999999999,6035800,
2018-12-07,23.07,23.92,20.205,20.41,-3.34,4108200,
2018-12-10,20.87,21.49,19.79,20.28,-0.129999999999999,2720100,
2018-12-11,21.07,22.09,20.71,20.98,0.6999999999999993,2136100,
2018-12-12,21.11,21.6,20.455,20.5,-0.4800000000000004,1577000,
2018-12-13,20.58,20.95,19.56,19.67,-0.8299999999999983,1414600,
2018-12-14,19.9,20.3,18.98,19.1,-0.5700000000000003,2211400,
2018-12-17,18.92,19.36,18.39,18.6,-0.5,1826700,
2018-12-18,18.82,18.98,18.16,18.32,-0.28000000000000114,1333100,
2018-12-19,18.19,18.96,18.06,18.13,-0.19000000000000128,1448200,
2018-12-20,18.09,18.3,17.02,17.45,-0.6799999999999997,1534900,
2018-12-21,17.41,17.9,16.52,16.65,-0.8000000000000007,1517100,
2018-12-24,16.39,17.11,15.89,16.68,0.030000000000001137,714200,
2018-12-26,16.93,17.97,16.67,17.94,1.2600000000000016,987300,
2018-12-27,17.92,18.32,17.5,18.32,0.379999999999999,954600,
2018-12-28,18.48,18.81,17.99,18.44,0.120000000000001,961000,
2018-12-31,18.51,18.8,18.15,18.66,0.21999999999999886,1282500,
2019-01-02,18.41,19.1,17.89,19.03,0.370000000000001,918700,
2019-01-03,18.7,19.67,18.38,19.2,0.16999999999999815,1073500,
2019-01-04,19.48,20.64,19.395,20.31,1.1099999999999994,1504000,
2019-01-07,20.36,21.825,20.09,21.73,1.4200000000000017,1210000,
2019-01-08,22.48,22.89,21.51,22.51,0.7800000000000011,1444700,
2019-01-09,22.4,22.69,21.39,21.94,-0.5700000000000003,917200,
2019-01-10,21.61,22.01,21.34,21.57,-0.370000000000001,1131100,
2019-01-11,21.45,22.63,21.17,22.24,0.6699999999999982,1090500,
2019-01-14,22.2,22.2,19.72,19.91,-2.3299999999999983,3433300,
2019-01-15,19.42,19.75,18.92,19.25,-0.6600000000000001,2302200,
2019-01-16,19.23,20.58,19.01,20.51,1.2600000000000016,2540000,
2019-01-17,20.3,21.4,20.22,21.36,0.8499999999999979,1532700,
2019-01-18,21.32,21.94,20.88,21.59,0.23000000000000043,1561700,
2019-01-22,21.35,22.06,21.23,21.63,0.03999999999999915,1532200,
2019-01-23,21.65,21.97,21.14,21.68,0.05000000000000071,1301700,
2019-01-24,21.75,21.97,21.36,21.61,-0.07000000000000028,715200,
2019-01-25,21.92,22.51,21.57,22.43,0.8200000000000003,715000,
2019-01-28,22.25,22.6,21.94,22.47,0.03999999999999915,669100,
2019-01-29,22.33,22.728,21.955,22.19,-0.2799999999999976,749900,
2019-01-30,22.41,22.41,21.53,21.93,-0.26000000000000156,704000,
2019-01-31,22.04,22.34,21.69,22.04,0.10999999999999943,1036700,
2019-02-01,22.19,22.8,21.76,22.72,0.6799999999999997,733400,
2019-02-04,22.71,23.38,22.39,23.19,0.4700000000000024,1014800,
2019-02-05,23.27,23.48,22.78,23.19,0,594000,
2019-02-06,23.19,23.325,22.35,22.58,-0.610000000000003,638600,
2019-02-07,22.43,22.81,21.97,22.72,0.14000000000000057,738900,
2019-02-08,22.53,22.82,22.29,22.36,-0.35999999999999943,404100,
2019-02-11,22.47,22.66,22.06,22.3,-0.05999999999999872,538800,
2019-02-12,22.54,23.51,22.48,23.11,0.8099999999999987,723800,
2019-02-13,23.15,23.23,22.56,23.05,-0.05999999999999872,613200,
2019-02-14,22.94,23.39,22.79,23.18,0.129999999999999,2106600,
2019-02-15,23.37,23.77,23.25,23.56,0.379999999999999,588100,
2019-02-19,23.57,23.61,23.12,23.3,-0.259999999999998,638700,
2019-02-20,23.3,24.16,23.16,23.86,0.5599999999999987,1027600,
2019-02-21,23.75,23.98,23.09,23.36,-0.5,691600,
2019-02-22,23.39,23.73,23.28,23.47,0.10999999999999943,680000,
2019-02-25,23.63,24.54,23.38,23.8,0.33000000000000185,816200,
2019-02-26,23.67,24.19,23.49,23.53,-0.2699999999999996,798300,
2019-02-27,23.55,24.35,23.55,24.18,0.6499999999999986,427700,
2019-02-28,24.23,24.49,23.615,24.48,0.3000000000000007,588600,
2019-03-01,24.77,25,24.32,24.5,0.019999999999999574,880600,
2019-03-04,24.7,24.86,22.8,22.99,-1.5100000000000016,1139300,
2019-03-05,23.05,23.16,22.35,22.69,-0.29999999999999716,1015500,
2019-03-06,22.83,23.34,22.825,22.94,0.25,555300,
2019-03-07,22.85,23.1989,22.31,22.43,-0.5100000000000016,588500,
2019-03-08,21.92,22.94,21.39,22.66,0.23000000000000043,963200,
2019-03-11,22.7,23.17,22.48,23.09,0.4299999999999997,663300,
2019-03-12,23.23,23.25,22.51,22.58,-0.5100000000000016,874800,
2019-03-13,22.71,23.01,22.43,22.74,0.16000000000000014,770800,
2019-03-14,22.86,22.86,22.1,22.34,-0.3999999999999986,682900,
2019-03-15,22.45,22.71,22.02,22.1,-0.23999999999999844,1097800,
2019-03-18,22.11,22.48,22.035,22.3,0.1999999999999993,771600,
2019-03-19,22.48,22.75,22.2,22.4,0.09999999999999787,913800,
2019-03-20,22.39,22.67,21.79,22.23,-0.16999999999999815,1330700,
2019-03-21,22.2,22.84,21.95,22.81,0.5799999999999983,1094500,
2019-03-22,22.74,23.23,22.15,22.17,-0.639999999999997,842600,
2019-03-25,22.1,22.93,21.92,22.85,0.6799999999999997,1181100,
2019-03-26,23.1,24.0464,22.56,22.85,0,1422900,
2019-03-27,19.4,20,17.13,18.2,-4.650000000000002,12667800,
2019-03-28,18.69,19.1353,17.685,17.83,-0.370000000000001,4892700,
2019-03-29,17.82,18.38,17.46,17.86,0.030000000000001137,3345800,
2019-04-01,18.02,18.705,17.6,18.61,0.75,2941200,
2019-04-02,18.53,18.98,18.41,18.66,0.05000000000000071,1620600,
2019-04-03,18.83,19.11,18.68,18.99,0.3299999999999983,1113500,
2019-04-04,19,21.37,19,20.5,1.5100000000000016,4684000,
2019-04-05,20.64,21.36,20.4234,20.86,0.35999999999999943,2346700,
2019-04-08,20.76,21.1,20.4,20.86,0,1340300,
2019-04-09,20.71,21.31,20.55,20.91,0.05000000000000071,1909800,
2019-04-10,21,21.26,20.765,21.2,0.28999999999999915,1510800,
2019-04-11,21.23,21.62,21.06,21.57,0.370000000000001,1335800,
2019-04-12,21.81,22.32,21.72,22.15,0.5799999999999983,1785100,
2019-04-15,22.02,22.225,21.62,22.2,0.05000000000000071,945900,
2019-04-16,22.18,22.78,22.13,22.72,0.5199999999999996,1034800,
2019-04-17,22.73,22.93,22.13,22.68,-0.03999999999999915,1180700,
2019-04-18,22.59,23.1789,22.31,23.1,0.4200000000000017,1750200,
2019-04-22,22.88,22.88,21.75,21.93,-1.1700000000000017,2051700,
2019-04-23,21.86,22.81,21.42,22.5,0.5700000000000003,1711300,
2019-04-24,22.59,23.3548,22.4701,22.99,0.48999999999999844,1813100,
2019-04-25,22.95,23.6,22.41,22.92,-0.06999999999999673,1502200,
2019-04-26,22.92,23.32,22.42,22.96,0.03999999999999915,791700,
2019-04-29,23,23.46,22.89,22.98,0.019999999999999574,867200,
2019-04-30,22.87,23.66,22.5601,23.49,0.509999999999998,2636600,
2019-05-01,23.64,24.81,23.55,24.1,0.610000000000003,2613900,
2019-05-02,24.06,24.55,23.69,24.5,0.3999999999999986,1346400,
2019-05-03,23.88,24.635,23.55,24.39,-0.10999999999999943,1586700,
2019-05-06,23.65,23.65,22,22.8,-1.5899999999999999,3309600,
2019-05-07,22.58,23.05,21.96,22.58,-0.22000000000000242,1461300,
2019-05-08,22.53,23.31,22.11,23.17,0.5900000000000034,1605800,
2019-05-09,22.98,24.09,22.5,23.38,0.2099999999999973,2522000,
2019-05-10,23.34,24.06,22.87,23.7,0.3200000000000003,2306800,
2019-05-13,23.02,23.03,19.38,19.89,-3.8099999999999987,3834800,
2019-05-14,20.26,21.47,19.14,20.61,0.7199999999999989,3039600,
2019-05-15,20.61,23.84,20.12,22.3,1.6900000000000013,5975000,
2019-05-16,22.5,23.75,22.38,23.26,0.9600000000000009,2740600,
2019-05-17,22.95,23.53,22.78,23,-0.26000000000000156,1626800,
2019-05-20,22.86,23.47,22.6,22.9,-0.10000000000000142,1296800,
2019-05-21,22.43,22.69,20.73,21.5,-1.3999999999999986,4427100,
2019-05-22,21.39,21.87,20.13,20.53,-0.9699999999999989,1891400,
2019-05-23,20.13,20.17,19.27,19.99,-0.5400000000000027,1562200,
2019-05-24,20.14,20.9,20.08,20.74,0.75,1389300,
2019-05-28,20.81,21.13,18.89,19.47,-1.2699999999999996,3051300,
2019-05-29,19.34,19.54,18.61,19.01,-0.4599999999999973,2828500,
2019-05-30,19.22,19.74,18.775,19.41,0.3999999999999986,1666600,
2019-05-31,18.98,19.13,18.48,19.05,-0.35999999999999943,1548400,
2019-06-03,19.01,19.17,17.74,18.3,-0.75,2274000,
2019-06-04,18.62,19.29,18.5,19.03,0.7300000000000004,2433200,
2019-06-05,19.24,19.24,17.4,17.51,-1.5199999999999996,3095200,
2019-06-06,9.94,10.47,7.44,7.5,-10.010000000000002,44032100,
2019-06-07,7.85,7.97,7.465,7.61,0.11000000000000032,17459500,
2019-06-10,7.56,8.235,7.55,7.99,0.3799999999999999,6475400,
2019-06-11,8.03,8.25,7.66,7.73,-0.2599999999999998,6624800,
2019-06-12,7.79,7.795,7.52,7.78,0.04999999999999982,4060900,
2019-06-13,7.88,8.24,7.62,8.21,0.4300000000000006,3202800,
2019-06-14,8.13,8.2,7.64,7.69,-0.5200000000000005,3067600,
2019-06-17,7.68,7.93,7.57,7.79,0.09999999999999964,2725200,
2019-06-18,7.76,8.0538,7.65,7.89,0.09999999999999964,2391100,
2019-06-19,7.86,7.95,7.55,7.68,-0.20999999999999996,3675400,
2019-06-20,7.7,7.79,7.41,7.48,-0.1999999999999993,5756600,
2019-06-21,7.46,7.71,7.365,7.4,-0.08000000000000007,6154200,
2019-06-24,7.49,7.53,6.67,6.8,-0.6000000000000005,6315600,
2019-06-25,6.78,6.985,6.585,6.61,-0.1899999999999995,3821000,
2019-06-26,6.65,6.8,6.52,6.61,0,2608800,
2019-06-27,6.61,6.9,6.57,6.74,0.1299999999999999,2452300,
2019-06-28,6.69,6.79,6.37,6.66,-0.08000000000000007,6250200,
2019-07-01,6.8,7.1,6.75,7.08,0.41999999999999993,4155200,
2019-07-02,7.03,7.1,6.87,7.01,-0.07000000000000028,2374300,
2019-07-03,7,7.06,6.89,6.96,-0.04999999999999982,1552600,
2019-07-05,6.99,7.19,6.9446,7.13,0.16999999999999993,1503400,
2019-07-08,7.07,7.3,6.93,6.98,-0.14999999999999947,3102400,
2019-07-09,6.99,7.02,6.7,6.78,-0.20000000000000018,2411800,
2019-07-10,6.82,6.95,6.725,6.95,0.16999999999999993,1559200,
2019-07-11,6.95,6.99,6.54,6.57,-0.3799999999999999,2583400,
2019-07-12,6.6,6.82,6.55,6.75,0.17999999999999972,1661000,
2019-07-15,6.78,6.84,6.39,6.43,-0.3200000000000003,3098000,
2019-07-16,6.43,6.77,6.43,6.63,0.20000000000000018,2177000,
2019-07-17,6.64,6.64,6.14,6.18,-0.4500000000000002,3423900,
2019-07-18,6.2,6.31,5.82,5.95,-0.22999999999999954,3691300,
2019-07-19,6.03,6.32,5.95,6.02,0.0699999999999994,3525900,
2019-07-22,6.07,6.19,5.67,5.74,-0.27999999999999936,4051000,
2019-07-23,5.75,5.75,5.16,5.35,-0.39000000000000057,5004800,
2019-07-24,5.37,6.545,5.37,6.15,0.8000000000000007,11020400,
2019-07-25,6.2,6.3,5.98,6.04,-0.11000000000000032,3932500,
2019-07-26,6.05,6.18,5.85,6.11,0.07000000000000028,2932800,
2019-07-29,6.11,6.19,5.8532,6.07,-0.040000000000000036,2082200,
2019-07-30,6.06,6.13,5.88,6.05,-0.020000000000000462,1992500,
2019-07-31,6.04,6.23,5.95,5.99,-0.05999999999999961,2056200,
2019-08-01,6,6.04,5.49,5.57,-0.41999999999999993,3762700,
2019-08-02,5.55,5.68,5.37,5.51,-0.0600000000000005,3132500,
2019-08-05,5.32,5.33,5.01,5.27,-0.2400000000000002,2990100,
2019-08-06,5.31,5.53,5.13,5.27,0,1911900,
2019-08-07,5.16,5.2,4.76,4.93,-0.33999999999999986,2910200,
2019-08-08,4.99,5.07,4.88,4.99,0.0600000000000005,2211100,
2019-08-09,5.05,5.1,4.74,4.78,-0.20999999999999996,1472300,
2019-08-12,4.75,4.86,4.62,4.79,0.009999999999999787,1564000,
2019-08-13,4.78,5.19,4.63,4.86,0.07000000000000028,2294800,
2019-08-14,4.73,4.98,4.58,4.92,0.05999999999999961,2933100,
2019-08-15,4.95,5.045,4.61,4.66,-0.2599999999999998,2124200,
2019-08-16,4.72,5.26,4.7,5.15,0.4900000000000002,4131200,
2019-08-19,5.27,5.5975,5.2,5.42,0.2699999999999996,3211000,
2019-08-20,5.35,5.65,5.33,5.38,-0.040000000000000036,3966500,
2019-08-21,5.47,6.02,5.46,5.82,0.4400000000000004,2853400,
2019-08-22,5.86,6.59,5.86,6.57,0.75,7021300,
2019-08-23,6.41,6.45,5.9,6.06,-0.5100000000000007,4492300,
2019-08-26,6.19,6.255,5.8849,6.07,0.010000000000000675,2694600,
2019-08-27,6.12,6.22,5.815,6.04,-0.03000000000000025,5704700,
2019-08-28,6.07,6.47,5.95,6.45,0.41000000000000014,3217400,
2019-08-29,6.59,7.02,6.39,6.7,0.25,5414200,
2019-08-30,6.74,6.85,6.47,6.74,0.040000000000000036,2284900,
2019-09-03,6.62,6.82,6.395,6.7,-0.040000000000000036,3960900,
2019-09-04,6.76,6.95,6.64,6.91,0.20999999999999996,5071900,
2019-09-05,5.72,6.67,5.61,6.52,-0.39000000000000057,8118300,
2019-09-06,6.58,7.37,6.52,7.24,0.7200000000000006,5724800,
2019-09-09,7.3,8.2,7.3,7.96,0.7199999999999998,7308700,
2019-09-10,7.96,8.61,7.76,8.56,0.6000000000000005,5595800,
2019-09-11,8.69,9.16,8.265,9.01,0.4499999999999993,6764600,
2019-09-12,9.37,9.38,8.515,8.95,-0.0600000000000005,4504100,
2019-09-13,8.94,9.27,8.67,9.21,0.26000000000000156,3764600,
2019-09-16,9.11,9.49,9.08,9.19,-0.02000000000000135,3840000,
2019-09-17,9.21,9.3,8.75,9.3,0.11000000000000121,3390100,
2019-09-18,9.18,9.21,8.8,9.17,-0.13000000000000078,3733600,
2019-09-19,9.2,9.41,9.05,9.19,0.019999999999999574,2468900,
2019-09-20,9.21,9.4,8.97,9.09,-0.09999999999999964,3543900,
2019-09-23,9,9.75,8.95,9.72,0.6300000000000008,2758000,
2019-09-24,9.76,9.96,9.33,9.49,-0.23000000000000043,2997400,
2019-09-25,9.47,9.73,9.28,9.71,0.22000000000000064,2064100,
2019-09-26,9.7,9.715,9.37,9.39,-0.3200000000000003,2140900,
2019-09-27,9.33,9.5795,9.19,9.35,-0.040000000000000924,2061000,
2019-09-30,9.42,9.69,9.26,9.62,0.2699999999999996,2115400,
2019-10-01,9.69,10.1,9.69,9.82,0.20000000000000107,2898500,
2019-10-02,9.79,9.79,8.8209,9.17,-0.6500000000000004,2578100,
2019-10-03,9.14,9.25,8.58,9.25,0.08000000000000007,2256000,
2019-10-04,9.38,9.465,8.92,9.33,0.08000000000000007,2087200,
2019-10-07,9.27,9.68,9.07,9.68,0.34999999999999964,1622300,
2019-10-08,9.52,9.76,9.34,9.6,-0.08000000000000007,1206500,
2019-10-09,9.76,9.9,9.63,9.86,0.2599999999999998,1433100,
2019-10-10,9.94,10.24,9.86,10.1,0.2400000000000002,2077600,
2019-10-11,10.23,10.53,10.1699,10.2,0.09999999999999964,2300000,
2019-10-14,10.16,10.23,9.83,10.03,-0.16999999999999993,1204000,
2019-10-15,10.05,10.16,9.6,9.67,-0.35999999999999943,1939900,
2019-10-16,9.65,10.04,9.61,9.91,0.2400000000000002,1110100,
2019-10-17,9.92,10.085,9.7837,9.95,0.03999999999999915,1148100,
2019-10-18,9.84,9.915,9.47,9.57,-0.379999999999999,1115700,
2019-10-21,9.68,9.95,9.655,9.79,0.21999999999999886,1187500,
2019-10-22,9.76,10.23,9.61,10.12,0.33000000000000007,1492900,
2019-10-23,10.1,10.22,9.92,10.15,0.030000000000001137,810100,
2019-10-24,10.15,10.21,9.82,9.99,-0.16000000000000014,1150100,
2019-10-25,9.9,10.5,9.8189,10.34,0.34999999999999964,1528300,
2019-10-28,10.45,10.55,9.625,9.67,-0.6699999999999999,2293300,
2019-10-29,9.6,9.64,9.095,9.29,-0.3800000000000008,1710700,
2019-10-30,9.26,9.29,8.77,9.09,-0.1999999999999993,1372100,
2019-10-31,9.01,9.01,8.38,8.52,-0.5700000000000003,1885900,
2019-11-01,8.54,8.9,8.43,8.69,0.16999999999999993,1278300,
2019-11-04,8.8,9.0512,8.67,8.76,0.07000000000000028,994900,
2019-11-05,8.74,9.03,8.73,8.83,0.07000000000000028,917700,
2019-11-06,8.81,8.94,8.65,8.81,-0.019999999999999574,843700,
2019-11-07,9.01,9.03,8.445,8.52,-0.2900000000000009,990300,
2019-11-08,8.5,8.79,8.32,8.71,0.19000000000000128,966100,
2019-11-11,8.59,8.69,8.46,8.66,-0.05000000000000071,902500,
2019-11-12,8.68,8.875,8.48,8.64,-0.019999999999999574,813700,
2019-11-13,8.54,8.61,8.42,8.55,-0.08999999999999986,769400,
2019-11-14,8.56,8.83,8.49,8.66,0.10999999999999943,905200,
2019-11-15,8.77,9.52,8.71,9.2,0.5399999999999991,1693800,
2019-11-18,9.21,9.26,8.8,8.95,-0.25,1070900,
2019-11-19,8.95,9.015,8.495,8.57,-0.379999999999999,1210100,
2019-11-20,8.56,8.58,7.94,7.98,-0.5899999999999999,1831400,
2019-11-21,8.04,8.32,7.99,8.09,0.10999999999999943,1537200,
2019-11-22,8.13,8.275,8.08,8.24,0.15000000000000036,1054800,
2019-11-25,8.31,8.49,8.28,8.42,0.17999999999999972,992600,
2019-11-26,8.41,8.63,8.39,8.57,0.15000000000000036,1367200,
2019-11-27,8.63,8.71,8.55,8.57,0,1153600,
2019-11-29,8.51,8.66,8.44,8.58,0.009999999999999787,635600,
2019-12-02,8.58,8.64,8.34,8.43,-0.15000000000000036,1228900,
2019-12-03,8.24,8.28,8.03,8.2,-0.23000000000000043,1588900,
2019-12-04,8.25,8.69,8.2,8.55,0.3500000000000014,5303400,
2019-12-05,4.75,5.75,4.7,5.48,-3.0700000000000003,15203700,
2019-12-06,5.38,6.04,5.18,5.67,0.1899999999999995,6358800,
2019-12-09,5.79,6.39,5.76,6.33,0.6600000000000001,5269700,
2019-12-10,6.25,6.54,5.86,5.92,-0.41000000000000014,3993500,
2019-12-11,5.92,5.955,5.6553,5.68,-0.2400000000000002,2280000,
2019-12-12,5.72,6.46,5.7,6.39,0.71,2911500,
2019-12-13,6.41,6.41,5.625,5.69,-0.6999999999999993,4514200,
2019-12-16,5.76,5.79,5.35,5.36,-0.33000000000000007,2583600,
2019-12-17,5.35,5.44,5.22,5.29,-0.07000000000000028,2523500,
2019-12-18,5.34,5.5161,5.33,5.4,0.11000000000000032,2101300,
2019-12-19,5.41,5.47,5.2789,5.35,-0.05000000000000071,1769700,
2019-12-20,5.36,5.49,5.34,5.42,0.07000000000000028,2086500,
2019-12-23,5.38,5.49,5.15,5.37,-0.04999999999999982,1836700,
2019-12-24,5.39,5.53,5.25,5.47,0.09999999999999964,985900,
2019-12-26,5.51,5.5801,5.32,5.47,0,1287000,
2019-12-27,5.52,5.61,5.3643,5.49,0.020000000000000462,1539300,
2019-12-30,5.46,5.52,5.34,5.34,-0.15000000000000036,1713600,
2019-12-31,5.32,5.56,5.26,5.5,0.16000000000000014,2329500,
2020-01-02,5.56,5.73,5.11,5.2,-0.2999999999999998,2889200,
2020-01-03,5.08,5.23,5.02,5.08,-0.1200000000000001,1564600,
2020-01-06,5.08,5.53,5.01,5.49,0.41000000000000014,3103000,
2020-01-07,5.49,5.62,5.36,5.58,0.08999999999999986,2117900,
2020-01-08,5.5,5.74,5.3,5.3,-0.28000000000000025,2060800,
2020-01-09,5.4,5.4,5.1,5.18,-0.1200000000000001,1895600,
2020-01-10,5.17,5.295,5.05,5.08,-0.09999999999999964,2265300,
2020-01-13,5.82,5.88,5.315,5.64,0.5599999999999996,5386500,
2020-01-14,5.59,6,5.55,5.81,0.16999999999999993,2578900,
2020-01-15,5.78,6.1,5.74,5.99,0.1800000000000006,2384700,
2020-01-16,6.05,6.47,6.05,6.26,0.2699999999999996,2515400,
2020-01-17,6.31,6.37,5.875,6.01,-0.25,2282300,
2020-01-21,5.87,6.27,5.65,6.22,0.20999999999999996,3077900,
2020-01-22,6.26,6.39,6.06,6.11,-0.10999999999999943,1473100,
2020-01-23,6.11,6.15,5.92,6.03,-0.08000000000000007,1235800,
2020-01-24,6.01,6.0581,5.73,6,-0.03000000000000025,1782800,
2020-01-27,5.81,5.94,5.73,5.8,-0.20000000000000018,1350800,
2020-01-28,5.86,5.97,5.7,5.93,0.1299999999999999,977800,
2020-01-29,5.96,6.1,5.92,5.97,0.040000000000000036,916500,
2020-01-30,5.87,5.9,5.63,5.83,-0.13999999999999968,1191300,
2020-01-31,5.78,5.79,5.535,5.66,-0.16999999999999993,1576800,
2020-02-03,5.63,5.83,5.57,5.72,0.05999999999999961,1398500,
2020-02-04,5.8,6.05,5.78,5.86,0.14000000000000057,2350700,
2020-02-05,5.98,6.32,5.97,6.31,0.4499999999999993,1959100,
2020-02-06,6.33,6.37,6.08,6.26,-0.04999999999999982,1001600,
2020-02-07,6.21,6.32,6.01,6.24,-0.019999999999999574,989200,
2020-02-10,6.22,6.36,6.09,6.21,-0.03000000000000025,1010600,
2020-02-11,6.26,6.37,6.09,6.18,-0.03000000000000025,766200,
2020-02-12,6.25,6.6,6.12,6.59,0.41000000000000014,1741600,
2020-02-13,6.54,6.615,6.285,6.55,-0.040000000000000036,1278400,
2020-02-14,6.59,6.62,6.3,6.36,-0.1899999999999995,1099900,
2020-02-18,6.36,6.65,6.2768,6.57,0.20999999999999996,1127300,
2020-02-19,6.57,6.925,6.51,6.91,0.33999999999999986,1554100,
2020-02-20,6.92,7.26,6.82,7.16,0.25,1897600,
2020-02-21,7.18,7.38,7,7.15,-0.009999999999999787,2063700,
2020-02-24,6.9,6.96,6.1201,6.4,-0.75,2186500,
2020-02-25,6.4,6.44,5.69,5.75,-0.6500000000000004,1871000,
2020-02-26,5.82,5.93,5.5,5.65,-0.09999999999999964,1419700,
2020-02-27,5.37,5.47,4.75,4.93,-0.7200000000000006,3507300,
2020-02-28,4.65,5.0859,4.6,5,0.07000000000000028,3421000,
2020-03-02,5.05,5.05,4.2,4.55,-0.4500000000000002,5153000,
2020-03-03,4.7,5.17,4.51,4.65,0.10000000000000053,2892800,
2020-03-04,4.71,4.99,4.65,4.99,0.33999999999999986,1745700,
2020-03-05,4.81,4.81,4.49,4.57,-0.41999999999999993,2184900,
2020-03-06,4.43,4.79,4.26,4.37,-0.20000000000000018,2177500,
2020-03-09,3.9,3.9,2.87,3.17,-1.2000000000000002,5419400,
2020-03-10,3.92,4.16,3.28,4.13,0.96,5187600,
2020-03-11,3.85,3.9,3.43,3.55,-0.5800000000000001,2779300,
2020-03-12,3.3,3.45,2.79,2.94,-0.6099999999999999,3860600,
2020-03-13,3.25,3.44,2.95,3.37,0.43000000000000016,4055000,
2020-03-16,2.68,3.24,2.68,2.8,-0.5700000000000003,2661700,
2020-03-17,2.94,2.945,1.98,2.27,-0.5299999999999998,4982900,
2020-03-18,2.04,2.1285,1.2,1.48,-0.79,6158700,
2020-03-19,1.45,2.1,1.25,2.04,0.56,4068100,
2020-03-20,2.25,2.27,1.67,2.04,0,4533600,
2020-03-23,2.08,2.31,1.91,2.28,0.23999999999999977,2640800,
2020-03-24,2.5,3.09,2.35,2.79,0.5100000000000002,4322100,
2020-03-25,2.25,2.75,2,2.19,-0.6000000000000001,6574700,
2020-03-26,2.25,2.63,2.12,2.18,-0.009999999999999787,3358100,
2020-03-27,2.11,2.25,1.95,2.22,0.040000000000000036,2109300,
2020-03-30,2.34,2.34,1.875,1.95,-0.27000000000000024,2697100,
2020-03-31,1.97,2.02,1.82,2.02,0.07000000000000006,2636400,
2020-04-01,1.9199,1.9199,1.63,1.66,-0.3600000000000001,2752500,
2020-04-02,1.67,1.7,1.45,1.46,-0.19999999999999996,2079200,
2020-04-03,1.5,1.5,1.3,1.42,-0.040000000000000036,1903200,
2020-04-06,1.54,1.81,1.53,1.68,0.26,2638900,
2020-04-07,1.85,1.9,1.48,1.55,-0.1299999999999999,4623200,
2020-04-08,1.56,2.05,1.55,1.95,0.3999999999999999,3948500,
2020-04-09,2.04,2.4,1.87,2.01,0.05999999999999983,3715000,
2020-04-13,2.04,2.1,1.8045,1.94,-0.06999999999999984,1672400,
2020-04-14,2.05,2.2012,2.02,2.14,0.20000000000000018,3465600,
2020-04-15,2.05,2.11,1.92,1.93,-0.2100000000000002,2606900,
2020-04-16,1.91,1.98,1.68,1.76,-0.16999999999999993,2801200,
2020-04-17,1.94,2.03,1.88,1.96,0.19999999999999996,1929700,
2020-04-20,1.9,1.985,1.75,1.9,-0.06000000000000005,1512100,
2020-04-21,1.84,1.94,1.81,1.93,0.030000000000000027,1074200,
2020-04-22,1.98,2.05,1.91,1.92,-0.010000000000000009,1532400,
2020-04-23,1.91,1.9914,1.73,1.78,-0.1399999999999999,2409900,
2020-04-24,1.8,1.84,1.73,1.79,0.010000000000000009,1351100,
2020-04-27,1.81,2.24,1.81,2.16,0.3700000000000001,3443600,
2020-04-28,2.3,2.5,2.19,2.23,0.06999999999999984,2874900,
2020-04-29,2.45,3.01,2.34,2.93,0.7000000000000002,4858200,
2020-04-30,2.85,2.86,2.35,2.35,-0.5800000000000001,3840900,
2020-05-01,2.41,2.6,2.25,2.44,0.08999999999999986,2841900,
2020-05-04,2.44,2.45,2.195,2.36,-0.08000000000000007,1250200,
2020-05-05,2.46,2.62,2.305,2.34,-0.020000000000000018,1717100,
2020-05-06,2.36,2.375,2.17,2.21,-0.1299999999999999,1529900,
2020-05-07,2.28,2.41,2.25,2.34,0.1299999999999999,1172300,
2020-05-08,2.38,2.52,2.35,2.45,0.11000000000000032,1777800,
2020-05-11,2.47,2.59,2.275,2.42,-0.03000000000000025,1709500,
2020-05-12,2.45,3.12,2.41,2.8,0.3799999999999999,8236600,
2020-05-13,2.75,2.8,2.5201,2.57,-0.22999999999999998,4241200,
2020-05-14,2.57,2.75,2.32,2.71,0.14000000000000012,4692500,
2020-05-15,2.61,2.87,2.55,2.86,0.1499999999999999,3173400,
2020-05-18,3.07,3.57,3.07,3.53,0.6699999999999999,6992800,
2020-05-19,3.51,3.74,3.36,3.68,0.15000000000000036,5115000,
2020-05-20,3.8,4.61,3.8,4.15,0.4700000000000002,9566800,
2020-05-21,4.08,4.51,4.04,4.48,0.33000000000000007,5865600,
2020-05-22,4.48,4.6412,4.03,4.33,-0.15000000000000036,5059700,
2020-05-26,4.7,5.1819,4.61,5.1,0.7699999999999996,5183700,
2020-05-27,5.44,5.46,4.59,5.2,0.10000000000000053,5940000,
2020-05-28,5.21,5.245,4.55,4.65,-0.5499999999999998,2990000,
2020-05-29,4.63,4.9,4.37,4.74,0.08999999999999986,2743900,
2020-06-01,4.74,5.13,4.57,4.82,0.08000000000000007,3961900,
2020-06-02,4.97,5.22,4.9,5.05,0.22999999999999954,3127800,
2020-06-03,5.18,6.33,5.05,6.18,1.13,7914600,
2020-06-04,6.09,6.6186,6,6.2,0.020000000000000462,4398500,
2020-06-05,6.68,7.02,6.48,6.88,0.6799999999999997,5468200,
2020-06-08,7.27,8,7.16,7.8,0.9199999999999999,6040500,
2020-06-09,7.36,7.54,6.72,6.93,-0.8700000000000001,3369800,
2020-06-10,7.12,7.12,6.25,6.56,-0.3700000000000001,4015400,
2020-06-11,5.76,6.36,5.56,5.93,-0.6299999999999999,3966500,
2020-06-12,6.49,6.74,6.0816,6.61,0.6800000000000006,2726700,
2020-06-15,6.11,6.86,6,6.66,0.04999999999999982,4609400,
2020-06-16,6.96,7.7,6.64,7.56,0.8999999999999995,5621300,
2020-06-17,7.45,7.64,7.24,7.42,-0.13999999999999968,3435000,
2020-06-18,7.37,7.94,7.241,7.77,0.34999999999999964,6137400,
2020-06-19,7.33,7.79,6.64,6.9,-0.8699999999999992,7807900,
2020-06-22,6.97,7.71,6.85,7.58,0.6799999999999997,3311200,
2020-06-23,7.79,8.42,7.72,8.1,0.5199999999999996,4639800,
2020-06-24,7.89,7.9924,6.94,7.4,-0.6999999999999993,2607300,
2020-06-25,7.2,7.49,6.85,7.11,-0.29000000000000004,2592600,
2020-06-26,7.05,7.36,6.88,7.04,-0.07000000000000028,3211000,
2020-06-29,7.11,7.28,6.71,6.94,-0.09999999999999964,4512500,
2020-06-30,6.95,7.05,6.48,6.49,-0.4500000000000002,2528700,
2020-07-01,6.5,6.8,6.35,6.39,-0.10000000000000053,1932400,
2020-07-02,6.67,6.81,6.37,6.64,0.25,1601400,
2020-07-06,6.85,6.91,6.42,6.5,-0.13999999999999968,1666900,
2020-07-07,6.37,6.44,5.84,5.97,-0.5300000000000002,2753800,
2020-07-08,6,6.275,5.95,6.27,0.2999999999999998,998500,
2020-07-09,6.18,6.28,5.715,5.8,-0.46999999999999975,1494200,
2020-07-10,5.83,6.12,5.8,5.96,0.16000000000000014,1359700,
2020-07-13,6.04,6.09,5.59,5.61,-0.34999999999999964,1529600,
2020-07-14,5.61,5.795,5.47,5.77,0.15999999999999925,1977900,
2020-07-15,6.09,6.4163,5.95,6.25,0.4800000000000004,2088200,
2020-07-16,6.14,6.43,6,6.35,0.09999999999999964,1035200,
2020-07-17,6.42,6.83,6.39,6.53,0.1800000000000006,1735100,
2020-07-20,6.5,6.5673,6.35,6.48,-0.04999999999999982,872200,
2020-07-21,6.52,6.985,6.52,6.87,0.3899999999999997,1680400,
2020-07-22,6.91,9.15,6.91,8.75,1.88,18091900,
2020-07-23,8.61,8.91,7.8101,8.27,-0.4800000000000004,4252300,
2020-07-24,8.17,9.34,8.11,8.64,0.370000000000001,3350200,
2020-07-27,8.81,8.83,8.36,8.63,-0.009999999999999787,1726200,
2020-07-28,8.48,9.17,8.41,8.85,0.21999999999999886,1551600,
2020-07-29,8.86,9.67,8.86,9.44,0.5899999999999999,5647000,
2020-07-30,13.01,13.54,11.6799,12.6,3.16,23152200,
2020-07-31,12.66,12.89,11.96,12.42,-0.17999999999999972,5629100,
2020-08-03,12.6,12.7719,12.24,12.41,-0.009999999999999787,3310300,
2020-08-04,12.51,14.32,12.4885,13.67,1.2599999999999998,7104800,
2020-08-05,13.91,14.715,13.41,14.66,0.9900000000000002,4587700,
2020-08-06,14.47,15.38,14.38,14.75,0.08999999999999986,3176300,
2020-08-07,14.66,15.88,14.65,15.54,0.7899999999999991,3391100,
2020-08-10,15.6,16.34,15.31,16.07,0.5300000000000011,2366100,
2020-08-11,16.27,16.35,15.28,15.57,-0.5,3085700,
2020-08-12,15.83,16,15.08,15.92,0.34999999999999964,2011900,
2020-08-13,15.9,17.18,15.61,16.51,0.5900000000000016,2460300,
2020-08-14,16.51,17.02,15.94,16.85,0.33999999999999986,1677600,
2020-08-17,17.15,17.23,16.73,17.01,0.16000000000000014,2088700,
2020-08-18,16.94,17.28,16.53,16.79,-0.22000000000000242,1866500,
2020-08-19,16.85,19.55,16.85,18.66,1.870000000000001,8800700,
2020-08-20,18.4,19.36,17.86,19.24,0.5799999999999983,4070800,
2020-08-21,19.4,19.58,18.75,19.32,0.08000000000000185,2409600,
2020-08-24,19.7,19.79,18.43,18.91,-0.41000000000000014,2463300,
2020-08-25,18.8,18.88,18.02,18.62,-0.28999999999999915,2126500,
2020-08-26,18.62,19.2294,18.34,18.84,0.21999999999999886,1866700,
2020-08-27,18.88,19.14,17.26,17.51,-1.3299999999999983,3761900,
2020-08-28,17.92,19.27,17.718,18.68,1.1699999999999982,3552300,
2020-08-31,19.15,19.53,18.65,19.11,0.4299999999999997,2644100,
2020-09-01,20,23.92,19.665,23.33,4.219999999999999,18963300,
2020-09-02,18.27,18.85,16.48,17.26,-6.069999999999997,17552300,
2020-09-03,17.09,17.35,15.1138,15.41,-1.8500000000000014,6653500,
2020-09-04,15.27,15.7299,13.87,15,-0.41000000000000014,4433200,
2020-09-08,14.82,15.87,14.77,14.93,-0.07000000000000028,3759100,
2020-09-09,15.3,15.6981,14.84,15.6,0.6699999999999999,2235800,
2020-09-10,15.81,17.59,15.8,16.21,0.6100000000000012,4896000,
2020-09-11,16.35,16.5,15.61,15.79,-0.4200000000000017,1666700,
2020-09-14,16,16.52,15.88,16.15,0.35999999999999943,1857000,
2020-09-15,16.33,16.48,15.47,15.8,-0.34999999999999787,1943700,
2020-09-16,15.97,16,14.99,15.03,-0.7700000000000014,2013500,
2020-09-17,14.75,15.34,14.51,15.18,0.15000000000000036,2356900,
2020-09-18,15.14,15.35,14.58,14.86,-0.3200000000000003,2005900,
2020-09-21,14.29,14.68,13.95,14.65,-0.20999999999999908,2159400,
2020-09-22,14.84,15.54,14.77,15.15,0.5,1573400,
2020-09-23,15.55,15.86,14.25,14.26,-0.8900000000000006,2168200,
2020-09-24,14.16,14.5899,13.82,13.94,-0.3200000000000003,1954200,
2020-09-25,14.3,14.3,13.64,14.14,0.20000000000000107,1804300,
2020-09-28,14.55,15.15,14.21,14.23,0.08999999999999986,1971000,
2020-09-29,14.75,15.62,14.6646,14.84,0.6099999999999994,2304700,
2020-09-30,15.1,15.72,14.76,14.86,0.019999999999999574,4439800,
2020-10-01,15.11,15.75,14.89,15.2,0.33999999999999986,3856000,
2020-10-02,14.49,15.91,14.4,15.75,0.5500000000000007,2766800,
2020-10-05,16.15,18.07,16.145,18.06,2.3099999999999987,4367300,
2020-10-06,18.07,18.59,17.61,17.84,-0.21999999999999886,3613800,
2020-10-07,18.34,19.38,18.18,19.22,1.379999999999999,2708500,
2020-10-08,19.35,19.67,18.77,19.22,0,2876200,
2020-10-09,19.29,19.52,18.76,19.22,0,2170500,
2020-10-12,19.68,20.25,19.5,19.9,0.6799999999999997,1626600,
2020-10-13,19.61,21.03,19.25,20.81,0.9100000000000001,2329000,
2020-10-14,21.01,21.169,20.37,20.86,0.05000000000000071,2090700,
2020-10-15,19.77,22.01,19.7,22,1.1400000000000006,1714200,
2020-10-16,22.02,22.73,21.33,21.77,-0.23000000000000043,1901700,
2020-10-19,21.88,22.24,20.87,21.12,-0.6499999999999986,1488900,
2020-10-20,21.28,21.6793,21.01,21.18,0.05999999999999872,1025100,
2020-10-21,21.19,21.64,20.08,20.74,-0.4400000000000013,1942500,
2020-10-22,20.81,22.39,20.78,22.04,1.3000000000000007,2092200,
2020-10-23,22.14,22.84,21.51,22.72,0.6799999999999997,2603600,
2020-10-26,22.14,22.93,20.96,21.85,-0.8699999999999974,2767200,
2020-10-27,22.04,22.39,21.3,21.58,-0.2700000000000031,1785100,
2020-10-28,20.26,21.3625,20.09,21.32,-0.259999999999998,2031400,
2020-10-29,18.91,18.98,16.39,16.56,-4.760000000000002,6673800,
2020-10-30,16.19,16.43,15.555,16.29,-0.2699999999999996,2997100,
2020-11-02,16.5,16.785,15.81,16.56,0.2699999999999996,1886600,
2020-11-03,16.78,16.9815,16.39,16.73,0.1700000000000017,1048500,
2020-11-04,16.85,17.41,16.68,16.98,0.25,988200,
2020-11-05,17.3,18.65,17.265,17.93,0.9499999999999993,2329500,
2020-11-06,17,17.13,15.5,16.66,-1.2699999999999996,5177100,
2020-11-09,16.91,17.37,13.49,13.52,-3.1400000000000006,9157000,
2020-11-10,13.67,13.7,13,13.33,-0.1899999999999995,2963700,
2020-11-11,13.59,14.66,13.06,14.63,1.3000000000000007,3570600,
2020-11-12,14.45,15.09,13.94,13.99,-0.6400000000000006,2004000,
2020-11-13,14.19,14.7,13.951,14.09,0.09999999999999964,1595400,
2020-11-16,14.15,14.54,13.75,14.21,0.120000000000001,1800900,
2020-11-17,14.32,15.39,14.09,15.09,0.879999999999999,2578400,
2020-11-18,15.25,16.16,15.17,15.61,0.5199999999999996,2796500,
2020-11-19,15.7,16.53,15.6594,16.26,0.6500000000000021,2318200,
2020-11-20,16.48,17.77,16.38,16.74,0.4799999999999969,2618300,
2020-11-23,16.81,17.405,16.63,16.88,0.14000000000000057,2615800,
2020-11-24,17.25,18.03,16.85,17.99,1.1099999999999994,3090500,
2020-11-25,18.1,19.2793,18.09,18.85,0.860000000000003,2386800,
2020-11-27,19.04,19.57,18.82,19.14,0.28999999999999915,1543200,
2020-11-30,19.65,19.65,17.77,18.94,-0.1999999999999993,3670700,
2020-12-01,19,19.06,17.19,18.41,-0.5300000000000011,3483600,
2020-12-02,17.5,19.07,16.85,18.59,0.17999999999999972,3664700,
2020-12-03,18.86,18.9,17.18,17.28,-1.3099999999999987,4238600,
2020-12-04,17.29,17.48,16.49,16.73,-0.5500000000000007,2815800,
2020-12-07,16.88,16.9,16.2,16.44,-0.28999999999999915,1911900,
2020-12-08,16.32,17.22,16.05,16.22,-0.22000000000000242,2776200,
2020-12-09,16.32,16.775,15.86,16.23,0.010000000000001563,2489200,
2020-12-10,15.94,16.05,15.41,15.73,-0.5,3661100,
2020-12-11,15.74,16.07,15.19,15.26,-0.47000000000000064,2183300,
2020-12-14,15.5,15.699,14.97,15.21,-0.049999999999998934,1906900,
2020-12-15,15.5,16.42,15.115,16.26,1.0500000000000007,3333000,
2020-12-16,16.31,16.6,15.95,15.98,-0.28000000000000114,1816400,
2020-12-17,16.13,16.78,15.75,16.47,0.48999999999999844,3923000,
2020-12-18,16.65,17.02,15.73,15.84,-0.629999999999999,3739000,
2020-12-21,15.57,16.1,15.3601,15.65,-0.1899999999999995,2991000,
2020-12-22,15.61,16.23,15.21,16.11,0.4599999999999991,2448600,
2020-12-23,16.02,16.43,15.68,15.85,-0.2599999999999998,1356500,
2020-12-24,15.95,16.17,15.51,16.06,0.20999999999999908,854200,
2020-12-28,16.1,16.28,15.37,15.43,-0.629999999999999,1892700,
2020-12-29,15.5,15.55,14.84,15.15,-0.27999999999999936,2097100,
2020-12-30,15.16,15.465,15.02,15.31,0.16000000000000014,1498400,
2020-12-31,15.3,15.55,15.1,15.46,0.15000000000000036,1428700,
2021-01-04,15.58,15.945,15.23,15.77,0.3099999999999987,2078800,
2021-01-05,15.57,16.78,15.47,16.59,0.8200000000000003,2651600,
2021-01-06,16.34,18.12,16.34,17.4,0.8099999999999987,3459400,
2021-01-07,18.16,18.63,17.31,17.98,0.5800000000000018,2791000,
2021-01-08,19.77,20.47,18.7,19.18,1.1999999999999993,3688200,
2021-01-11,19,20.8,18.83,20.46,1.2800000000000011,2861300,
2021-01-12,20.6,21.98,20.53,21.7,1.2399999999999984,3194200,
2021-01-13,21.83,22.51,21.38,21.63,-0.07000000000000028,2507900,
2021-01-14,22.02,23.89,22,23.42,1.7900000000000027,3534700,
2021-01-15,22.88,23.55,22.52,22.73,-0.6900000000000013,2641300,
2021-01-19,23.1,23.26,21.54,22.16,-0.5700000000000003,1639000,
2021-01-20,22.4,22.85,22.26,22.46,0.3000000000000007,1357500,
2021-01-21,22.55,25.015,22.475,24.75,2.289999999999999,4593000,
2021-01-22,24.22,25.51,24.1,24.93,0.17999999999999972,2516100,
2021-01-25,24.93,28.44,24.56,25.07,0.14000000000000057,4217600,
2021-01-26,25.3,26.17,24.37,25.9,0.8299999999999983,1599700,
2021-01-27,24.77,26.67,24.6054,25.31,-0.5899999999999999,2993900,
2021-01-28,25.35,26.29,23.3835,24.52,-0.7899999999999991,2991800,
2021-01-29,24.63,25.88,23.79,24.37,-0.14999999999999858,1582400,
2021-02-01,24.53,24.79,23.11,24.02,-0.3500000000000014,1345000,
2021-02-02,24.29,24.57,22.85,22.97,-1.0500000000000007,1431200,
2021-02-03,23.28,23.99,22.76,23.41,0.4400000000000013,1464900,
2021-02-04,23.5,24.27,22.82,23.75,0.33999999999999986,1622400,
2021-02-05,24.09,25.14,23.83,24.49,0.7399999999999984,1238600,
2021-02-08,25.01,25.8,24.05,24.62,0.13000000000000256,1198900,
2021-02-09,24.22,24.7019,23.82,24.33,-0.2900000000000027,1237000,
2021-02-10,24.2,24.63,23.28,24.34,0.010000000000001563,1212300,
2021-02-11,24.7,26.1399,23.81,24.37,0.030000000000001137,1949300,
2021-02-12,24,25.32,24,24.74,0.36999999999999744,1198700,
2021-02-16,25.23,26.67,24.57,25.28,0.5400000000000027,1481900,
2021-02-17,24.92,24.92,23.62,24.05,-1.2300000000000004,1580500,
2021-02-18,23.9,24.6,23.77,24.17,0.120000000000001,1305200,
2021-02-19,24.66,27.31,24.66,27.23,3.0599999999999987,3453600,
2021-02-22,26.65,27.71,25.02,25.66,-1.5700000000000003,2461900,
2021-02-23,24,24.49,21.87,24.35,-1.3099999999999987,2753800,
2021-02-24,24.51,24.81,23.41,24.15,-0.20000000000000284,2199200,
2021-02-25,24.26,25.19,23.4421,23.67,-0.4799999999999969,1237600,
2021-02-26,24.09,25.825,24.05,25.19,1.5199999999999996,1461800,
2021-03-01,25.88,27.74,25.62,26.91,1.7199999999999989,1679600,
2021-03-02,27.35,28.66,26.87,26.9,-0.010000000000001563,1640100,
2021-03-03,26.9,27.6237,25.83,26.42,-0.4799999999999969,958900,
2021-03-04,25.66,26.31,23.46,24.31,-2.110000000000003,1739100,
2021-03-05,24.61,24.61,21.98,24.46,0.15000000000000213,1434400,
2021-03-08,24.81,26.84,24.24,26.4,1.9399999999999977,1269700,
2021-03-09,27.26,28.53,26.8,28.21,1.8100000000000023,2292900,
2021-03-10,28.82,30,27.95,28.25,0.03999999999999915,1831200,
2021-03-11,29.02,29.38,28.17,29.12,0.870000000000001,1304700,
2021-03-12,29.1,30.2,28.75,29.82,0.6999999999999993,1243700,
2021-03-15,30.19,31.16,29.7,30.81,0.9899999999999984,1556800,
2021-03-16,30.9,30.97,28.54,29.18,-1.629999999999999,1020200,
2021-03-17,29.24,30.38,28.54,29.84,0.6600000000000001,752900,
2021-03-18,30.01,32.16,29.5,29.99,0.14999999999999858,1784700,
2021-03-19,29.99,33.7299,29.02,33.08,3.09,3338100,
2021-03-22,33.45,33.97,32.32,33.32,0.240000000000002,1732100,
2021-03-23,32.96,34.42,30.1,30.88,-2.4400000000000013,2878500,
2021-03-24,29.86,30,25.68,25.94,-4.939999999999998,5827600,
2021-03-25,25.13,27.505,24.37,27.25,1.3099999999999987,2947200,
2021-03-26,27.75,28.45,26.52,28.42,1.1700000000000017,2932900,
2021-03-29,28.42,28.83,25.5501,25.64,-2.780000000000001,2026600,
2021-03-30,25.86,27.73,25.74,27.28,1.6400000000000006,1895200,
2021-03-31,27.55,29.465,27.55,28.7,1.4199999999999982,2036400,
2021-04-01,29,29.575,27.35,27.75,-0.9499999999999993,1701100,
2021-04-05,27.96,28.19,26.16,26.98,-0.7699999999999996,1628200,
2021-04-06,26.84,27.65,26.56,27.03,0.05000000000000071,782400,
2021-04-07,26.73,26.825,25.41,26.17,-0.8599999999999994,1445400,
2021-04-08,26.19,27.145,25.71,27.05,0.879999999999999,1300700,
2021-04-09,27.1,29.125,26.9138,28.74,1.6899999999999977,1541100,
2021-04-12,28.7,29.49,28.18,28.6,-0.13999999999999702,1548200,
2021-04-13,29.02,29.195,27.88,28.55,-0.05000000000000071,1312500,
2021-04-14,28.24,29.31,28.02,28.24,-0.3100000000000023,1282800,
2021-04-15,28.62,29.87,28.17,29.55,1.3100000000000023,1203900,
2021-04-16,29.48,30.24,28.64,30.03,0.4800000000000004,1710000,
2021-04-19,29.7,29.87,28.531,28.97,-1.0600000000000023,1011100,
2021-04-20,28.84,29,27.35,28.18,-0.7899999999999991,1422100,
2021-04-21,27.83,30.2,27.54,30.08,1.8999999999999986,1256400,
2021-04-22,30.36,31.2,29.8501,30.34,0.26000000000000156,901300,
2021-04-23,30.74,31.97,30.41,31.31,0.9699999999999989,1105300,
2021-04-26,31.49,32.4,31.25,31.8,0.490000000000002,1123700,
2021-04-27,32.08,33.13,31.925,32.63,0.8300000000000018,867800,
2021-04-28,32.5,33.73,32.12,33.59,0.9600000000000009,1076600,
2021-04-29,34,34.76,33.0189,33.82,0.22999999999999687,1318400,
2021-04-30,33.25,33.92,31.53,31.58,-2.240000000000002,1504500,
2021-05-03,32.07,32.2,31.08,31.91,0.33000000000000185,962900,
2021-05-04,31.51,31.82,29.65,30.67,-1.2399999999999984,1239200,
2021-05-05,30.91,31.5,30.26,31.29,0.6199999999999974,1430700,
2021-05-06,34.59,37.75,34.56,37.7,6.410000000000004,12686100,
2021-05-07,36.81,37.3,36.65,36.76,-0.9400000000000048,3833100,
2021-05-10,36.65,36.73,36.2,36.3,-0.46000000000000085,2926500,
2021-05-11,36.3,36.6,36.08,36.46,0.1600000000000037,2317200,
2021-05-12,36.46,36.6,36.04,36.04,-0.4200000000000017,2201700,
2021-05-13,36.1,36.44,36.085,36.26,0.21999999999999886,1725800,
2021-05-14,36.17,36.42,36.1,36.3,0.03999999999999915,1568700,
2021-05-17,37,38.06,37,37.73,1.4299999999999997,2548400,
2021-05-18,37.92,37.94,37.05,37.11,-0.6199999999999974,1124700,
2021-05-19,36.9,37.2,36.52,37.1,-0.00999999999999801,1181200,
2021-05-20,36.91,37,36.36,36.5,-0.6000000000000014,910000,
2021-05-21,36.86,36.89,36.5,36.77,0.2700000000000031,876000,
2021-05-24,36.58,36.8,36.45,36.63,-0.14000000000000057,544800,
2021-05-25,36.41,36.75,36.2,36.44,-0.19000000000000483,951000,
2021-05-26,36.7,36.94,36.3,36.69,0.25,596100,
2021-05-27,36.75,36.9,36.35,36.62,-0.07000000000000028,1126700,
2021-05-28,36.61,37.62,36.3,37.54,0.9200000000000017,1933500,
2021-06-01,37.3,37.4,36.51,36.69,-0.8500000000000014,964700,
2021-06-02,36.97,37.25,36.65,36.99,0.30000000000000426,1520900,
2021-06-03,36.68,37.295,36.41,37.02,0.030000000000001137,1272600,
2021-06-04,37.39,37.5,36.7,37.1,0.0799999999999983,1082100,
2021-06-07,37.1,37.4,36.75,36.95,-0.14999999999999858,1291200,
2021-06-08,37.03,37.3,36.65,37.1,0.14999999999999858,1377900,
2021-06-09,37,37.05,36.5,36.75,-0.3500000000000014,1101900,
2021-06-10,36.87,37.08,36.3,36.31,-0.4399999999999977,1676500,
2021-06-11,36.55,36.75,36.23,36.4,0.0899999999999963,1627600,
2021-06-14,36.33,36.58,36.04,36.11,-0.28999999999999915,1164500,
2021-06-15,35.87,36,35.58,35.71,-0.3999999999999986,6135200,
2021-06-16,35.53,36.81,35.53,36.76,1.0499999999999972,12465800,
2021-06-17,36.79,36.81,36.72,36.76,0,2242600,
2021-06-18,36.8,36.82,36.7,36.8,0.03999999999999915,1874000,
2021-06-21,36.89,36.95,36.73,36.73,-0.07000000000000028,3138600,
2021-06-22,36.9,36.95,36.77,36.78,0.05000000000000426,2009600,
2021-06-23,36.81,36.87,36.76,36.77,-0.00999999999999801,1440500,
2021-06-24,36.87,36.93,36.76,36.84,0.07000000000000028,1560700,
2021-06-25,36.86,36.905,36.75,36.78,-0.060000000000002274,4259800,
2021-06-28,36.85,36.94,36.77,36.78,0,1400200,
2021-06-29,36.85,36.86,36.78,36.8,0.01999999999999602,1518500,
2021-06-30,36.9,36.95,36.72,36.84,0.04000000000000625,2179800,
2021-07-01,36.87,36.89,36.795,36.81,-0.030000000000001137,996000,
2021-07-02,36.82,36.85,36.76,36.82,0.00999999999999801,1389000,
2021-07-06,36.84,36.98,36.8,36.98,0.1599999999999966,1844300,
2021-07-07,36.86,36.95,36.82,36.85,-0.12999999999999545,1955600,
2021-07-08,36.85,36.91,36.73,36.78,-0.07000000000000028,3495600,
2021-07-09,36.85,36.875,36.73,36.74,-0.03999999999999915,1879500,
2021-07-12,36.77,36.79,36.69,36.75,0.00999999999999801,2060900,
2021-07-13,36.74,36.77,36.71,36.76,0.00999999999999801,1546800,
2021-07-14,36.87,36.9,36.74,36.8,0.03999999999999915,1147000,
2021-07-15,36.75,36.89,36.75,36.87,0.07000000000000028,978700,
2021-07-16,36.95,36.95,36.87,36.91,0.03999999999999915,818800,
2021-07-19,36.91,36.97,36.9,36.96,0.05000000000000426,1229600,
2021-07-20,36.93,37,36.93,36.99,0.030000000000001137,2283900,
2021-07-21,37,37.05,36.99,37.02,0.030000000000001137,1228800,
2021-07-22,37.01,37.02,36.98,36.99,-0.030000000000001137,645200,
Downloaded from Barchart.com as of 12-06-2025 12:35pm CST