"Symbol: MGI",,,,,,"Study: VOL (LikeMain)",
"Date Time","Open","High","Low","Close","Change","Volume","Open Interest"
2018-05-02,8.75,8.77,8.53,8.56,0,186900,
2018-05-03,8.57,8.57,8.35,8.39,-0.16999999999999993,188000,
2018-05-04,8.37,8.53,8.31,8.47,0.08000000000000007,186100,
2018-05-07,8.51,8.69,8.44,8.6,0.129999999999999,363700,
2018-05-08,8.57,8.73,7.54,7.55,-1.0499999999999998,1224500,
2018-05-09,7.35,7.42,6.44,6.57,-0.9799999999999995,1584700,
2018-05-10,6.58,6.72,6.51,6.68,0.10999999999999943,603700,
2018-05-11,6.7,6.97,6.6,6.87,0.1900000000000004,670300,
2018-05-14,6.87,6.96,6.83,6.85,-0.020000000000000462,362700,
2018-05-15,6.82,6.88,6.73,6.83,-0.019999999999999574,384400,
2018-05-16,6.85,7.04,6.83,6.97,0.13999999999999968,299800,
2018-05-17,6.98,7.02,6.88,6.95,-0.019999999999999574,399300,
2018-05-18,6.96,7.01,6.88,6.92,-0.03000000000000025,290900,
2018-05-21,6.98,7,6.85,6.87,-0.04999999999999982,204100,
2018-05-22,6.88,6.92,6.69,6.69,-0.17999999999999972,323700,
2018-05-23,6.69,6.69,6.46,6.46,-0.23000000000000043,468200,
2018-05-24,6.45,6.66,6.39,6.61,0.15000000000000036,354400,
2018-05-25,6.61,6.68,6.58,6.61,0,172200,
2018-05-29,6.71,6.71,6.54,6.61,0,245800,
2018-05-30,6.65,6.69,6.56,6.59,-0.020000000000000462,195500,
2018-05-31,6.58,6.72,6.58,6.63,0.040000000000000036,367400,
2018-06-01,6.64,6.71,6.55,6.59,-0.040000000000000036,319700,
2018-06-04,6.63,6.86,6.63,6.81,0.21999999999999975,244600,
2018-06-05,6.84,6.92,6.78,6.92,0.11000000000000032,314100,
2018-06-06,6.89,7,6.81,6.95,0.03000000000000025,303400,
2018-06-07,6.94,6.97,6.73,6.85,-0.10000000000000053,406000,
2018-06-08,6.85,6.88,6.75,6.85,0,236400,
2018-06-11,6.9,7.25,6.9,7.22,0.3700000000000001,384600,
2018-06-12,7.22,7.27,7.14,7.23,0.010000000000000675,337400,
2018-06-13,7.19,7.25,7.04,7.06,-0.17000000000000082,380700,
2018-06-14,7.08,7.19,7.02,7.05,-0.009999999999999787,306200,
2018-06-15,7.03,7.28,7.02,7.28,0.23000000000000043,974500,
2018-06-18,7.23,7.415,7.17,7.4,0.1200000000000001,329100,
2018-06-19,7.34,7.41,7.23,7.39,-0.010000000000000675,291700,
2018-06-20,7.39,7.41,7.14,7.15,-0.23999999999999932,347500,
2018-06-21,7.19,7.19,6.955,7,-0.15000000000000036,319300,
2018-06-22,7.01,7.15,6.98,7.11,0.11000000000000032,525700,
2018-06-25,7.06,7.1,6.785,6.87,-0.2400000000000002,418900,
2018-06-26,6.89,6.89,6.75,6.81,-0.0600000000000005,212000,
2018-06-27,6.8,6.9,6.55,6.61,-0.1999999999999993,340600,
2018-06-28,6.58,6.65,6.51,6.63,0.019999999999999574,271700,
2018-06-29,6.62,6.75,6.58,6.69,0.0600000000000005,272900,
2018-07-02,6.68,6.84,6.61,6.79,0.09999999999999964,179700,
2018-07-03,6.8,6.87,6.675,6.83,0.040000000000000036,161200,
2018-07-05,6.83,6.83,6.65,6.71,-0.1200000000000001,312500,
2018-07-06,6.72,6.83,6.71,6.75,0.040000000000000036,157300,
2018-07-09,6.76,6.8,6.6,6.66,-0.08999999999999986,256500,
2018-07-10,6.65,6.67,6.55,6.63,-0.03000000000000025,212100,
2018-07-11,6.61,6.705,6.57,6.7,0.07000000000000028,292200,
2018-07-12,6.72,6.72,6.59,6.7,0,163100,
2018-07-13,6.71,6.75,6.58,6.7,0,272300,
2018-07-16,6.71,6.71,6.57,6.64,-0.0600000000000005,210200,
2018-07-17,6.64,6.64,6.52,6.61,-0.02999999999999936,202400,
2018-07-18,6.58,6.67,6.54,6.61,0,212100,
2018-07-19,6.56,6.56,6.26,6.26,-0.35000000000000053,554200,
2018-07-20,6.25,6.38,6.19,6.3,0.040000000000000036,239400,
2018-07-23,6.31,6.4,6.24,6.39,0.08999999999999986,269300,
2018-07-24,6.55,6.69,6.35,6.52,0.1299999999999999,461500,
2018-07-25,6.49,6.62,6.435,6.62,0.10000000000000053,315900,
2018-07-26,6.62,7.05,6.56,6.93,0.3099999999999996,569700,
2018-07-27,6.86,6.87,6.62,6.7,-0.22999999999999954,283300,
2018-07-30,6.68,6.78,6.51,6.58,-0.1200000000000001,359900,
2018-07-31,6.61,6.75,6.51,6.54,-0.040000000000000036,307400,
2018-08-01,6.54,6.67,6.4,6.49,-0.04999999999999982,269100,
2018-08-02,6.5,6.62,6.39,6.59,0.09999999999999964,202500,
2018-08-03,6.56,6.71,5.86,6.1,-0.4900000000000002,733100,
2018-08-06,6.11,6.13,5.92,6.04,-0.05999999999999961,610100,
2018-08-07,6.04,6.18,6.04,6.1,0.05999999999999961,378700,
2018-08-08,6.09,6.16,5.975,6.08,-0.019999999999999574,349100,
2018-08-09,6.07,6.24,6.03,6.12,0.040000000000000036,361800,
2018-08-10,6.07,6.175,5.96,6.03,-0.08999999999999986,267200,
2018-08-13,6.04,6.07,5.82,5.86,-0.16999999999999993,261100,
2018-08-14,5.86,6.05,5.77,5.79,-0.07000000000000028,340600,
2018-08-15,5.8,5.95,5.71,5.87,0.08000000000000007,503900,
2018-08-16,5.91,6.26,5.89,6.26,0.3899999999999997,572600,
2018-08-17,6.25,6.29,6.08,6.24,-0.019999999999999574,405000,
2018-08-20,6.24,6.44,6.2,6.37,0.1299999999999999,378800,
2018-08-21,6.36,6.6,6.31,6.45,0.08000000000000007,303800,
2018-08-22,6.43,6.56,6.36,6.48,0.03000000000000025,259200,
2018-08-23,6.44,6.51,6.26,6.29,-0.1900000000000004,151200,
2018-08-24,6.28,6.3,6.1,6.11,-0.17999999999999972,159900,
2018-08-27,6.12,6.48,6.12,6.27,0.15999999999999925,314500,
2018-08-28,6.28,6.48,6.23,6.39,0.1200000000000001,177700,
2018-08-29,6.41,6.73,6.41,6.64,0.25,468400,
2018-08-30,6.61,6.61,6.31,6.32,-0.3199999999999994,156900,
2018-08-31,6.28,6.55,6.25,6.51,0.1899999999999995,238400,
2018-09-04,6.48,6.78,6.36,6.66,0.15000000000000036,1011100,
2018-09-05,6.71,6.84,6.43,6.48,-0.17999999999999972,374000,
2018-09-06,6.47,6.54,6.22,6.32,-0.16000000000000014,230800,
2018-09-07,6.31,6.33,6.16,6.22,-0.10000000000000053,217700,
2018-09-10,6.27,6.38,5.8,5.81,-0.41000000000000014,443900,
2018-09-11,5.82,5.85,5.56,5.74,-0.0699999999999994,468800,
2018-09-12,5.81,6.19,5.81,6.09,0.34999999999999964,326800,
2018-09-13,6.11,6.11,5.72,5.74,-0.34999999999999964,286800,
2018-09-14,5.77,6.14,5.77,6.03,0.29000000000000004,295300,
2018-09-17,6.04,6.11,5.99,6.1,0.0699999999999994,235800,
2018-09-18,6.1,6.27,6.04,6.19,0.09000000000000075,210900,
2018-09-19,6.17,6.19,5.98,6.09,-0.10000000000000053,269400,
2018-09-20,6.12,6.17,6.07,6.11,0.020000000000000462,273400,
2018-09-21,6.15,6.19,5.87,5.89,-0.22000000000000064,685800,
2018-09-24,5.88,5.88,5.66,5.66,-0.22999999999999954,451000,
2018-09-25,5.67,5.8,5.66,5.67,0.009999999999999787,439900,
2018-09-26,5.68,5.74,5.58,5.7,0.03000000000000025,293800,
2018-09-27,5.69,5.69,5.44,5.45,-0.25,667400,
2018-09-28,5.43,5.43,5.27,5.35,-0.10000000000000053,569200,
2018-10-01,5.39,5.465,5.31,5.35,0,305500,
2018-10-02,5.35,5.42,5.21,5.34,-0.009999999999999787,291100,
2018-10-03,5.31,5.42,5.21,5.33,-0.009999999999999787,357500,
2018-10-04,5.32,5.34,5.17,5.21,-0.1200000000000001,325700,
2018-10-05,5.19,5.24,5,5.08,-0.1299999999999999,325900,
2018-10-08,5.08,5.08,4.87,4.91,-0.16999999999999993,353200,
2018-10-09,4.91,4.93,4.75,4.77,-0.14000000000000057,285200,
2018-10-10,4.75,4.8,4.6,4.66,-0.10999999999999943,485600,
2018-10-11,4.61,4.73,4.5,4.55,-0.11000000000000032,424600,
2018-10-12,4.57,4.71,4.46,4.57,0.020000000000000462,410800,
2018-10-15,4.56,4.77,4.56,4.68,0.10999999999999943,330800,
2018-10-16,4.71,4.83,4.61,4.7,0.020000000000000462,308900,
2018-10-17,4.71,4.78,4.57,4.64,-0.0600000000000005,206600,
2018-10-18,4.67,4.916,4.645,4.67,0.03000000000000025,307600,
2018-10-19,4.68,4.755,4.5,4.56,-0.11000000000000032,177600,
2018-10-22,4.55,4.68,4.47,4.51,-0.04999999999999982,190800,
2018-10-23,4.47,4.53,4.405,4.49,-0.019999999999999574,213200,
2018-10-24,4.48,4.51,4.2,4.22,-0.27000000000000046,413300,
2018-10-25,4.24,4.45,4.17,4.22,0,324000,
2018-10-26,4.17,4.18,4.06,4.1,-0.1200000000000001,605300,
2018-10-29,4.13,4.395,4.13,4.26,0.16000000000000014,301100,
2018-10-30,4.24,4.28,4.08,4.15,-0.10999999999999943,227700,
2018-10-31,4.19,4.27,4.13,4.24,0.08999999999999986,378200,
2018-11-01,4.28,4.445,4.28,4.41,0.16999999999999993,169100,
2018-11-02,4.43,4.5,4.25,4.35,-0.0600000000000005,173900,
2018-11-05,4.34,4.38,4.17,4.26,-0.08999999999999986,145000,
2018-11-06,4.25,4.47,4.24,4.39,0.1299999999999999,188600,
2018-11-07,4.41,4.41,4.23,4.38,-0.009999999999999787,148700,
2018-11-08,4.36,4.69,4.34,4.47,0.08999999999999986,988300,
2018-11-09,4.54,4.54,2.23,2.27,-2.1999999999999997,4485400,
2018-11-12,2.34,2.34,2.04,2.17,-0.10000000000000009,2330900,
2018-11-13,2.2,2.4,2.13,2.235,0.06499999999999995,1787600,
2018-11-14,2.27,2.34,2.035,2.14,-0.09499999999999975,809500,
2018-11-15,2.05,2.26,2.05,2.2,0.06000000000000005,768100,
2018-11-16,2.18,2.25,2.1,2.22,0.020000000000000018,592300,
2018-11-19,2.24,2.24,2.02,2.11,-0.11000000000000032,724500,
2018-11-20,2.07,2.13,2.03,2.12,0.010000000000000231,467200,
2018-11-21,2.12,2.195,2.12,2.17,0.04999999999999982,330900,
2018-11-23,2.17,2.32,2.12,2.13,-0.040000000000000036,424500,
2018-11-26,2.15,2.19,2.055,2.13,0,572000,
2018-11-27,2.09,2.14,2.04,2.1,-0.029999999999999805,597400,
2018-11-28,2.12,2.19,2.12,2.15,0.04999999999999982,710700,
2018-11-29,2.15,2.27,2.11,2.27,0.1200000000000001,491600,
2018-11-30,2.25,2.28,2.14,2.18,-0.08999999999999986,521600,
2018-12-03,2.2,2.24,2.15,2.22,0.040000000000000036,378800,
2018-12-04,2.22,2.26,2.04,2.08,-0.14000000000000012,589300,
2018-12-06,2.05,2.12,2,2.05,-0.03000000000000025,631200,
2018-12-07,2.05,2.08,1.73,1.89,-0.15999999999999992,1244400,
2018-12-10,1.9,2.04,1.75,2.02,0.13000000000000012,1116200,
2018-12-11,2.04,2.04,1.95,2,-0.020000000000000018,661800,
2018-12-12,2.02,2.02,1.895,1.9,-0.10000000000000009,516100,
2018-12-13,1.9,1.95,1.85,1.9,0,358500,
2018-12-14,1.89,1.97,1.88,1.88,-0.020000000000000018,399200,
2018-12-17,1.89,1.95,1.83,1.92,0.040000000000000036,511900,
2018-12-18,1.94,1.94,1.86,1.86,-0.05999999999999983,402500,
2018-12-19,1.87,1.9,1.79,1.82,-0.040000000000000036,397800,
2018-12-20,1.82,1.83,1.68,1.7,-0.1200000000000001,522900,
2018-12-21,1.71,1.775,1.59,1.67,-0.030000000000000027,1605800,
2018-12-24,1.7,1.85,1.62,1.83,0.16000000000000014,1263900,
2018-12-26,1.82,1.9,1.755,1.85,0.020000000000000018,555500,
2018-12-27,1.84,1.96,1.81,1.96,0.10999999999999988,719800,
2018-12-28,1.97,2.09,1.97,2.05,0.08999999999999986,598700,
2018-12-31,2.06,2.07,2,2,-0.04999999999999982,667200,
2019-01-02,1.99,2.16,1.99,2.16,0.16000000000000014,278900,
2019-01-03,2.15,2.16,2.08,2.13,-0.03000000000000025,324100,
2019-01-04,2.16,2.28,2.1,2.16,0.03000000000000025,562400,
2019-01-07,2.16,2.5,2.16,2.3,0.13999999999999968,880000,
2019-01-08,2.32,2.4,2.28,2.39,0.0900000000000003,275200,
2019-01-09,2.4,2.42,2.19,2.23,-0.16000000000000014,672200,
2019-01-10,2.21,2.27,2.2,2.22,-0.009999999999999787,238300,
2019-01-11,2.2,2.42,2.2,2.4,0.17999999999999972,439000,
2019-01-14,2.38,2.38,2.21,2.36,-0.040000000000000036,281100,
2019-01-15,2.36,2.38,2.28,2.34,-0.020000000000000018,235600,
2019-01-16,2.33,2.38,2.25,2.26,-0.08000000000000007,203000,
2019-01-17,2.26,2.34,2.21,2.26,0,223300,
2019-01-18,2.28,2.28,2.17,2.2,-0.05999999999999961,192400,
2019-01-22,2.2,2.28,2.14,2.21,0.009999999999999787,417400,
2019-01-23,2.21,2.27,2.04,2.05,-0.16000000000000014,267800,
2019-01-24,2.05,2.12,2.04,2.07,0.020000000000000018,202100,
2019-01-25,2.07,2.55,1.99,2.29,0.2200000000000002,1756600,
2019-01-28,2.25,2.31,2.13,2.2,-0.08999999999999986,736900,
2019-01-29,2.19,2.2,1.99,2,-0.20000000000000018,569400,
2019-01-30,2,2.14,1.95,2.1,0.10000000000000009,583100,
2019-01-31,2.09,2.18,2.09,2.13,0.029999999999999805,409100,
2019-02-01,2.13,2.2,2.11,2.14,0.010000000000000231,413500,
2019-02-04,2.15,2.25,2.11,2.24,0.10000000000000009,569700,
2019-02-05,2.23,2.41,2.21,2.35,0.10999999999999988,502100,
2019-02-06,2.35,2.38,2.22,2.23,-0.1200000000000001,301900,
2019-02-07,2.23,2.25,2.15,2.17,-0.06000000000000005,303300,
2019-02-08,2.15,2.29,2.15,2.28,0.10999999999999988,363500,
2019-02-11,2.3,2.57,2.28,2.57,0.29000000000000004,861500,
2019-02-12,2.21,2.47,2.15,2.36,-0.20999999999999996,1368400,
2019-02-13,2.35,2.41,2.25,2.26,-0.10000000000000009,539500,
2019-02-14,2.26,2.31,2.15,2.2,-0.05999999999999961,406400,
2019-02-15,2.22,2.5,2.22,2.43,0.22999999999999998,888600,
2019-02-19,2.44,2.46,2.3,2.44,0.009999999999999787,562700,
2019-02-20,2.46,2.55,2.44,2.5,0.06000000000000005,426400,
2019-02-21,2.48,2.56,2.45,2.48,-0.020000000000000018,505400,
2019-02-22,2.5,2.68,2.5,2.64,0.16000000000000014,929000,
2019-02-25,2.74,2.74,2.48,2.5,-0.14000000000000012,595500,
2019-02-26,2.49,2.68,2.49,2.62,0.1200000000000001,400500,
2019-02-27,2.61,2.64,2.45,2.53,-0.0900000000000003,409500,
2019-02-28,2.53,2.57,2.41,2.43,-0.09999999999999964,444000,
2019-03-01,2.46,2.53,2.45,2.49,0.06000000000000005,293100,
2019-03-04,2.51,2.51,2.355,2.41,-0.08000000000000007,328500,
2019-03-05,2.4,2.4601,2.36,2.39,-0.020000000000000018,215200,
2019-03-06,2.4,2.45,2.31,2.35,-0.040000000000000036,330200,
2019-03-07,2.33,2.3784,2.25,2.34,-0.010000000000000231,228800,
2019-03-08,2.29,2.4,2.25,2.35,0.010000000000000231,258300,
2019-03-11,2.35,2.45,2.33,2.4,0.04999999999999982,267000,
2019-03-12,2.42,2.43,2.3,2.31,-0.08999999999999986,199200,
2019-03-13,2.33,2.39,2.26,2.26,-0.050000000000000266,339400,
2019-03-14,2.28,2.36,2.2,2.21,-0.04999999999999982,343100,
2019-03-15,2.2,2.32,2.18,2.29,0.08000000000000007,671300,
2019-03-18,2.31,2.31,2.2,2.25,-0.040000000000000036,308800,
2019-03-19,2.25,2.3,2.2,2.23,-0.020000000000000018,368500,
2019-03-20,2.25,2.29,2.2,2.24,0.010000000000000231,338600,
2019-03-21,2.24,2.29,2.205,2.25,0.009999999999999787,149500,
2019-03-22,2.24,2.24,2.11,2.14,-0.10999999999999988,318100,
2019-03-25,2.13,2.17,2.0701,2.11,-0.03000000000000025,212800,
2019-03-26,2.11,2.16,2.05,2.12,0.010000000000000231,200400,
2019-03-27,2.12,2.15,2.03,2.06,-0.06000000000000005,240600,
2019-03-28,2.02,2.19,2.01,2.17,0.10999999999999988,267900,
2019-03-29,2.18,2.1819,2.04,2.04,-0.1299999999999999,320000,
2019-04-01,2.08,2.14,2.04,2.07,0.029999999999999805,228000,
2019-04-02,2.07,2.185,2.07,2.17,0.10000000000000009,353500,
2019-04-03,2.35,2.45,2.3,2.37,0.20000000000000018,924100,
2019-04-04,2.38,2.42,2.31,2.41,0.040000000000000036,300500,
2019-04-05,2.41,2.44,2.38,2.42,0.009999999999999787,296800,
2019-04-08,2.41,2.5,2.28,2.29,-0.1299999999999999,465400,
2019-04-09,2.3,2.335,2.27,2.28,-0.010000000000000231,220400,
2019-04-10,2.28,2.38,2.2712,2.35,0.07000000000000028,168400,
2019-04-11,2.33,2.43,2.3,2.32,-0.03000000000000025,223700,
2019-04-12,2.35,2.47,2.31,2.4,0.08000000000000007,466900,
2019-04-15,2.44,2.54,2.37,2.45,0.050000000000000266,360700,
2019-04-16,2.45,2.5,2.38,2.42,-0.03000000000000025,280200,
2019-04-17,2.43,2.43,2.35,2.38,-0.040000000000000036,121200,
2019-04-18,2.39,2.49,2.325,2.43,0.050000000000000266,309600,
2019-04-22,2.38,2.44,2.33,2.43,0,301000,
2019-04-23,2.41,2.56,2.38,2.48,0.04999999999999982,570200,
2019-04-24,2.56,2.89,2.53,2.88,0.3999999999999999,1274100,
2019-04-25,2.85,2.91,2.7116,2.88,0,645600,
2019-04-26,3.03,3.67,2.91,3.03,0.1499999999999999,2823300,
2019-04-29,3.11,3.51,3.11,3.32,0.29000000000000004,1210500,
2019-04-30,3.27,3.3699,3.02,3.31,-0.009999999999999787,625800,
2019-05-01,3.32,3.4409,3.25,3.34,0.029999999999999805,537100,
2019-05-02,3.37,3.39,3.1,3.14,-0.19999999999999973,449600,
2019-05-03,3.14,3.4271,3.14,3.37,0.22999999999999998,481500,
2019-05-06,3.32,3.38,3.23,3.32,-0.050000000000000266,212300,
2019-05-07,3.31,3.37,3.22,3.31,-0.009999999999999787,237100,
2019-05-08,3.05,3.05,2.46,2.6,-0.71,1187300,
2019-05-09,2.56,2.57,2.05,2.12,-0.48,1667300,
2019-05-10,2.1,2.18,2.07,2.16,0.040000000000000036,660000,
2019-05-13,2.15,2.15,1.91,2.04,-0.1200000000000001,1190100,
2019-05-14,2.06,2.1,2,2.01,-0.03000000000000025,650100,
2019-05-15,2,2.025,1.9,1.91,-0.09999999999999987,688600,
2019-05-16,1.9,1.915,1.83,1.84,-0.06999999999999984,1194800,
2019-05-17,1.83,1.85,1.67,1.68,-0.16000000000000014,1205500,
2019-05-20,1.67,1.71,1.62,1.66,-0.020000000000000018,565200,
2019-05-21,1.67,1.73,1.64,1.7,0.040000000000000036,653200,
2019-05-22,1.7,1.865,1.67,1.83,0.13000000000000012,581900,
2019-05-23,1.82,1.87,1.7,1.84,0.010000000000000009,501600,
2019-05-24,1.85,1.86,1.71,1.72,-0.1200000000000001,431700,
2019-05-28,1.72,1.77,1.61,1.61,-0.10999999999999988,814900,
2019-05-29,1.61,1.61,1.43,1.44,-0.17000000000000015,863600,
2019-05-30,1.43,1.56,1.43,1.46,0.020000000000000018,305200,
2019-05-31,1.45,1.45,1.33,1.39,-0.07000000000000006,605200,
2019-06-03,1.39,1.47,1.3476,1.39,0,484900,
2019-06-04,1.41,1.51,1.41,1.45,0.06000000000000005,307100,
2019-06-05,1.49,1.57,1.46,1.48,0.030000000000000027,507600,
2019-06-06,1.48,1.5568,1.37,1.43,-0.050000000000000044,813700,
2019-06-07,1.46,1.49,1.36,1.45,0.020000000000000018,1185000,
2019-06-10,1.46,1.65,1.46,1.56,0.1100000000000001,619800,
2019-06-11,1.6,1.685,1.55,1.58,0.020000000000000018,483500,
2019-06-12,1.58,1.5953,1.42,1.5,-0.08000000000000007,349200,
2019-06-13,1.51,1.6,1.5,1.55,0.050000000000000044,398600,
2019-06-14,1.55,1.61,1.47,1.49,-0.06000000000000005,449000,
2019-06-17,1.51,1.5322,1.43,1.45,-0.040000000000000036,4527000,
2019-06-18,3.66,3.92,2.76,3.88,2.4299999999999997,54238700,
2019-06-19,3.36,3.45,2.83,2.93,-0.9499999999999997,19840300,
2019-06-20,2.97,3,2.57,2.67,-0.26000000000000023,7261200,
2019-06-21,2.65,2.87,2.51,2.51,-0.16000000000000014,3679500,
2019-06-24,2.57,2.621,2.275,2.28,-0.22999999999999998,4990100,
2019-06-25,2.26,2.46,2.13,2.29,0.010000000000000231,4671300,
2019-06-26,2.34,2.75,2.32,2.57,0.2799999999999998,7164100,
2019-06-27,2.83,2.83,2.51,2.62,0.050000000000000266,7010900,
2019-06-28,2.62,2.65,2.45,2.47,-0.1499999999999999,5253200,
2019-07-01,2.53,2.5499,2.315,2.33,-0.14000000000000012,2319600,
2019-07-02,2.35,2.42,2.3,2.33,0,1097300,
2019-07-03,2.31,2.44,2.3,2.39,0.06000000000000005,1001100,
2019-07-05,2.4,2.48,2.4,2.42,0.029999999999999805,875300,
2019-07-08,2.43,2.448,2.36,2.41,-0.009999999999999787,789100,
2019-07-09,2.39,2.46,2.33,2.43,0.020000000000000018,1210100,
2019-07-10,2.46,2.46,2.3139,2.34,-0.0900000000000003,1019700,
2019-07-11,2.34,2.3476,2.25,2.28,-0.06000000000000005,845800,
2019-07-12,2.27,2.29,2.22,2.22,-0.05999999999999961,621900,
2019-07-15,2.25,2.2821,2.09,2.16,-0.06000000000000005,1524200,
2019-07-16,2.15,2.175,2.04,2.04,-0.1200000000000001,1137900,
2019-07-17,2.04,2.079,1.99,2,-0.040000000000000036,1777100,
2019-07-18,2.01,2.02,1.91,2.02,0.020000000000000018,1922000,
2019-07-19,2.04,2.29,2.03,2.19,0.16999999999999993,2494200,
2019-07-22,2.2,2.245,2.13,2.2,0.010000000000000231,866200,
2019-07-23,2.21,2.3,2.07,2.29,0.08999999999999986,2001400,
2019-07-24,2.29,2.65,2.29,2.5,0.20999999999999996,3291500,
2019-07-25,2.5,2.61,2.31,2.41,-0.08999999999999986,1366600,
2019-07-26,2.42,2.47,2.35,2.42,0.009999999999999787,666700,
2019-07-29,2.43,2.44,2.32,2.39,-0.029999999999999805,616100,
2019-07-30,2.38,2.48,2.32,2.41,0.020000000000000018,805300,
2019-07-31,2.42,2.49,2.38,2.45,0.040000000000000036,1486600,
2019-08-01,2.47,2.66,2.43,2.61,0.1599999999999997,2262000,
2019-08-02,2.33,2.8,2.3,2.78,0.16999999999999993,2109800,
2019-08-05,2.92,3.1,2.75,2.92,0.14000000000000012,2474100,
2019-08-06,2.87,3.03,2.67,2.81,-0.10999999999999988,1648900,
2019-08-07,2.8,3.04,2.72,3.01,0.19999999999999973,1608400,
2019-08-08,3.02,3.17,2.91,3.08,0.07000000000000028,1427200,
2019-08-09,3.1,3.31,3.0701,3.28,0.19999999999999973,2290400,
2019-08-12,3.3,3.6589,3.23,3.25,-0.029999999999999805,2985600,
2019-08-13,3.25,3.595,3.23,3.45,0.20000000000000018,1762100,
2019-08-14,3.45,3.595,3.2702,3.44,-0.010000000000000231,1674000,
2019-08-15,3.43,3.49,3.07,3.28,-0.16000000000000014,1653700,
2019-08-16,3.31,3.47,3.2,3.43,0.15000000000000036,814100,
2019-08-19,3.49,3.49,3.23,3.25,-0.18000000000000016,1033600,
2019-08-20,3.23,3.52,3.22,3.43,0.18000000000000016,1141900,
2019-08-21,3.49,3.49,3.33,3.36,-0.07000000000000028,730600,
2019-08-22,3.39,3.72,3.36,3.6,0.2400000000000002,1751600,
2019-08-23,3.62,3.89,3.56,3.72,0.1200000000000001,2262900,
2019-08-26,3.75,3.7556,3.56,3.7,-0.020000000000000018,801600,
2019-08-27,3.76,3.93,3.65,3.89,0.18999999999999995,1371400,
2019-08-28,3.86,4.13,3.85,3.9,0.009999999999999787,2601900,
2019-08-29,3.91,4.21,3.91,4.2,0.30000000000000027,1647700,
2019-08-30,4.26,4.53,4.26,4.28,0.08000000000000007,3145700,
2019-09-03,4.34,4.61,4.3,4.41,0.1299999999999999,1780400,
2019-09-04,4.5,4.54,4.11,4.24,-0.16999999999999993,2263000,
2019-09-05,4.32,4.85,4.3,4.7,0.45999999999999996,2232400,
2019-09-06,4.78,5.31,4.7629,5.22,0.5199999999999996,3169600,
2019-09-09,5.18,5.51,4.73,5.32,0.10000000000000053,4221400,
2019-09-10,5.5,5.92,5.28,5.66,0.33999999999999986,3092300,
2019-09-11,5.81,6.25,5.56,6.11,0.4500000000000002,3583800,
2019-09-12,6.09,6.7,5.48,5.88,-0.23000000000000043,5482600,
2019-09-13,6.07,6.13,5.2,5.43,-0.4500000000000002,3986600,
2019-09-16,5.27,5.79,4.9,5.51,0.08000000000000007,3281400,
2019-09-17,5.5,5.57,5.06,5.26,-0.25,1644600,
2019-09-18,5.26,5.34,4.7,5.06,-0.20000000000000018,2990800,
2019-09-19,5.01,5.07,4.75,4.87,-0.1899999999999995,1595900,
2019-09-20,4.88,5,4.725,4.86,-0.009999999999999787,1581900,
2019-09-23,4.83,4.92,4.58,4.7,-0.16000000000000014,1635900,
2019-09-24,4.82,4.82,4.1425,4.3,-0.40000000000000036,2704000,
2019-09-25,4.12,4.37,4,4.245,-0.054999999999999716,1393800,
2019-09-26,4.23,4.68,4.11,4.48,0.23500000000000032,2428700,
2019-09-27,4.59,4.63,4.203,4.37,-0.11000000000000032,1737600,
2019-09-30,4.33,4.4,3.925,3.98,-0.3900000000000001,2174400,
2019-10-01,3.98,4.07,3.63,3.67,-0.31000000000000005,1968600,
2019-10-02,3.67,3.7899,3.42,3.51,-0.16000000000000014,1856200,
2019-10-03,3.53,3.97,3.45,3.83,0.3200000000000003,1910200,
2019-10-04,3.83,4.18,3.82,4.02,0.1899999999999995,2809600,
2019-10-07,4.02,4.28,4.02,4.15,0.13000000000000078,1610700,
2019-10-08,4.17,4.21,4.02,4.15,0,1112600,
2019-10-09,4.15,4.35,4.1099,4.28,0.1299999999999999,1385200,
2019-10-10,4.31,4.35,4.03,4.07,-0.20999999999999996,1113700,
2019-10-11,4.14,4.21,3.98,4.04,-0.03000000000000025,1361800,
2019-10-14,4.02,4.15,3.94,4.08,0.040000000000000036,788900,
2019-10-15,4.08,4.13,4.02,4.05,-0.03000000000000025,577200,
2019-10-16,4.04,4.12,3.93,3.97,-0.07999999999999963,622100,
2019-10-17,3.97,4.3,3.91,4.255,0.2849999999999997,1507900,
2019-10-18,4.28,4.44,4.21,4.32,0.06500000000000039,1253700,
2019-10-21,4.4,4.59,4.35,4.53,0.20999999999999996,1143700,
2019-10-22,4.56,4.63,4.1076,4.15,-0.3799999999999999,1964400,
2019-10-23,4.15,4.34,4.005,4.08,-0.07000000000000028,1481400,
2019-10-24,4.11,4.215,4.02,4.08,0,844200,
2019-10-25,4.1,4.35,4.04,4.21,0.1299999999999999,901400,
2019-10-28,4.27,4.4173,4.12,4.14,-0.07000000000000028,1106500,
2019-10-29,4.15,4.34,4.08,4.28,0.14000000000000057,1190400,
2019-10-30,4.3,4.31,4.12,4.255,-0.025000000000000355,1003900,
2019-10-31,4.25,4.25,3.91,3.96,-0.29499999999999993,1308300,
2019-11-01,3.5,3.55,3.05,3.38,-0.5800000000000001,3524600,
2019-11-04,3.43,3.69,3.3,3.4,0.020000000000000018,2023500,
2019-11-05,3.35,3.415,3.27,3.29,-0.10999999999999988,1547300,
2019-11-06,3.31,3.6,3.29,3.58,0.29000000000000004,1270700,
2019-11-07,3.58,3.62,3.28,3.43,-0.1499999999999999,995800,
2019-11-08,3.45,3.6,3.43,3.52,0.08999999999999986,716400,
2019-11-11,3.49,3.52,3.37,3.49,-0.029999999999999805,639500,
2019-11-12,3.49,3.53,3.43,3.49,0,538300,
2019-11-13,3.28,3.31,2.52,2.56,-0.9300000000000002,5302500,
2019-11-14,2.56,2.81,2.54,2.62,0.06000000000000005,2641600,
2019-11-15,2.62,2.75,2.35,2.68,0.06000000000000005,2808800,
2019-11-18,2.69,2.95,2.68,2.93,0.25,2295600,
2019-11-19,2.98,2.99,2.77,2.86,-0.07000000000000028,1627500,
2019-11-20,2.79,2.915,2.74,2.87,0.010000000000000231,1434300,
2019-11-21,2.84,2.92,2.79,2.92,0.04999999999999982,1254700,
2019-11-22,2.94,3.22,2.89,3.07,0.1499999999999999,2817400,
2019-11-25,3.15,3.17,2.95,3,-0.06999999999999984,3473100,
2019-11-26,3.04,3.14,2.96,3.12,0.1200000000000001,1653300,
2019-11-27,3.14,3.155,3.01,3.15,0.029999999999999805,1493700,
2019-11-29,3.16,3.18,3.02,3.07,-0.08000000000000007,811100,
2019-12-02,3.07,3.09,2.87,2.885,-0.18500000000000005,1372000,
2019-12-03,2.85,2.85,2.5,2.64,-0.24499999999999966,4267700,
2019-12-04,2.67,2.7101,2.51,2.52,-0.1200000000000001,1401500,
2019-12-05,2.56,2.59,2.4,2.46,-0.06000000000000005,1453000,
2019-12-06,2.45,2.53,2.39,2.39,-0.06999999999999984,1300600,
2019-12-09,2.39,2.44,2.25,2.33,-0.06000000000000005,2610100,
2019-12-10,2.32,2.35,2.13,2.14,-0.18999999999999995,2272400,
2019-12-11,2.16,2.37,2.1,2.25,0.10999999999999988,3818700,
2019-12-12,2.25,2.37,2.17,2.28,0.029999999999999805,1925400,
2019-12-13,2.3,2.47,2.28,2.37,0.0900000000000003,1718600,
2019-12-16,2.45,2.53,2.37,2.45,0.08000000000000007,1669800,
2019-12-17,2.46,2.61,2.415,2.42,-0.03000000000000025,1961600,
2019-12-18,2.38,2.47,2.33,2.35,-0.06999999999999984,2256400,
2019-12-19,2.35,2.4,2.28,2.29,-0.06000000000000005,1170700,
2019-12-20,2.29,2.2965,2.2,2.22,-0.06999999999999984,1730600,
2019-12-23,2.25,2.26,2.15,2.19,-0.03000000000000025,1473800,
2019-12-24,2.19,2.2,2.1,2.13,-0.06000000000000005,1078200,
2019-12-26,2.13,2.27,2.13,2.21,0.08000000000000007,1703200,
2019-12-27,2.23,2.26,2.12,2.14,-0.06999999999999984,1031500,
2019-12-30,2.15,2.25,2.12,2.12,-0.020000000000000018,2056600,
2019-12-31,2.12,2.21,2.08,2.1,-0.020000000000000018,4134600,
2020-01-02,2.13,2.18,2.05,2.06,-0.040000000000000036,1480900,
2020-01-03,2.09,2.21,2.06,2.18,0.1200000000000001,2027300,
2020-01-06,2.25,2.3,2.16,2.21,0.029999999999999805,1971900,
2020-01-07,2.23,2.24,2.11,2.2,-0.009999999999999787,1895300,
2020-01-08,2.2,2.32,2.1968,2.26,0.05999999999999961,1684500,
2020-01-09,2.26,2.27,2.15,2.19,-0.06999999999999984,1112700,
2020-01-10,2.19,2.26,2.15,2.22,0.03000000000000025,956500,
2020-01-13,2.25,2.29,2.12,2.16,-0.06000000000000005,1426600,
2020-01-14,2.21,2.23,2.08,2.17,0.009999999999999787,1362800,
2020-01-15,2.18,2.245,2.105,2.21,0.040000000000000036,1217800,
2020-01-16,2.43,2.8,2.31,2.72,0.5100000000000002,6958000,
2020-01-17,2.71,2.75,2.5,2.65,-0.07000000000000028,3470000,
2020-01-21,2.67,2.78,2.47,2.56,-0.08999999999999986,3138500,
2020-01-22,2.57,2.81,2.54,2.68,0.1200000000000001,2613300,
2020-01-23,2.75,2.77,2.58,2.6,-0.08000000000000007,1631200,
2020-01-24,2.59,2.7,2.465,2.53,-0.07000000000000028,1502500,
2020-01-27,2.45,2.475,2.28,2.43,-0.09999999999999964,1207600,
2020-01-28,2.42,2.47,2.27,2.27,-0.16000000000000014,1846800,
2020-01-29,2.29,2.31,2.2,2.23,-0.040000000000000036,1126100,
2020-01-30,2.22,2.245,2.13,2.19,-0.040000000000000036,1479500,
2020-01-31,2.2,2.2,2.03,2.06,-0.1299999999999999,1852400,
2020-02-03,2.11,2.23,2.09,2.15,0.08999999999999986,1197700,
2020-02-04,2.19,2.25,2.12,2.18,0.03000000000000025,1193800,
2020-02-05,2.21,2.45,2.21,2.31,0.1299999999999999,2011300,
2020-02-06,2.5,2.64,2.38,2.47,0.16000000000000014,2753300,
2020-02-07,2.57,2.6,2.35,2.51,0.03999999999999959,2223600,
2020-02-10,2.52,2.54,2.25,2.37,-0.13999999999999968,2030000,
2020-02-11,2.36,2.58,2.35,2.51,0.13999999999999968,1252200,
2020-02-12,2.51,2.58,2.41,2.47,-0.03999999999999959,1907000,
2020-02-13,2.48,2.51,2.4,2.45,-0.020000000000000018,1042800,
2020-02-14,2.48,2.64,2.45,2.59,0.13999999999999968,1642500,
2020-02-18,2.63,3.15,2.62,3,0.41000000000000014,7299200,
2020-02-19,3.04,3.1,2.71,2.74,-0.2599999999999998,4228200,
2020-02-20,2.74,2.78,2.53,2.78,0.03999999999999959,2565100,
2020-02-21,2.76,2.76,2.61,2.65,-0.1299999999999999,1750800,
2020-02-24,2.5,2.6,2.25,2.57,-0.08000000000000007,2159100,
2020-02-25,2.45,2.49,2.05,2.09,-0.48,4330100,
2020-02-26,2.15,2.23,2.1,2.1,0.010000000000000231,2055300,
2020-02-27,2.05,2.12,1.83,2,-0.10000000000000009,2844500,
2020-02-28,1.86,2.16,1.8306,2.16,0.16000000000000014,2388100,
2020-03-02,2.12,2.27,2.1,2.24,0.08000000000000007,1786200,
2020-03-03,2.24,2.26,2.01,2.16,-0.08000000000000007,1337800,
2020-03-04,2.18,2.18,2.08,2.12,-0.040000000000000036,736300,
2020-03-05,2.07,2.09,1.96,2.03,-0.0900000000000003,1433700,
2020-03-06,1.99,2.1,1.94,1.97,-0.05999999999999983,1304800,
2020-03-09,1.83,1.97,1.77,1.81,-0.15999999999999992,2509600,
2020-03-10,1.92,1.97,1.78,1.89,0.07999999999999985,1140200,
2020-03-11,1.77,1.8938,1.755,1.84,-0.04999999999999982,1546000,
2020-03-12,1.68,1.7,1.4,1.56,-0.28,2996100,
2020-03-13,1.64,1.68,1.47,1.62,0.06000000000000005,1465100,
2020-03-16,1.38,1.49,1.2,1.24,-0.3800000000000001,2303400,
2020-03-17,1.3,1.4,1.1501,1.32,0.08000000000000007,1334200,
2020-03-18,1.35,1.63,1.25,1.37,0.050000000000000044,2547200,
2020-03-19,1.4,1.57,1.31,1.4,0.029999999999999805,1672900,
2020-03-20,1.4,1.6,1.36,1.48,0.08000000000000007,1485100,
2020-03-23,1.46,1.56,1.32,1.41,-0.07000000000000006,837200,
2020-03-24,1.48,1.51,1.41,1.43,0.020000000000000018,944500,
2020-03-25,1.46,1.4648,1.36,1.38,-0.050000000000000044,1393300,
2020-03-26,1.36,1.49,1.36,1.45,0.07000000000000006,1648800,
2020-03-27,1.45,1.48,1.36,1.39,-0.06000000000000005,1073800,
2020-03-30,1.4,1.4,1.25,1.27,-0.11999999999999988,1434300,
2020-03-31,1.32,1.36,1.26,1.31,0.040000000000000036,727300,
2020-04-01,1.29,1.29,1.17,1.18,-0.13000000000000012,1284400,
2020-04-02,1.2,1.31,1.18,1.22,0.040000000000000036,924600,
2020-04-03,1.23,1.24,1.15,1.21,-0.010000000000000009,1140300,
2020-04-06,1.24,1.3,1.22,1.26,0.050000000000000044,1146900,
2020-04-07,1.32,1.36,1.23,1.27,0.010000000000000009,1234400,
2020-04-08,1.26,1.35,1.21,1.33,0.06000000000000005,1327600,
2020-04-09,1.32,1.46,1.25,1.44,0.10999999999999988,2610000,
2020-04-13,1.43,1.43,1.32,1.37,-0.06999999999999984,717500,
2020-04-14,1.4,1.49,1.36,1.46,0.08999999999999986,1838200,
2020-04-15,1.41,1.43,1.31,1.38,-0.08000000000000007,688400,
2020-04-16,1.37,1.42,1.35,1.38,0,425200,
2020-04-17,1.44,1.5,1.4,1.42,0.040000000000000036,830800,
2020-04-20,1.4,1.5,1.36,1.4,-0.020000000000000018,817300,
2020-04-21,1.4,1.41,1.28,1.35,-0.04999999999999982,1095900,
2020-04-22,1.38,1.4,1.31,1.37,0.020000000000000018,567500,
2020-04-23,1.4,1.46,1.36,1.41,0.039999999999999813,1010600,
2020-04-24,1.44,1.68,1.4,1.51,0.10000000000000009,2252600,
2020-04-27,1.54,1.68,1.45,1.66,0.1499999999999999,1450100,
2020-04-28,1.7,1.71,1.51,1.65,-0.010000000000000009,1004500,
2020-04-29,1.66,1.77,1.64,1.67,0.020000000000000018,1636700,
2020-04-30,1.7,1.7,1.545,1.66,-0.010000000000000009,1068200,
2020-05-01,1.55,1.57,1.4,1.47,-0.18999999999999995,1859200,
2020-05-04,1.46,1.5,1.41,1.47,0,498100,
2020-05-05,1.5,1.55,1.45,1.47,0,914300,
2020-05-06,1.45,1.65,1.42,1.51,0.040000000000000036,1765700,
2020-05-07,1.53,1.66,1.5293,1.58,0.07000000000000006,1165300,
2020-05-08,1.58,1.71,1.58,1.62,0.040000000000000036,1196900,
2020-05-11,1.65,1.65,1.52,1.52,-0.10000000000000009,1297200,
2020-05-12,1.54,1.92,1.5,1.68,0.15999999999999992,8724200,
2020-05-13,1.72,1.74,1.51,1.6,-0.07999999999999985,2505300,
2020-05-14,1.59,1.61,1.51,1.6,0,1137000,
2020-05-15,1.62,1.62,1.53,1.6,0,910500,
2020-05-18,1.66,1.68,1.6,1.63,0.029999999999999805,871900,
2020-05-19,1.65,1.93,1.63,1.73,0.10000000000000009,4932900,
2020-05-20,1.78,1.91,1.7401,1.83,0.10000000000000009,1433000,
2020-05-21,1.84,1.94,1.77,1.92,0.08999999999999986,1417900,
2020-05-22,1.95,2.05,1.9,1.92,0,1770300,
2020-05-26,2.03,2.3399,1.94,2.12,0.20000000000000018,7848900,
2020-05-27,2.17,2.41,2.04,2.34,0.21999999999999975,5247300,
2020-05-28,2.35,2.49,2.25,2.27,-0.06999999999999984,3013300,
2020-05-29,2.29,2.48,2.25,2.44,0.16999999999999993,2698300,
2020-06-01,2.42,2.71,2.42,2.59,0.1499999999999999,5570700,
2020-06-02,3.73,3.84,3.13,3.36,0.77,33469000,
2020-06-03,3.45,3.45,3.1,3.12,-0.23999999999999977,7854000,
2020-06-04,3.18,3.55,3.13,3.47,0.3500000000000001,7275600,
2020-06-05,3.52,3.56,3.25,3.33,-0.14000000000000012,4257700,
2020-06-08,3.35,3.425,3.29,3.34,0.009999999999999787,2912800,
2020-06-09,3.5,4.05,3.41,3.74,0.40000000000000036,8920100,
2020-06-10,3.8,3.8,3.3,3.34,-0.40000000000000036,4213900,
2020-06-11,3.1,3.32,2.75,2.77,-0.5699999999999998,4888900,
2020-06-12,3.07,3.26,2.96,3.15,0.3799999999999999,3232200,
2020-06-15,3.04,3.3199,3,3.14,-0.009999999999999787,2526300,
2020-06-16,3.28,3.333,3.11,3.17,0.029999999999999805,1698500,
2020-06-17,3.29,3.3201,3.12,3.2,0.03000000000000025,2672600,
2020-06-18,3.18,3.25,3.08,3.24,0.040000000000000036,1582600,
2020-06-19,3.29,3.41,3.21,3.36,0.11999999999999966,2850100,
2020-06-22,3.32,3.34,3.15,3.25,-0.10999999999999988,1934700,
2020-06-23,3.27,3.54,3.244,3.32,0.06999999999999984,3467000,
2020-06-24,3.33,3.3843,3.14,3.15,-0.16999999999999993,2158200,
2020-06-25,3.17,3.43,3.12,3.39,0.2400000000000002,2997400,
2020-06-26,3.37,3.3808,3.1,3.25,-0.14000000000000012,9648000,
2020-06-29,3.23,3.27,3.085,3.26,0.009999999999999787,1913500,
2020-06-30,3.23,3.29,3.162,3.21,-0.04999999999999982,1426200,
2020-07-01,3.21,3.26,3.14,3.18,-0.029999999999999805,1371900,
2020-07-02,3.2,3.24,3.09,3.16,-0.020000000000000018,1678700,
2020-07-06,3.13,3.19,3.07,3.13,-0.03000000000000025,1139200,
2020-07-07,3.11,3.11,2.88,2.91,-0.21999999999999975,2197300,
2020-07-08,2.9,2.975,2.81,2.94,0.029999999999999805,1638700,
2020-07-09,2.95,3.36,2.81,3.11,0.16999999999999993,5275100,
2020-07-10,3.08,3.24,3,3.18,0.07000000000000028,1677500,
2020-07-13,3.2,3.21,3.02,3.03,-0.15000000000000036,1691800,
2020-07-14,3.05,3.2,3.04,3.13,0.10000000000000009,1418900,
2020-07-15,3.17,3.29,3.1,3.23,0.10000000000000009,1761600,
2020-07-16,3.23,3.28,3.105,3.19,-0.040000000000000036,962400,
2020-07-17,3.18,3.21,3.09,3.1,-0.08999999999999986,769900,
2020-07-20,3.09,3.12,2.98,3.1,0,1352200,
2020-07-21,3.06,3.15,3.055,3.12,0.020000000000000018,778000,
2020-07-22,3.1,3.22,3.085,3.11,-0.010000000000000231,1083500,
2020-07-23,3.12,3.1498,2.98,3.03,-0.08000000000000007,1124700,
2020-07-24,2.99,3.05,2.96,2.98,-0.04999999999999982,903000,
2020-07-27,2.99,3.13,2.98,3.12,0.14000000000000012,908500,
2020-07-28,3.1,3.17,3.05,3.09,-0.03000000000000025,1088400,
2020-07-29,3.17,3.64,3.14,3.58,0.4900000000000002,3285500,
2020-07-30,3.61,3.85,3.42,3.79,0.20999999999999996,4239100,
2020-07-31,3.95,4,3.235,3.48,-0.31000000000000005,5025900,
2020-08-03,3.57,3.66,3.37,3.49,0.010000000000000231,2460600,
2020-08-04,3.5,3.655,3.5,3.54,0.04999999999999982,1824500,
2020-08-05,3.67,3.71,3.47,3.53,-0.010000000000000231,1799700,
2020-08-06,3.47,3.56,3.4311,3.46,-0.06999999999999984,1114500,
2020-08-07,3.5,3.51,3.33,3.44,-0.020000000000000018,1397900,
2020-08-10,3.44,3.7,3.26,3.45,0.010000000000000231,5524900,
2020-08-11,3.45,3.635,3.41,3.53,0.07999999999999963,2275700,
2020-08-12,3.57,3.655,3.46,3.63,0.10000000000000009,2658500,
2020-08-13,3.7,3.77,3.52,3.55,-0.08000000000000007,1932900,
2020-08-14,3.51,3.56,3.43,3.55,0,1021800,
2020-08-17,3.57,3.64,3.51,3.59,0.040000000000000036,1295700,
2020-08-18,3.58,3.655,3.52,3.52,-0.06999999999999984,1214100,
2020-08-19,3.51,3.52,3.39,3.4,-0.1200000000000001,1220500,
2020-08-20,3.36,3.435,3.262,3.29,-0.10999999999999988,1861300,
2020-08-21,3.28,3.36,3.14,3.15,-0.14000000000000012,1727300,
2020-08-24,3.18,3.29,2.82,3.2,0.050000000000000266,2175000,
2020-08-25,3.15,3.175,3.05,3.07,-0.13000000000000034,813400,
2020-08-26,3.08,3.1773,3.015,3.08,0.010000000000000231,1492600,
2020-08-27,3.08,3.11,2.96,3.07,-0.010000000000000231,1673100,
2020-08-28,3.07,3.12,3,3.02,-0.04999999999999982,868400,
2020-08-31,3.02,3.04,2.9,2.92,-0.10000000000000009,1358900,
2020-09-01,2.94,3.09,2.94,3.04,0.1200000000000001,1494300,
2020-09-02,3.01,3.09,2.99,3.05,0.009999999999999787,1162000,
2020-09-03,3.03,3.03,2.88,2.98,-0.06999999999999984,1258900,
2020-09-04,3,3.02,2.84,2.9,-0.08000000000000007,1172100,
2020-09-08,2.86,2.99,2.84,2.89,-0.009999999999999787,885700,
2020-09-09,2.92,3.02,2.865,2.89,0,840400,
2020-09-10,2.9,2.97,2.87,2.92,0.029999999999999805,674400,
2020-09-11,2.92,2.95,2.8436,2.9,-0.020000000000000018,809200,
2020-09-14,2.93,3.05,2.895,2.99,0.0900000000000003,1065500,
2020-09-15,3.05,3.0756,2.99,3.02,0.029999999999999805,672700,
2020-09-16,3.02,3.15,3,3.04,0.020000000000000018,1144900,
2020-09-17,2.97,3.17,2.97,3.09,0.04999999999999982,1300900,
2020-09-18,3.06,3.15,2.965,2.99,-0.09999999999999964,1801400,
2020-09-21,2.92,2.98,2.78,2.9,-0.0900000000000003,1380300,
2020-09-22,2.93,2.99,2.85,2.94,0.040000000000000036,1015700,
2020-09-23,2.92,2.9861,2.6601,2.68,-0.2599999999999998,1908200,
2020-09-24,2.69,2.79,2.61,2.7,0.020000000000000018,1205200,
2020-09-25,2.69,2.81,2.69,2.76,0.05999999999999961,894900,
2020-09-28,2.8,2.832,2.68,2.73,-0.029999999999999805,1159100,
2020-09-29,2.74,2.7882,2.7115,2.76,0.029999999999999805,535200,
2020-09-30,2.77,2.83,2.74,2.825,0.06500000000000039,879700,
2020-10-01,2.82,2.97,2.73,2.94,0.11499999999999977,983500,
2020-10-02,2.86,2.93,2.83,2.89,-0.04999999999999982,414900,
2020-10-05,2.89,2.98,2.85,2.96,0.06999999999999984,997700,
2020-10-06,3.09,3.21,2.99,3.17,0.20999999999999996,3361300,
2020-10-07,3.17,3.1865,3.05,3.06,-0.10999999999999988,1092800,
2020-10-08,3.08,3.18,3.06,3.1,0.040000000000000036,725100,
2020-10-09,3.11,3.27,3.08,3.15,0.04999999999999982,1281000,
2020-10-12,3.16,3.21,3.09,3.2,0.050000000000000266,977900,
2020-10-13,3.19,3.97,3.15,3.85,0.6499999999999999,7671800,
2020-10-14,3.82,4.325,3.78,4.23,0.38000000000000034,7116200,
2020-10-15,4.14,4.27,3.86,3.97,-0.26000000000000023,4209900,
2020-10-16,4.01,4.18,3.97,4.09,0.11999999999999966,1847500,
2020-10-19,4.17,5.25,4.14,4.83,0.7400000000000002,10471700,
2020-10-20,4.88,5.0056,4.58,4.665,-0.16500000000000004,3133500,
2020-10-21,4.72,5.19,4.64,4.75,0.08499999999999996,3963900,
2020-10-22,4.79,4.82,4.48,4.595,-0.15500000000000025,2269200,
2020-10-23,4.61,4.79,4.55,4.73,0.13500000000000068,1045900,
2020-10-26,4.69,4.72,4.11,4.25,-0.4800000000000004,2382800,
2020-10-27,4.27,4.52,4.13,4.47,0.21999999999999975,1661300,
2020-10-28,4.24,4.4,4.12,4.29,-0.17999999999999972,1355900,
2020-10-29,4.45,4.56,4.23,4.49,0.20000000000000018,1889400,
2020-10-30,5.12,5.92,4.91,5.15,0.6600000000000001,41211100,
2020-11-02,4.92,5.1,4.72,4.82,-0.33000000000000007,4640900,
2020-11-03,4.85,5.02,4.77,4.77,-0.05000000000000071,1560100,
2020-11-04,4.81,5.07,4.73,4.84,0.07000000000000028,2485800,
2020-11-05,4.96,5.53,4.87,5.47,0.6299999999999999,3109000,
2020-11-06,5.41,5.595,5.36,5.51,0.040000000000000036,1628600,
2020-11-09,5.59,6.03,5.52,5.865,0.3550000000000004,2837700,
2020-11-10,5.95,6.49,5.85,6.46,0.5949999999999998,3061500,
2020-11-11,6.46,6.68,6.155,6.35,-0.11000000000000032,2341100,
2020-11-12,6.24,6.62,6.12,6.22,-0.1299999999999999,3135900,
2020-11-13,6.43,7.73,6.37,7.51,1.29,8518400,
2020-11-16,7.71,8.4501,7.38,8.1,0.5899999999999999,6986300,
2020-11-17,7.71,8.7653,7.7,8.25,0.15000000000000036,4030600,
2020-11-18,8.4,8.4925,6.8325,7.275,-0.9749999999999996,5132500,
2020-11-19,7.36,7.5,6.92,7.02,-0.2550000000000008,3266400,
2020-11-20,6.98,7.94,6.94,7.89,0.8700000000000001,3060500,
2020-11-23,8.2,8.59,7.9,8.53,0.6399999999999997,3651100,
2020-11-24,8.79,8.93,7.58,7.7,-0.8299999999999992,3489200,
2020-11-25,7.76,8.15,7.48,7.8,0.09999999999999964,2067400,
2020-11-27,7.83,7.9,7.28,7.42,-0.3799999999999999,1961600,
2020-11-30,7.22,7.25,6.68,6.78,-0.6399999999999997,4086600,
2020-12-01,6.87,7.18,6.815,6.93,0.14999999999999947,2103700,
2020-12-02,6.75,6.83,6.41,6.65,-0.27999999999999936,2346700,
2020-12-03,6.79,6.79,6.05,6.54,-0.11000000000000032,3648400,
2020-12-04,6.49,6.675,6.41,6.52,-0.020000000000000462,1917200,
2020-12-07,6.51,6.55,6.23,6.43,-0.08999999999999986,2407600,
2020-12-08,6.37,6.43,6.15,6.38,-0.04999999999999982,1859200,
2020-12-09,6.4,6.64,6.04,6.19,-0.1899999999999995,2579200,
2020-12-10,6,6.16,5.86,6.03,-0.16000000000000014,2442500,
2020-12-11,5.94,6.02,5.51,5.69,-0.33999999999999986,4288200,
2020-12-14,5.7,5.879,5.6,5.6,-0.09000000000000075,2420200,
2020-12-15,5.65,6.39,5.65,6.29,0.6900000000000004,5032200,
2020-12-16,6.31,6.83,6.3,6.79,0.5,4111500,
2020-12-17,7,7.29,6.79,7.21,0.41999999999999993,3425100,
2020-12-18,7.13,7.32,6.82,6.93,-0.28000000000000025,2913100,
2020-12-21,6.75,7,6.44,7,0.07000000000000028,2598900,
2020-12-22,7.03,7.3,6.74,6.84,-0.16000000000000014,2111000,
2020-12-23,6.6,6.6,5.9201,6.03,-0.8099999999999996,6575600,
2020-12-24,6.06,6.13,5.83,5.97,-0.0600000000000005,1276200,
2020-12-28,6.02,6.2,5.3,5.305,-0.665,4522800,
2020-12-29,5.36,5.36,4.93,5.3,-0.004999999999999893,3351600,
2020-12-30,5.3,6,5.23,5.65,0.35000000000000053,3278300,
2020-12-31,5.63,5.71,5.41,5.465,-0.1850000000000005,1975800,
2021-01-04,5.53,5.67,5.24,5.33,-0.1349999999999998,1798700,
2021-01-05,5.35,6.37,5.335,6.29,0.96,9838100,
2021-01-06,6.33,6.48,5.92,6.28,-0.009999999999999787,4850800,
2021-01-07,6.44,6.8189,6.36,6.7,0.41999999999999993,2882100,
2021-01-08,6.62,6.94,6.5006,6.87,0.16999999999999993,2914800,
2021-01-11,7.01,7.58,6.69,6.87,0,3887300,
2021-01-12,6.75,6.88,6.37,6.51,-0.3600000000000003,2337800,
2021-01-13,6.48,6.7099,6.42,6.56,0.04999999999999982,1044600,
2021-01-14,6.6,7.08,6.6,7.03,0.47000000000000064,2547600,
2021-01-15,6.95,7.43,6.9,7.27,0.23999999999999932,3013500,
2021-01-19,7.12,7.13,6.4,6.505,-0.7649999999999997,3619700,
2021-01-20,6.5,6.5299,6.0201,6.23,-0.27499999999999947,2207000,
2021-01-21,6.21,6.23,5.88,6.025,-0.20500000000000007,1881600,
2021-01-22,5.95,7.59,5.8907,6.46,0.4349999999999996,8888300,
2021-01-25,6.43,6.75,6.31,6.39,-0.07000000000000028,3247200,
2021-01-26,6.5,6.69,6.3632,6.58,0.1900000000000004,1592700,
2021-01-27,6.36,7.3801,6.35,6.83,0.25,4084300,
2021-01-28,6.8,7.11,6.58,6.925,0.09499999999999975,2296400,
2021-01-29,7.03,8.7,6.93,7.67,0.7450000000000001,9674900,
2021-02-01,8.01,9.07,7.86,8.36,0.6899999999999995,7570700,
2021-02-02,8.39,8.73,7.71,7.95,-0.40999999999999925,4444900,
2021-02-03,8,8.31,7.54,8.22,0.27000000000000046,3722200,
2021-02-04,8.21,9.3,7.95,8.39,0.16999999999999993,9033400,
2021-02-05,8.44,8.81,8.32,8.59,0.1999999999999993,3078800,
2021-02-08,8.81,9.23,8.77,9.13,0.5400000000000009,2864000,
2021-02-09,9.01,9.93,9,9.69,0.5599999999999987,3303700,
2021-02-10,9.8,10.22,8.83,9.02,-0.6699999999999999,5529900,
2021-02-11,9.08,9.5299,8.6746,8.94,-0.08000000000000007,4003900,
2021-02-12,8.95,9.36,8.77,9.15,0.21000000000000085,1485500,
2021-02-16,9.35,9.74,9.14,9.42,0.2699999999999996,1816100,
2021-02-17,9.5,11.7,9.47,11.43,2.01,8996400,
2021-02-18,10.81,11.46,10.5902,10.87,-0.5600000000000005,3435100,
2021-02-19,10.87,11.38,10.32,10.87,0,3093000,
2021-02-22,8.28,8.84,7.69,8.38,-2.4899999999999984,10306200,
2021-02-23,7.85,7.92,6.66,7.26,-1.120000000000001,6087400,
2021-02-24,7.55,7.65,7.01,7.075,-0.1849999999999996,2752700,
2021-02-25,7.25,7.41,6.75,6.84,-0.23500000000000032,3246400,
2021-02-26,6.86,7.05,6.55,6.67,-0.16999999999999993,2586700,
2021-03-01,6.8,7.3,6.69,7.18,0.5099999999999998,2469900,
2021-03-02,7.09,7.2,6.86,6.96,-0.21999999999999975,1577000,
2021-03-03,6.95,7.09,6.43,6.5,-0.45999999999999996,2299400,
2021-03-04,6.44,6.67,6,6.28,-0.21999999999999975,2879800,
2021-03-05,6.35,6.56,5.6,6.17,-0.11000000000000032,2673700,
2021-03-08,6.27,6.8,6.11,6.595,0.4249999999999998,2873200,
2021-03-09,6.35,6.97,6.32,6.9,0.3050000000000006,2545800,
2021-03-10,7.45,7.83,7.0509,7.81,0.9099999999999993,5221000,
2021-03-11,7.88,7.91,7.2801,7.72,-0.08999999999999986,2671800,
2021-03-12,7.53,7.84,7.51,7.67,-0.04999999999999982,1418900,
2021-03-15,7.62,7.769,7.46,7.65,-0.019999999999999574,1356400,
2021-03-16,7.6,7.72,6.97,7.16,-0.4900000000000002,1553100,
2021-03-17,7.05,7.18,6.84,6.94,-0.21999999999999975,2046200,
2021-03-18,7.12,7.37,6.79,6.86,-0.08000000000000007,1790700,
2021-03-19,6.76,7.065,6.61,7.05,0.1899999999999995,2450200,
2021-03-22,7.04,7.13,6.57,6.8,-0.25,1859100,
2021-03-23,6.85,6.95,6.41,6.5,-0.2999999999999998,2006100,
2021-03-24,6.52,6.74,5.89,5.91,-0.5899999999999999,4701800,
2021-03-25,5.77,6.04,5.66,5.98,0.07000000000000028,1328500,
2021-03-26,6.07,6.165,5.81,6.03,0.04999999999999982,1720000,
2021-03-29,6.03,6.15,5.72,5.83,-0.20000000000000018,1274400,
2021-03-30,5.85,5.97,5.68,5.96,0.1299999999999999,1017800,
2021-03-31,6.01,6.6,5.98,6.57,0.6100000000000003,2506700,
2021-04-01,6.66,7.53,6.61,7.43,0.8599999999999994,4125300,
2021-04-05,7.43,7.4416,6.745,7.19,-0.23999999999999932,2546200,
2021-04-06,7.18,7.36,6.96,7.2,0.009999999999999787,1720300,
2021-04-07,7.18,7.45,6.92,7.29,0.08999999999999986,2257800,
2021-04-08,7.41,7.42,6.63,6.65,-0.6399999999999997,2630800,
2021-04-09,6.64,6.75,6.36,6.49,-0.16000000000000014,2250200,
2021-04-12,6.46,6.5,6.2,6.47,-0.020000000000000462,1553400,
2021-04-13,6.45,6.88,6.3601,6.85,0.3799999999999999,2194500,
2021-04-14,6.88,7.1153,6.76,6.87,0.020000000000000462,2562300,
2021-04-15,7.28,7.455,6.82,7.22,0.34999999999999964,3698900,
2021-04-16,7.06,7.23,6.79,7,-0.21999999999999975,1524200,
2021-04-19,6.97,7.19,6.84,6.97,-0.03000000000000025,963200,
2021-04-20,6.88,6.97,6.38,6.6,-0.3700000000000001,2330700,
2021-04-21,6.6,7.14,6.46,7.08,0.4800000000000004,1751600,
2021-04-22,7.16,7.3,6.89,6.93,-0.15000000000000036,1251300,
2021-04-23,6.99,7.22,6.86,7.19,0.2600000000000007,977000,
2021-04-26,7.25,7.53,7.14,7.26,0.0699999999999994,1390500,
2021-04-27,7.34,7.36,7.132,7.28,0.020000000000000462,1086700,
2021-04-28,7.34,7.54,7.19,7.52,0.23999999999999932,1069600,
2021-04-29,7.59,7.59,7.07,7.25,-0.2699999999999996,2217900,
2021-04-30,7.13,7.19,6.76,6.9,-0.34999999999999964,1410400,
2021-05-03,7,7.06,6.635,6.74,-0.16000000000000014,1510100,
2021-05-04,6.68,6.78,6.37,6.75,0.009999999999999787,1454600,
2021-05-05,6.92,7.03,6.61,6.66,-0.08999999999999986,1474700,
2021-05-06,6.65,6.68,6.2,6.54,-0.1200000000000001,2316900,
2021-05-07,6.56,8.72,6.48,8.03,1.4899999999999993,21613400,
2021-05-10,8.41,8.92,8.095,8.37,0.33999999999999986,6318200,
2021-05-11,8,8.43,7.87,8.34,-0.02999999999999936,2364600,
2021-05-12,8.31,8.54,7.59,7.64,-0.7000000000000002,2830700,
2021-05-13,7.68,7.7896,7.24,7.62,-0.019999999999999574,1655000,
2021-05-14,7.68,7.98,7.592,7.73,0.11000000000000032,1342000,
2021-05-17,7.68,7.77,7.37,7.54,-0.1900000000000004,975100,
2021-05-18,7.55,7.83,7.4291,7.49,-0.04999999999999982,1201400,
2021-05-19,7.16,7.42,7.01,7.42,-0.07000000000000028,1454000,
2021-05-20,7.67,8.04,7.51,8.03,0.6099999999999994,2066700,
2021-05-21,8.18,8.419,8.08,8.26,0.23000000000000043,2155800,
2021-05-24,8.31,8.945,8.1986,8.85,0.5899999999999999,2193900,
2021-05-25,8.9,9.3292,8.8,9.04,0.1899999999999995,2754700,
2021-05-26,9.1,9.56,8.9,9.49,0.45000000000000107,1737800,
2021-05-27,9.34,10.12,9.31,9.85,0.35999999999999943,2538600,
2021-05-28,9.94,10.26,9.76,9.8,-0.049999999999998934,1916400,
2021-06-01,9.87,9.95,9.42,9.7,-0.10000000000000142,1376000,
2021-06-02,9.85,11.25,9.66,11.03,1.33,4994700,
2021-06-03,10.73,11.29,10.55,11.25,0.22000000000000064,2451800,
2021-06-04,11.25,11.855,10.92,11.12,-0.13000000000000078,2519600,
2021-06-07,10.26,10.86,9.91,10.15,-0.9699999999999989,3701100,
2021-06-08,10.2,10.23,9.7299,9.94,-0.21000000000000085,2373300,
2021-06-09,10.04,10.63,9.9,10.01,0.07000000000000028,3295000,
2021-06-10,10.02,10.17,9.29,9.66,-0.34999999999999964,2574700,
2021-06-11,9.62,9.95,9.5964,9.68,0.019999999999999574,1466300,
2021-06-14,9.72,9.81,9.515,9.57,-0.10999999999999943,1379600,
2021-06-15,9.57,9.69,9.17,9.49,-0.08000000000000007,1788300,
2021-06-16,9.42,9.57,9.26,9.27,-0.22000000000000064,943900,
2021-06-17,9.3,9.86,9.1116,9.75,0.4800000000000004,5437900,
2021-06-18,9.96,10.37,9.8264,10.24,0.4900000000000002,6081600,
2021-06-21,10.18,10.645,10.11,10.31,0.07000000000000028,3001300,
2021-06-22,10.4,10.7826,9.87,10.48,0.16999999999999993,1937700,
2021-06-23,10.49,10.7,10.32,10.51,0.02999999999999936,1357500,
2021-06-24,10.71,10.98,10.55,10.77,0.2599999999999998,1436100,
2021-06-25,10.81,10.88,10.11,10.17,-0.5999999999999996,3335900,
2021-06-28,10.2,10.4,10.04,10.36,0.1899999999999995,2070100,
2021-06-29,10.39,10.46,9.995,10.18,-0.17999999999999972,1509500,
2021-06-30,10.17,10.29,9.98,10.08,-0.09999999999999964,1276600,
2021-07-01,10.08,10.1,9.71,10.04,-0.040000000000000924,762400,
2021-07-02,10.04,10.3592,9.89,10.3,0.26000000000000156,867100,
2021-07-06,10.4,10.41,9.845,10.08,-0.22000000000000064,1448600,
2021-07-07,10.13,10.5,9.675,10.07,-0.009999999999999787,2551600,
2021-07-08,9.81,9.8443,9.34,9.82,-0.25,1647500,
2021-07-09,9.92,10.695,9.88,10.52,0.6999999999999993,2202800,
2021-07-12,10.62,11.15,10.47,10.6,0.08000000000000007,3111400,
2021-07-13,10.5,10.53,9.87,10.14,-0.4599999999999991,1650600,
2021-07-14,10.21,10.44,9.7001,9.82,-0.3200000000000003,1957800,
2021-07-15,9.79,10.4,9.73,9.98,0.16000000000000014,2317400,
2021-07-16,10.59,10.78,10.13,10.27,0.28999999999999915,5887400,
2021-07-19,9.89,10.49,9.825,10.22,-0.049999999999998934,2061300,
2021-07-20,10.31,10.475,9.6,10.3,0.08000000000000007,2534900,
2021-07-21,10.38,12.36,10.23,11.49,1.1899999999999995,7911600,
2021-07-22,11.44,12.14,11.15,12.04,0.5499999999999989,2868300,
2021-07-23,12.175,12.23,11.62,11.7,-0.33999999999999986,2008200,
2021-07-26,12,12.03,11.36,11.91,0.21000000000000085,1670100,
2021-07-27,11.75,11.95,11.09,11.32,-0.5899999999999999,1599500,
2021-07-28,11.39,11.89,11.1,11.69,0.3699999999999992,1472300,
2021-07-29,11.77,11.9,11.21,11.27,-0.41999999999999993,1503900,
2021-07-30,11.09,11.21,10.03,10.34,-0.9299999999999997,4791400,
2021-08-02,10.61,10.61,9.96,9.99,-0.34999999999999964,1914700,
2021-08-03,9.98,9.99,9.55,9.71,-0.27999999999999936,1913800,
2021-08-04,9.7,10.07,9.62,9.62,-0.09000000000000163,1462500,
2021-08-05,9.62,10.1801,9.62,9.95,0.33000000000000007,1442400,
2021-08-06,9.95,10.2099,9.77,10.16,0.21000000000000085,1572800,
2021-08-09,10.14,10.14,9.53,9.72,-0.4399999999999995,2185100,
2021-08-10,9.71,9.76,9.31,9.48,-0.2400000000000002,2113600,
2021-08-11,9.56,9.57,9.18,9.44,-0.040000000000000924,1314700,
2021-08-12,9.4,9.46,9.22,9.28,-0.16000000000000014,833900,
2021-08-13,9.29,9.42,9.05,9.2,-0.08000000000000007,964600,
2021-08-16,9.19,9.2,8.98,9.06,-0.1399999999999988,1061200,
2021-08-17,8.99,9.065,8.73,9.05,-0.009999999999999787,1539100,
2021-08-18,8.98,9.66,8.91,9.34,0.28999999999999915,1409900,
2021-08-19,9.24,9.4,9.01,9.1,-0.2400000000000002,1401900,
2021-08-20,9.01,9.13,8.39,8.64,-0.4599999999999991,5878600,
2021-08-23,8.8,9.19,8.66,9.12,0.47999999999999865,1659300,
2021-08-24,9.1,9.22,8.9,9.06,-0.05999999999999872,1263800,
2021-08-25,9.08,9.16,8.9,8.99,-0.07000000000000028,854800,
2021-08-26,9.03,9.15,8.7,8.81,-0.17999999999999972,972400,
2021-08-27,8.78,9.2,8.78,9.14,0.33000000000000007,803700,
2021-08-30,9.21,9.4,8.95,9.17,0.02999999999999936,1272800,
2021-08-31,9.12,9.2,8.86,8.99,-0.17999999999999972,1682300,
2021-09-01,8.99,9.1,8.8,8.96,-0.02999999999999936,973600,
2021-09-02,9.06,9.06,8.8025,8.92,-0.040000000000000924,913900,
2021-09-03,8.93,9.08,8.81,8.83,-0.08999999999999986,621400,
2021-09-07,8.81,9.14,8.74,8.98,0.15000000000000036,1128500,
2021-09-08,9.03,9.1,8.64,8.7,-0.28000000000000114,1542900,
2021-09-09,8.73,9.18,8.65,8.93,0.23000000000000043,1201600,
2021-09-10,9,9,8.48,8.55,-0.379999999999999,1276600,
2021-09-13,8.67,8.985,8.57,8.9,0.34999999999999964,1434900,
2021-09-14,8.87,8.9,8.265,8.65,-0.25,3626700,
2021-09-15,8.7,8.985,8.58,8.88,0.23000000000000043,1834300,
2021-09-16,8.92,9.1,8.82,8.9,0.019999999999999574,1105900,
2021-09-17,8.97,9.32,8.87,9.05,0.15000000000000036,4584800,
2021-09-20,8.76,8.82,8.14,8.41,-0.6400000000000006,2436600,
2021-09-21,8.51,8.57,7.985,8.1,-0.3100000000000005,2535100,
2021-09-22,8.12,8.59,8.1,8.47,0.370000000000001,1100600,
2021-09-23,8.61,8.955,8.51,8.65,0.17999999999999972,1193700,
2021-09-24,8.56,8.59,8.165,8.2,-0.45000000000000107,1319100,
2021-09-27,8.3,8.65,8.16,8.56,0.3600000000000012,1257000,
2021-09-28,8.54,8.56,8.23,8.26,-0.3000000000000007,845500,
2021-09-29,8.33,8.3899,7.964,8.06,-0.1999999999999993,1528000,
2021-09-30,8.04,8.27,7.94,8.02,-0.040000000000000924,1853400,
2021-10-01,8.1,8.2,7.82,8.14,0.120000000000001,1739100,
2021-10-04,8.07,8.07,7.5344,7.59,-0.5500000000000007,2178100,
2021-10-05,7.66,7.84,7.505,7.76,0.16999999999999993,1132500,
2021-10-06,7.6,7.79,7.59,7.69,-0.0699999999999994,749500,
2021-10-07,7.89,8.43,7.85,8.39,0.7000000000000002,2004300,
2021-10-08,8.36,8.42,7.96,7.97,-0.4200000000000008,1370200,
2021-10-11,7.97,7.97,7.72,7.74,-0.22999999999999954,596300,
2021-10-12,7.77,7.9,7.71,7.78,0.040000000000000036,655500,
2021-10-13,7.8,7.89,7.74,7.83,0.04999999999999982,526300,
2021-10-14,7.96,8.01,7.7605,7.81,-0.020000000000000462,930900,
2021-10-15,7.96,8.09,7.77,7.79,-0.019999999999999574,797100,
2021-10-18,7.76,7.8499,7.625,7.67,-0.1200000000000001,983100,
2021-10-19,7.55,7.66,6.98,7.02,-0.6500000000000004,3148400,
2021-10-20,7.06,7.27,6.96,7.1,0.08000000000000007,2036700,
2021-10-21,7.08,7.11,6.845,6.92,-0.17999999999999972,1785800,
2021-10-22,6.86,6.8987,6.65,6.7,-0.21999999999999975,1855200,
2021-10-25,6.79,7.09,6.73,6.86,0.16000000000000014,1800900,
2021-10-26,6.9,6.97,6.6,6.73,-0.1299999999999999,2203600,
2021-10-27,6.71,6.8,6.36,6.4,-0.33000000000000007,3772900,
2021-10-28,6.43,6.62,6.38,6.59,0.1899999999999995,1946700,
2021-10-29,6.45,6.499,5.77,5.97,-0.6200000000000001,6682300,
2021-11-01,5.9,6.16,5.87,6.12,0.15000000000000036,4305600,
2021-11-02,6.11,6.11,5.21,5.28,-0.8399999999999999,8815800,
2021-11-03,5.33,5.47,5.06,5.26,-0.020000000000000462,4521500,
2021-11-04,5.25,5.39,5.135,5.2,-0.05999999999999961,3184900,
2021-11-05,5.25,5.3999,5.18,5.25,0.04999999999999982,4110200,
2021-11-08,5.55,5.92,5.49,5.87,0.6200000000000001,5443300,
2021-11-09,5.98,6.02,5.7,5.74,-0.1299999999999999,2601900,
2021-11-10,5.652,5.82,5.565,5.6,-0.14000000000000057,2116300,
2021-11-11,5.67,5.69,5.56,5.6,0,1895900,
2021-11-12,5.74,6.475,5.71,6.3,0.7000000000000002,7206000,
2021-11-15,6.44,6.825,6.37,6.5,0.20000000000000018,4486000,
2021-11-16,6.46,6.46,6.19,6.25,-0.25,3453200,
2021-11-17,6.25,6.25,5.94,6,-0.25,3794600,
2021-11-18,6.03,6.03,5.7,5.89,-0.11000000000000032,3976100,
2021-11-19,6.01,6.01,5.69,5.72,-0.16999999999999993,3506700,
2021-11-22,5.89,6.145,5.68,5.76,0.040000000000000036,3136200,
2021-11-23,5.8,6.07,5.72,5.94,0.1800000000000006,2119400,
2021-11-24,5.83,6.3303,5.81,6.15,0.20999999999999996,1951700,
2021-11-26,5.9,6.03,5.62,5.83,-0.3200000000000003,1868300,
2021-11-29,5.97,6.125,5.73,6,0.16999999999999993,2848700,
2021-11-30,5.94,6.01,5.775,5.93,-0.07000000000000028,4205100,
2021-12-01,5.95,6.18,5.93,5.99,0.0600000000000005,2862800,
2021-12-02,6.01,6.16,5.82,6.12,0.1299999999999999,2383500,
2021-12-03,6.07,6.71,5.952,6.55,0.4299999999999997,3936700,
2021-12-06,6.57,7.11,6.35,6.97,0.41999999999999993,4773900,
2021-12-07,7.06,7.52,7.02,7.33,0.3600000000000003,3105400,
2021-12-08,7.33,7.79,7.162,7.48,0.15000000000000036,4699700,
2021-12-09,7.35,7.62,7.17,7.53,0.04999999999999982,2704900,
2021-12-10,7.55,7.92,7.55,7.76,0.22999999999999954,3155400,
2021-12-13,7.6,7.63,7.2,7.43,-0.33000000000000007,2184400,
2021-12-14,7.23,7.62,7.14,7.34,-0.08999999999999986,2582800,
2021-12-15,7.34,8.13,6.93,7.94,0.6000000000000005,10129600,
2021-12-16,7.91,7.96,7.62,7.88,-0.0600000000000005,2798700,
2021-12-17,7.82,8.1199,7.65,7.86,-0.019999999999999574,2942800,
2021-12-20,7.72,7.9875,7.51,7.71,-0.15000000000000036,2339200,
2021-12-21,7.87,8.23,7.85,8.02,0.3099999999999996,2248400,
2021-12-22,7.98,8.22,7.87,7.9,-0.11999999999999922,1918900,
2021-12-23,7.86,7.88,7.57,7.59,-0.3100000000000005,1651300,
2021-12-27,7.65,7.7,7.52,7.6,0.009999999999999787,1716000,
2021-12-28,7.58,7.69,7.345,7.43,-0.16999999999999993,1594800,
2021-12-29,7.42,7.6,7.34,7.52,0.08999999999999986,1801700,
2021-12-30,7.48,7.695,7.36,7.54,0.020000000000000462,1280800,
2021-12-31,7.59,8.005,7.5402,7.89,0.34999999999999964,1259100,
2022-01-03,7.95,8.1299,7.72,7.73,-0.15999999999999925,1206700,
2022-01-04,7.78,7.94,7.565,7.72,-0.010000000000000675,1030800,
2022-01-05,7.69,7.815,7.5,7.53,-0.1899999999999995,1385700,
2022-01-06,7.56,7.595,7.45,7.5,-0.03000000000000025,854400,
2022-01-07,7.46,7.62,7.455,7.55,0.04999999999999982,666100,
2022-01-10,7.42,7.62,7.18,7.59,0.040000000000000036,1317500,
2022-01-11,7.59,7.97,7.445,7.93,0.33999999999999986,1748200,
2022-01-12,8,8.08,7.83,7.97,0.040000000000000036,1255200,
2022-01-13,8.06,8.06,7.75,7.81,-0.16000000000000014,1116800,
2022-01-14,7.73,7.9901,7.58,7.87,0.0600000000000005,1496200,
2022-01-18,7.83,8.15,7.64,8.01,0.13999999999999968,2703900,
2022-01-19,8.04,8.5,7.94,8.44,0.4299999999999997,3251700,
2022-01-20,8.61,9.56,8.34,9.17,0.7300000000000004,7453800,
2022-01-21,9.07,9.3056,8.885,8.98,-0.1899999999999995,4191300,
2022-01-24,8.47,9.57,8.35,9.27,0.28999999999999915,5522000,
2022-01-25,9.8665,10,8.985,9.14,-0.129999999999999,7888000,
2022-01-26,9.27,9.3,8.69,8.94,-0.20000000000000107,4205000,
2022-01-27,8.99,9.08,8.64,8.76,-0.17999999999999972,2779200,
2022-01-28,8.69,8.88,8.12,8.87,0.10999999999999943,3942800,
2022-01-31,8.77,9.05,8.43,8.77,-0.09999999999999964,3045000,
2022-02-01,8.76,8.95,8.67,8.79,0.019999999999999574,2146800,
2022-02-02,8.75,9.7,8.5839,9.61,0.8200000000000003,6822500,
2022-02-03,9.4,9.43,8.73,8.76,-0.8499999999999996,2625000,
2022-02-04,8.76,9.115,8.56,9,0.2400000000000002,1799100,
2022-02-07,9.02,9.12,8.84,8.87,-0.13000000000000078,1361700,
2022-02-08,8.76,8.95,8.72,8.82,-0.049999999999998934,1397400,
2022-02-09,8.9,8.99,8.7,8.83,0.009999999999999787,2142300,
2022-02-10,8.68,9.11,8.64,8.73,-0.09999999999999964,2026300,
2022-02-11,8.82,9.23,8.465,8.62,-0.11000000000000121,3694700,
2022-02-14,8.56,9.155,8.56,8.95,0.33000000000000007,2841900,
2022-02-15,10.54,10.75,10.5,10.7,1.75,89509000,
2022-02-16,10.68,10.76,10.66,10.75,0.05000000000000071,10398000,
2022-02-17,10.73,10.78,10.68,10.75,0,8585500,
2022-02-18,10.75,10.77,10.69,10.75,0,5607200,
2022-02-22,10.7,10.87,10.63,10.79,0.03999999999999915,8688700,
2022-02-23,10.79,10.855,10.7,10.73,-0.05999999999999872,5392700,
2022-02-24,10.66,10.76,10.63,10.75,0.019999999999999574,5175900,
2022-02-25,10.75,10.78,10.68,10.75,0,3872700,
2022-02-28,10.73,10.75,10.68,10.74,-0.009999999999999787,5967400,
2022-03-01,10.72,10.81,10.62,10.8,0.0600000000000005,6133100,
2022-03-02,10.77,10.81,10.67,10.76,-0.040000000000000924,3629200,
2022-03-03,10.78,10.85,10.7,10.85,0.08999999999999986,5365800,
2022-03-04,10.76,10.82,10.7,10.71,-0.1399999999999988,4330200,
2022-03-07,10.72,10.74,10.63,10.65,-0.0600000000000005,5177700,
2022-03-08,10.66,10.68,10.54,10.61,-0.040000000000000924,4887900,
2022-03-09,10.64,10.7,10.62,10.63,0.02000000000000135,2616100,
2022-03-10,10.64,10.8,10.5947,10.79,0.15999999999999837,5484400,
2022-03-11,10.76,10.79,10.69,10.74,-0.049999999999998934,3223900,
2022-03-14,10.74,10.755,10.69,10.72,-0.019999999999999574,2398800,
2022-03-15,10.7,10.74,10.68,10.69,-0.030000000000001137,2710300,
2022-03-16,10.68,10.75,10.68,10.75,0.0600000000000005,4880300,
2022-03-17,10.64,10.66,10.53,10.6,-0.15000000000000036,7007000,
2022-03-18,10.6,10.625,10.58,10.61,0.009999999999999787,4795200,
2022-03-21,10.61,10.61,10.55,10.6,-0.009999999999999787,4275400,
2022-03-22,10.56,10.61,10.55,10.6,0,2805000,
2022-03-23,10.58,10.61,10.57,10.6,0,4915500,
2022-03-24,10.61,10.62,10.55,10.6,0,3174400,
2022-03-25,10.59,10.68,10.59,10.61,0.009999999999999787,1539000,
2022-03-28,10.6,10.62,10.59,10.59,-0.019999999999999574,1693100,
2022-03-29,10.62,10.65,10.59,10.62,0.02999999999999936,2220300,
2022-03-30,10.62,10.645,10.61,10.63,0.010000000000001563,1195100,
2022-03-31,10.62,10.67,10.56,10.56,-0.07000000000000028,3052300,
2022-04-01,10.6,10.63,10.585,10.6,0.03999999999999915,2351400,
2022-04-04,10.6,10.67,10.6,10.6,0,2582000,
2022-04-05,10.63,10.63,10.59,10.63,0.030000000000001137,2444100,
2022-04-06,10.61,10.63,10.61,10.63,0,2276000,
2022-04-07,10.61,10.63,10.61,10.62,-0.010000000000001563,2358400,
2022-04-08,10.61,10.625,10.57,10.59,-0.02999999999999936,4088000,
2022-04-11,10.59,10.6,10.54,10.57,-0.019999999999999574,2905000,
2022-04-12,10.59,10.6,10.55,10.56,-0.009999999999999787,2367400,
2022-04-13,10.57,10.61,10.57,10.59,0.02999999999999936,2260900,
2022-04-14,10.6,10.62,10.58,10.62,0.02999999999999936,2158300,
2022-04-18,10.62,10.62,10.57,10.61,-0.009999999999999787,2499100,
2022-04-19,10.59,10.63,10.59,10.62,0.009999999999999787,1653800,
2022-04-20,10.64,10.66,10.63,10.65,0.030000000000001137,2345600,
2022-04-21,10.64,10.66,9.76,10.28,-0.370000000000001,22099300,
2022-04-22,10.3,10.48,10.3,10.36,0.08000000000000007,10851300,
2022-04-25,10.35,10.39,10.29,10.34,-0.019999999999999574,3550000,
2022-04-26,10.34,10.36,10.28,10.32,-0.019999999999999574,2978300,
2022-04-27,10.25,10.33,10.25,10.3,-0.019999999999999574,3097300,
2022-04-28,10.28,10.33,10.04,10.29,-0.010000000000001563,5113200,
2022-04-29,10.19,10.28,10.11,10.13,-0.15999999999999837,1662600,
2022-05-02,10.1,10.155,10.04,10.1,-0.030000000000001137,1277000,
2022-05-03,10.1,10.13,10.05,10.08,-0.019999999999999574,1168700,
2022-05-04,10.12,10.12,9.94,10.05,-0.02999999999999936,1711100,
2022-05-05,10.05,10.1,9.88,10,-0.05000000000000071,1252300,
2022-05-06,9.9,10.04,9.85,10.01,0.009999999999999787,3019200,
2022-05-09,9.97,9.97,9.58,9.66,-0.34999999999999964,6183800,
2022-05-10,9.65,9.92,9.65,9.84,0.17999999999999972,2057600,
2022-05-11,9.77,9.85,9.63,9.81,-0.02999999999999936,1363600,
2022-05-12,9.7,9.76,9.62,9.69,-0.120000000000001,2469400,
2022-05-13,9.72,9.75,9.335,9.42,-0.2699999999999996,2247800,
2022-05-16,9.4,9.52,9.18,9.47,0.05000000000000071,3011100,
2022-05-17,9.48,9.73,9.43,9.73,0.2599999999999998,1982800,
2022-05-18,9.63,9.845,9.525,9.68,-0.05000000000000071,1595500,
2022-05-19,9.65,9.67,9.435,9.44,-0.2400000000000002,1507800,
2022-05-20,9.41,9.51,9.2,9.38,-0.05999999999999872,984300,
2022-05-23,9.32,9.805,9.32,9.72,0.33999999999999986,1589000,
2022-05-24,9.62,9.79,9.5,9.77,0.049999999999998934,762300,
2022-05-25,9.71,9.975,9.66,9.9,0.13000000000000078,905900,
2022-05-26,9.88,10.06,9.87,10,0.09999999999999964,770100,
2022-05-27,10.06,10.06,9.98,10.01,0.009999999999999787,539500,
2022-05-31,10,10.165,9.92,10.08,0.07000000000000028,930100,
2022-06-01,10.23,10.23,9.965,9.98,-0.09999999999999964,1632400,
2022-06-02,10,10.165,9.92,10.16,0.17999999999999972,878300,
2022-06-03,10.17,10.205,10.11,10.11,-0.05000000000000071,737300,
2022-06-06,10.12,10.19,10.05,10.11,0,678600,
2022-06-07,10.11,10.12,9.9,9.91,-0.1999999999999993,2992800,
2022-06-08,9.91,10.03,9.83,9.86,-0.05000000000000071,1041800,
2022-06-09,9.88,9.88,9.7,9.74,-0.11999999999999922,1121400,
2022-06-10,9.83,9.98,9.71,9.74,0,715700,
2022-06-13,9.61,9.745,9.55,9.65,-0.08999999999999986,963000,
2022-06-14,9.66,9.73,9.57,9.64,-0.009999999999999787,682700,
2022-06-15,9.65,9.91,9.58,9.81,0.16999999999999993,585000,
2022-06-16,9.71,9.905,9.63,9.66,-0.15000000000000036,1158800,
2022-06-17,9.7,9.93,9.58,9.89,0.23000000000000043,1808600,
2022-06-21,9.9,10.13,9.87,10.01,0.11999999999999922,1270600,
2022-06-22,10.01,10.1,9.93,10.05,0.040000000000000924,1133600,
2022-06-23,10.05,10.18,9.975,10.15,0.09999999999999964,756300,
2022-06-24,10.14,10.24,10.09,10.12,-0.030000000000001137,1592500,
2022-06-27,10.2,10.27,9.96,10,-0.11999999999999922,1413600,
2022-06-28,10,10.1,9.98,9.98,-0.019999999999999574,350700,
2022-06-29,10.01,10.05,9.899,10,0.019999999999999574,421100,
2022-06-30,10,10,9.9,10,0,373900,
2022-07-01,9.96,10.28,9.92,10.23,0.23000000000000043,676800,
2022-07-05,10.12,10.185,10,10.14,-0.08999999999999986,708600,
2022-07-06,10.16,10.185,10.07,10.13,-0.009999999999999787,527300,
2022-07-07,10.14,10.18,10.04,10.1,-0.030000000000001137,812800,
2022-07-08,10.13,10.17,10.02,10.12,0.019999999999999574,596800,
2022-07-11,10.06,10.11,9.92,9.99,-0.129999999999999,349300,
2022-07-12,9.93,10.1,9.915,10.08,0.08999999999999986,395900,
2022-07-13,10.13,10.175,10,10.11,0.02999999999999936,369500,
2022-07-14,10.03,10.065,9.96,10.01,-0.09999999999999964,420100,
2022-07-15,10.11,10.19,10.07,10.16,0.15000000000000036,448000,
2022-07-18,10.15,10.25,10.08,10.13,-0.02999999999999936,475800,
2022-07-19,10.14,10.2307,10.13,10.16,0.02999999999999936,808200,
2022-07-20,10.14,10.24,10.11,10.21,0.05000000000000071,514800,
2022-07-21,10.2,10.27,10.17,10.26,0.049999999999998934,277200,
2022-07-22,10.26,10.29,10.18,10.27,0.009999999999999787,448200,
2022-07-25,10.25,10.29,10.18,10.23,-0.03999999999999915,627100,
2022-07-26,10.22,10.24,10.14,10.15,-0.08000000000000007,298900,
2022-07-27,10.16,10.24,10.15,10.17,0.019999999999999574,386100,
2022-07-28,10.2,10.21,10.12,10.2,0.02999999999999936,286900,
2022-07-29,10.2,10.26,10.155,10.16,-0.03999999999999915,597300,
2022-08-01,10.16,10.25,10.13,10.16,0,684000,
2022-08-02,10.18,10.22,10.135,10.18,0.019999999999999574,485400,
2022-08-03,10.17,10.31,10.17,10.31,0.13000000000000078,334700,
2022-08-04,10.31,10.34,10.2,10.22,-0.08999999999999986,1114000,
2022-08-05,10.2,10.48,10.168,10.43,0.20999999999999908,621600,
2022-08-08,10.36,10.47,10.34,10.37,-0.0600000000000005,340800,
2022-08-09,10.34,10.4,10.3,10.38,0.010000000000001563,547700,
2022-08-10,10.42,10.48,10.3,10.4,0.019999999999999574,359000,
2022-08-11,10.4,10.45,10.34,10.38,-0.019999999999999574,468700,
2022-08-12,10.43,10.43,10.37,10.39,0.009999999999999787,288500,
2022-08-15,10.35,10.405,10.325,10.35,-0.040000000000000924,666500,
2022-08-16,10.37,10.515,10.37,10.4,0.05000000000000071,869300,
2022-08-17,10.36,10.41,10.32,10.37,-0.030000000000001137,391500,
2022-08-18,10.36,10.405,10.31,10.39,0.02000000000000135,171300,
2022-08-19,10.35,10.35,10.245,10.31,-0.08000000000000007,1087900,
2022-08-22,10.29,10.38,10.24,10.36,0.049999999999998934,512500,
2022-08-23,10.35,10.4,10.325,10.33,-0.02999999999999936,275900,
2022-08-24,10.33,10.38,10.29,10.36,0.02999999999999936,341700,
2022-08-25,10.33,10.41,10.32,10.4,0.040000000000000924,184800,
2022-08-26,10.39,10.41,10.295,10.31,-0.08999999999999986,280400,
2022-08-29,10.36,10.365,10.3,10.34,0.02999999999999936,277000,
2022-08-30,10.34,10.37,10.28,10.34,0,433300,
2022-08-31,10.34,10.37,10.28,10.3,-0.03999999999999915,738800,
2022-09-01,10.34,10.39,10.265,10.38,0.08000000000000007,304300,
2022-09-02,10.36,10.44,10.36,10.39,0.009999999999999787,355600,
2022-09-06,10.38,10.42,10.35,10.38,-0.009999999999999787,189600,
2022-09-07,10.35,10.43,10.35,10.41,0.02999999999999936,274200,
2022-09-08,10.35,10.46,10.35,10.45,0.03999999999999915,663900,
2022-09-09,10.41,10.54,10.4,10.45,0,784300,
2022-09-12,10.45,10.51,10.45,10.48,0.030000000000001137,329500,
2022-09-13,10.41,10.5,10.4,10.47,-0.009999999999999787,580100,
2022-09-14,10.48,10.5,10.41,10.45,-0.02000000000000135,650900,
2022-09-15,10.42,10.42,10.35,10.35,-0.09999999999999964,571600,
2022-09-16,10.37,10.42,10.34,10.4,0.05000000000000071,724100,
2022-09-19,10.37,10.43,10.37,10.43,0.02999999999999936,595800,
2022-09-20,10.41,10.46,10.385,10.45,0.019999999999999574,396700,
2022-09-21,10.45,10.49,10.39,10.46,0.010000000000001563,414300,
2022-09-22,10.43,10.48,10.37,10.46,0,382500,
2022-09-23,10.42,10.42,10.34,10.39,-0.07000000000000028,885600,
2022-09-26,10.42,10.465,10.36,10.38,-0.009999999999999787,661400,
2022-09-27,10.38,10.415,10.2791,10.38,0,620800,
2022-09-28,10.34,10.41,10.34,10.38,0,345100,
2022-09-29,10.39,10.44,10.35,10.42,0.03999999999999915,2293500,
2022-09-30,10.44,10.46,10.385,10.4,-0.019999999999999574,1010600,
2022-10-03,10.45,10.45,10.34,10.37,-0.030000000000001137,874000,
2022-10-04,10.36,10.41,10.35,10.41,0.040000000000000924,373100,
2022-10-05,10.37,10.53,10.36,10.49,0.08000000000000007,835400,
2022-10-06,10.51,10.6,10.48,10.55,0.0600000000000005,893100,
2022-10-07,10.57,10.57,10.48,10.5,-0.05000000000000071,1114300,
2022-10-10,10.49,10.59,10.48,10.55,0.05000000000000071,731900,
2022-10-11,10.52,10.53,10.48,10.52,-0.030000000000001137,365000,
2022-10-12,10.51,10.53,10.45,10.51,-0.009999999999999787,447500,
2022-10-13,10.48,10.53,10.39,10.53,0.019999999999999574,464800,
2022-10-14,10.55,10.56,10.49,10.52,-0.009999999999999787,587900,
2022-10-17,10.56,10.59,10.49,10.49,-0.02999999999999936,491000,
2022-10-18,10.53,10.54,10.46,10.5,0.009999999999999787,291200,
2022-10-19,10.49,10.51,10.48,10.5,0,681200,
2022-10-20,10.5,10.54,10.48,10.49,-0.009999999999999787,301300,
2022-10-21,10.49,10.57,10.46,10.53,0.03999999999999915,397100,
2022-10-24,10.53,10.54,10.49,10.54,0.009999999999999787,423200,
2022-10-25,10.53,10.58,10.53,10.55,0.010000000000001563,624000,
2022-10-26,10.58,10.615,10.52,10.53,-0.02000000000000135,293000,
2022-10-27,10.54,10.59,10.5,10.52,-0.009999999999999787,563600,
2022-10-28,10.51,10.59,10.51,10.55,0.030000000000001137,350100,
2022-10-31,10.54,10.6,10.5,10.59,0.03999999999999915,965900,
2022-11-01,10.59,10.61,10.56,10.57,-0.019999999999999574,774100,
2022-11-02,10.58,10.605,10.54,10.55,-0.019999999999999574,847300,
2022-11-03,10.53,10.58,10.52,10.55,0,443500,
2022-11-04,10.56,10.61,10.55,10.56,0.009999999999999787,670500,
2022-11-07,10.58,10.62,10.52,10.54,-0.02000000000000135,637600,
2022-11-08,10.56,10.59,10.54,10.56,0.02000000000000135,909500,
2022-11-09,10.59,10.6,10.53,10.53,-0.030000000000001137,930900,
2022-11-10,10.56,10.58,10.52,10.57,0.040000000000000924,916800,
2022-11-11,10.55,10.62,10.55,10.59,0.019999999999999574,711600,
2022-11-14,10.57,10.635,10.57,10.61,0.019999999999999574,685200,
2022-11-15,10.62,10.64,10.58,10.6,-0.009999999999999787,547100,
2022-11-16,10.62,10.62,10.58,10.61,0.009999999999999787,427400,
2022-11-17,10.58,10.735,10.58,10.68,0.07000000000000028,1044700,
2022-11-18,10.73,10.79,10.7,10.78,0.09999999999999964,1196400,
2022-11-21,10.78,10.82,10.74,10.78,0,627100,
2022-11-22,10.81,10.81,10.76,10.77,-0.009999999999999787,345500,
2022-11-23,10.78,10.81,10.77,10.81,0.040000000000000924,382300,
2022-11-25,10.79,10.84,10.78,10.8,-0.009999999999999787,223700,
2022-11-28,10.82,10.94,10.8,10.92,0.11999999999999922,6096600,
2022-11-29,10.9,10.92,10.86,10.89,-0.02999999999999936,1497300,
2022-11-30,10.88,10.92,10.87,10.92,0.02999999999999936,3583500,
2022-12-01,10.93,10.955,10.905,10.92,0,3102200,
2022-12-02,10.92,10.95,10.91,10.94,0.019999999999999574,3242300,
2022-12-05,10.92,10.96,10.92,10.95,0.009999999999999787,1866800,
2022-12-06,10.93,10.96,10.93,10.94,-0.009999999999999787,1925100,
2022-12-07,10.93,10.94,10.93,10.94,0,890700,
2022-12-08,10.945,10.945,10.91,10.93,-0.009999999999999787,2391000,
2022-12-09,10.93,10.94,10.92,10.93,0,2763000,
2022-12-12,10.93,10.95,10.91,10.92,-0.009999999999999787,6531100,
2022-12-13,10.94,10.945,10.9,10.9,-0.019999999999999574,1962400,
2022-12-14,10.92,10.93,10.91,10.91,0.009999999999999787,1059700,
2022-12-15,10.93,10.93,10.9,10.9,-0.009999999999999787,753600,
2022-12-16,10.9,10.91,10.9,10.9,0,997000,
2022-12-19,10.9,10.925,10.9,10.9,0,751200,
2022-12-20,10.93,10.93,10.9,10.91,0.009999999999999787,542700,
2022-12-21,10.91,10.91,10.9,10.91,0,496200,
2022-12-22,10.9,10.91,10.88,10.89,-0.019999999999999574,1359800,
2022-12-23,10.91,10.91,10.88,10.9,0.009999999999999787,546400,
2022-12-27,10.9,10.9,10.88,10.89,-0.009999999999999787,611700,
2022-12-28,10.91,10.91,10.87,10.89,0,1166500,
2022-12-29,10.89,10.9,10.88,10.9,0.009999999999999787,489200,
2022-12-30,10.92,10.92,10.88,10.89,-0.009999999999999787,846100,
2023-01-03,10.89,10.92,10.88,10.92,0.02999999999999936,1098100,
2023-01-04,10.92,10.92,10.9,10.91,-0.009999999999999787,809300,
2023-01-05,10.91,10.9201,10.9,10.9,-0.009999999999999787,625600,
2023-01-06,10.91,10.93,10.88,10.91,0.009999999999999787,1448100,
2023-01-09,10.92,10.92,10.9,10.9,-0.009999999999999787,962400,
2023-01-10,10.9,10.9191,10.9,10.91,0.009999999999999787,868400,
2023-01-11,10.91,10.911,10.9,10.91,0,879500,
2023-01-12,10.9,10.91,10.9,10.9,-0.009999999999999787,490600,
2023-01-13,10.9,10.9,10.88,10.89,-0.009999999999999787,969500,
2023-01-17,10.9,10.92,10.89,10.92,0.02999999999999936,656600,
2023-01-18,10.92,10.93,10.91,10.91,-0.009999999999999787,546800,
2023-01-19,10.92,10.92,10.91,10.92,0.009999999999999787,358900,
2023-01-20,10.92,10.92,10.87,10.89,-0.02999999999999936,2545200,
2023-01-23,10.88,10.89,10.87,10.87,-0.02000000000000135,885800,
2023-01-24,10.88,10.89,10.87,10.88,0.010000000000001563,1039300,
2023-01-25,10.88,10.89,10.87,10.89,0.009999999999999787,856600,
2023-01-26,10.88,10.89,10.87,10.89,0,1779600,
2023-01-27,10.88,10.885,10.85,10.87,-0.02000000000000135,1761500,
2023-01-30,10.83,10.83,10.76,10.78,-0.08999999999999986,1925100,
2023-01-31,10.8,10.805,10.76,10.77,-0.009999999999999787,1063200,
2023-02-01,10.75,10.795,10.75,10.78,0.009999999999999787,1087900,
2023-02-02,10.78,10.81,10.78,10.81,0.030000000000001137,423200,
2023-02-03,10.78,10.81,10.775,10.81,0,1172000,
2023-02-06,10.81,10.85,10.8,10.85,0.03999999999999915,1381200,
2023-02-07,10.83,10.84,10.8,10.8,-0.049999999999998934,983000,
2023-02-08,10.8,10.83,10.8,10.82,0.019999999999999574,1834900,
2023-02-09,10.82,10.85,10.81,10.85,0.02999999999999936,1364800,
2023-02-10,10.85,10.85,10.84,10.85,0,1821900,
2023-02-13,10.85,10.87,10.842,10.86,0.009999999999999787,509000,
2023-02-14,10.86,10.865,10.85,10.85,-0.009999999999999787,560600,
2023-02-15,10.86,10.87,10.85,10.86,0.009999999999999787,325000,
2023-02-16,10.85,10.87,10.85,10.85,-0.009999999999999787,764400,
2023-02-17,10.85,10.87,10.85,10.85,0,322100,
2023-02-21,10.85,10.87,10.81,10.82,-0.02999999999999936,3086400,
2023-02-22,10.83,10.84,10.81,10.82,0,619700,
2023-02-23,10.82,10.85,10.82,10.84,0.019999999999999574,748400,
2023-02-24,10.84,10.86,10.81,10.86,0.019999999999999574,675000,
2023-02-27,10.84,10.88,10.84,10.85,-0.009999999999999787,1157100,
2023-02-28,10.86,10.86,10.84,10.85,0,1506500,
2023-03-01,10.84,10.89,10.835,10.88,0.030000000000001137,1611700,
2023-03-02,10.89,10.89,10.86,10.88,0,1307200,
2023-03-03,10.87,10.88,10.82,10.85,-0.030000000000001137,1856200,
2023-03-06,10.88,10.88,10.83,10.83,-0.019999999999999574,611700,
2023-03-07,10.84,10.845,10.81,10.81,-0.019999999999999574,1559900,
2023-03-08,10.82,10.83,10.8,10.81,0,1977100,
2023-03-09,10.83,10.84,10.8,10.82,0.009999999999999787,2547400,
2023-03-10,10.81,10.82,10.72,10.77,-0.05000000000000071,1518100,
2023-03-13,10.76,10.77,10.56,10.67,-0.09999999999999964,2693400,
2023-03-14,10.7,10.78,10.7,10.73,0.0600000000000005,3013900,
2023-03-15,10.69,10.73,10.68,10.72,-0.009999999999999787,2464700,
2023-03-16,10.69,10.72,10.665,10.7,-0.02000000000000135,2539900,
2023-03-17,10.7,10.715,10.645,10.65,-0.049999999999998934,2157500,
2023-03-20,10.69,10.7,10.65,10.66,0.009999999999999787,1507300,
2023-03-21,10.57,10.59,10.23,10.31,-0.34999999999999964,11598700,
2023-03-22,10.38,10.49,10.335,10.41,0.09999999999999964,3487000,
2023-03-23,10.38,10.52,10.38,10.49,0.08000000000000007,2585100,
2023-03-24,10.48,10.54,10.43,10.52,0.02999999999999936,2224600,
2023-03-27,10.52,10.66,10.5,10.52,0,2454500,
2023-03-28,10.54,10.54,10.46,10.49,-0.02999999999999936,2249700,
2023-03-29,10.48,10.52,10.41,10.44,-0.05000000000000071,2843800,
2023-03-30,10.44,10.44,10.34,10.42,-0.019999999999999574,2884100,
2023-03-31,10.42,10.44,10.36,10.42,0,2457300,
2023-04-03,10.44,10.47,10.38,10.4,-0.019999999999999574,2156200,
2023-04-04,10.4,10.44,10.3,10.32,-0.08000000000000007,1907500,
2023-04-05,10.35,10.59,10.3,10.58,0.2599999999999998,4957000,
2023-04-06,10.57,10.68,10.52,10.6,0.019999999999999574,4119100,
2023-04-10,10.58,10.59,10.54,10.56,-0.03999999999999915,2556900,
2023-04-11,10.59,10.63,10.55,10.58,0.019999999999999574,2053600,
2023-04-12,10.6,10.6,10.5,10.52,-0.0600000000000005,1496200,
2023-04-13,10.55,10.59,10.52,10.57,0.05000000000000071,1582500,
2023-04-14,10.56,10.59,10.41,10.53,-0.040000000000000924,2316800,
2023-04-17,10.55,10.56,10.37,10.4,-0.129999999999999,3265000,
2023-04-18,10.41,10.47,10.37,10.38,-0.019999999999999574,2359900,
2023-04-19,10.42,10.44,10.32,10.34,-0.040000000000000924,2875700,
2023-04-20,10.41,10.42,10.37,10.38,0.040000000000000924,1855100,
2023-04-21,10.37,10.385,10.13,10.16,-0.22000000000000064,4882600,
2023-04-24,10.13,10.35,10.13,10.15,-0.009999999999999787,5711600,
2023-04-25,10.18,10.19,9.97,10.01,-0.14000000000000057,2770000,
2023-04-26,9.99,10.01,9.71,9.91,-0.09999999999999964,5014700,
2023-04-27,9.98,10.025,9.69,9.71,-0.1999999999999993,5866300,
2023-04-28,9.71,10.58,9.655,10.16,0.4499999999999993,7984400,
2023-05-01,9.9,9.91,9.28,9.42,-0.7400000000000002,7852800,
2023-05-02,9.43,9.43,8.9,9.32,-0.09999999999999964,7230100,
2023-05-03,9.41,10.06,9.41,9.66,0.33999999999999986,5627400,
2023-05-04,9.55,10.95,8.59,10.93,1.2699999999999996,26616200,
2023-05-05,10.92,10.94,10.92,10.94,0.009999999999999787,5304600,
2023-05-08,10.94,10.94,10.93,10.93,-0.009999999999999787,3023900,
2023-05-09,10.93,10.94,10.93,10.94,0.009999999999999787,2254200,
2023-05-10,10.95,10.95,10.89,10.93,-0.009999999999999787,3776500,
2023-05-11,10.93,10.94,10.92,10.93,0,996700,
2023-05-12,10.93,10.94,10.93,10.94,0.009999999999999787,914900,
2023-05-15,10.93,10.95,10.93,10.94,0,2461400,
2023-05-16,10.95,10.97,10.93,10.93,-0.009999999999999787,2144100,
2023-05-17,10.94,10.96,10.93,10.95,0.019999999999999574,5759100,
2023-05-18,10.95,10.96,10.94,10.96,0.010000000000001563,1025500,
2023-05-19,10.97,10.97,10.95,10.96,0,2137000,
2023-05-22,10.97,10.97,10.96,10.96,0,1330100,
2023-05-23,10.97,10.97,10.94,10.95,-0.010000000000001563,3218800,
2023-05-24,10.96,10.98,10.95,10.97,0.02000000000000135,2386600,
2023-05-25,10.98,10.98,10.97,10.97,0,1013400,
2023-05-26,10.98,10.99,10.98,10.98,0.009999999999999787,1919600,
2023-05-30,10.98,10.99,10.98,10.99,0.009999999999999787,1918700,
2023-05-31,10.99,11,10.99,10.99,0,4583200,
Downloaded from Barchart.com as of 12-06-2025 12:32pm CST