"Symbol: MIK",,,,,,"Study: VOL (LikeMain)",
"Date Time","Open","High","Low","Close","Change","Volume","Open Interest"
2016-03-16,24.52,24.89,24.15,24.32,0,1882400,
2016-03-17,25.53,27.5,24.63,27.44,3.120000000000001,5319100,
2016-03-18,27.5,28.79,26.96,27.5,0.05999999999999872,3241600,
2016-03-21,27.88,28.5,26.87,27.13,-0.370000000000001,2817900,
2016-03-22,27.45,27.86,26.69,26.93,-0.1999999999999993,2140100,
2016-03-23,26.24,26.55,26.07,26.31,-0.620000000000001,10434700,
2016-03-24,26.48,26.58,26.11,26.54,0.23000000000000043,2110100,
2016-03-28,26.69,27.25,26.53,27.18,0.6400000000000006,1851000,
2016-03-29,27.09,27.44,27.03,27.21,0.030000000000001137,1382600,
2016-03-30,27.3,27.67,27.16,27.47,0.259999999999998,821000,
2016-03-31,27.58,28.25,27.47,27.97,0.5,1097700,
2016-04-01,27.89,28.35,27.71,28.03,0.060000000000002274,1986900,
2016-04-04,28.21,28.38,27.84,28.2,0.16999999999999815,1780100,
2016-04-05,27.92,28.1,27.18,27.69,-0.509999999999998,2327000,
2016-04-06,27.89,28.58,27.65,28.53,0.8399999999999999,1549300,
2016-04-07,28.17,28.56,27.79,28.05,-0.4800000000000004,1354500,
2016-04-08,28.29,28.29,27.77,28.04,-0.010000000000001563,833300,
2016-04-11,28.22,28.45,27.81,27.89,-0.14999999999999858,889400,
2016-04-12,27.9,28.19,27.74,28.11,0.21999999999999886,678500,
2016-04-13,28.25,28.78,28.25,28.68,0.5700000000000003,774500,
2016-04-14,28.72,28.75,28.35,28.52,-0.16000000000000014,500700,
2016-04-15,28.35,29.14,28.19,29.09,0.5700000000000003,1384100,
2016-04-18,28.76,29.56,28.32,29.16,0.07000000000000028,1461100,
2016-04-19,29.18,29.43,28.99,29.29,0.129999999999999,1815900,
2016-04-20,29.13,29.22,28.66,28.75,-0.5399999999999991,893600,
2016-04-21,28.98,29.22,28.25,28.28,-0.46999999999999886,978000,
2016-04-22,28.2,28.83,28.17,28.45,0.16999999999999815,659500,
2016-04-25,28.35,28.68,28.18,28.52,0.07000000000000028,833400,
2016-04-26,28.45,28.73,28.37,28.6,0.08000000000000185,521400,
2016-04-27,28.51,29.16,28.42,29,0.3999999999999986,601700,
2016-04-28,28.68,28.92,28.42,28.57,-0.4299999999999997,1329800,
2016-04-29,28.59,28.59,28.1,28.43,-0.14000000000000057,960500,
2016-05-02,28.58,29.12,28.52,29.1,0.6700000000000017,937300,
2016-05-03,28.95,29.08,28.33,28.91,-0.19000000000000128,839200,
2016-05-04,28.71,29.16,28.66,29.15,0.23999999999999844,793100,
2016-05-05,29,29.24,28.56,28.61,-0.5399999999999991,1196800,
2016-05-06,28.04,28.74,27.26,28.61,0,939200,
2016-05-09,28.59,29.03,28.4,28.85,0.240000000000002,452300,
2016-05-10,28.85,29.02,28.57,28.88,0.029999999999997584,367000,
2016-05-11,28.61,28.64,28.26,28.28,-0.5999999999999979,802800,
2016-05-12,28.47,28.67,28.24,28.46,0.17999999999999972,638400,
2016-05-13,28.29,28.73,27.81,28.2,-0.26000000000000156,1238600,
2016-05-16,28.25,28.75,28.03,28.48,0.28000000000000114,637800,
2016-05-17,28.42,28.68,28,28.16,-0.3200000000000003,498900,
2016-05-18,28.04,28.05,27.21,27.74,-0.4200000000000017,1331300,
2016-05-19,27.51,28.28,26.83,28.16,0.4200000000000017,1126700,
2016-05-20,28.09,28.34,27.9,28.17,0.010000000000001563,741700,
2016-05-23,28.24,28.48,28.11,28.27,0.09999999999999787,514300,
2016-05-24,28.31,28.61,27.49,28.27,0,508900,
2016-05-25,28.3,28.84,28.11,28.68,0.41000000000000014,438300,
2016-05-26,28.72,28.95,28.47,28.71,0.030000000000001137,303600,
2016-05-27,28.68,29.18,28.68,29.02,0.3099999999999987,470300,
2016-05-31,28.99,29.46,28.99,29.31,0.28999999999999915,753300,
2016-06-01,29.32,29.67,29.17,29.62,0.3100000000000023,768500,
2016-06-02,29.37,30.46,29.23,30.17,0.5500000000000007,1401900,
2016-06-03,30.25,30.48,29.91,30.41,0.23999999999999844,1197700,
2016-06-06,30.6,31.36,30.04,30.14,-0.2699999999999996,2635700,
2016-06-07,27.69,27.97,26.1,27.69,-2.4499999999999993,7021200,
2016-06-08,27.82,28.24,27.31,27.8,0.10999999999999943,2591600,
2016-06-09,27.52,27.89,27.03,27.4,-0.40000000000000213,1534300,
2016-06-10,27.06,27.29,26.65,27.01,-0.389999999999997,1250400,
2016-06-13,26.75,26.92,26.52,26.57,-0.4400000000000013,812000,
2016-06-14,26.52,26.67,25.96,26.62,0.05000000000000071,1137000,
2016-06-15,26.63,27.21,26.63,27.06,0.4399999999999977,1249500,
2016-06-16,26.88,27.06,26.47,26.77,-0.28999999999999915,793500,
2016-06-17,26.77,27.2,26.73,26.79,0.019999999999999574,865800,
2016-06-20,27.09,27.49,27.06,27.14,0.3500000000000014,791300,
2016-06-21,27.27,27.48,26.98,26.98,-0.16000000000000014,666400,
2016-06-22,27.08,27.29,26.71,26.8,-0.17999999999999972,843100,
2016-06-23,27.07,27.38,26.96,27.26,0.46000000000000085,688900,
2016-06-24,26.34,27.24,26.34,27.01,-0.25,4000900,
2016-06-27,26.87,27.58,25.52,26.89,-0.120000000000001,1222600,
2016-06-28,27.26,27.61,27.22,27.34,0.4499999999999993,1283800,
2016-06-29,27.55,28.03,27.27,27.85,0.5100000000000016,852400,
2016-06-30,27.76,28.5,26.73,28.44,0.5899999999999999,1259600,
2016-07-01,28.39,28.54,27.87,28.02,-0.4200000000000017,1221200,
2016-07-05,27.96,28.2,27.48,27.65,-0.370000000000001,664300,
2016-07-06,27.43,28.21,27.24,28.13,0.4800000000000004,1170400,
2016-07-07,28.11,28.43,27.54,28.24,0.10999999999999943,657900,
2016-07-08,28.49,29.24,28.37,28.69,0.45000000000000284,994000,
2016-07-11,28.71,28.96,28.63,28.84,0.14999999999999858,594000,
2016-07-12,29.2,29.75,28.85,28.88,0.03999999999999915,1281500,
2016-07-13,27.35,27.5,26.54,27.13,-1.75,8823800,
2016-07-14,27.21,27.47,26.79,27.19,0.060000000000002274,1977300,
2016-07-15,27.38,27.38,26.74,26.81,-0.38000000000000256,1251500,
2016-07-18,26.86,27.63,26.86,27.56,0.75,1543900,
2016-07-19,26.63,26.8,26.2,26.59,-0.9699999999999989,1932300,
2016-07-20,26.85,27.02,26.67,26.9,0.3099999999999987,1187000,
2016-07-21,26.9,27,25.98,26.08,-0.8200000000000003,1637300,
2016-07-22,26.3,26.3,25.95,26.04,-0.03999999999999915,1697400,
2016-07-25,26.12,26.5,26.08,26.24,0.1999999999999993,1797100,
2016-07-26,26.22,26.51,25.66,26.24,0,1518500,
2016-07-27,26.16,26.53,26.16,26.46,0.22000000000000242,938700,
2016-07-28,26.22,26.48,25.76,26.34,-0.120000000000001,834900,
2016-07-29,26.41,26.54,26,26.36,0.019999999999999574,2708300,
2016-08-01,26.3,26.57,26.15,26.29,-0.07000000000000028,911800,
2016-08-02,26.32,26.41,25.45,25.49,-0.8000000000000007,872800,
2016-08-03,25.38,25.55,25.2,25.5,0.010000000000001563,1165800,
2016-08-04,25.55,25.89,25.48,25.52,0.019999999999999574,659500,
2016-08-05,25.55,25.72,25.42,25.42,-0.09999999999999787,945200,
2016-08-08,25.42,25.91,25.08,25.21,-0.21000000000000085,1639300,
2016-08-09,25.14,25.17,24.92,24.98,-0.23000000000000043,1027500,
2016-08-10,24.96,25.2,24.89,24.96,-0.019999999999999574,851500,
2016-08-11,25.21,25.61,25.05,25.15,0.18999999999999773,722900,
2016-08-12,25.17,25.64,24.93,25.4,0.25,680400,
2016-08-15,25.52,25.88,25.41,25.44,0.0400000000000027,708800,
2016-08-16,25.35,25.72,25.32,25.34,-0.10000000000000142,514200,
2016-08-17,25.18,25.18,24.9,25.14,-0.1999999999999993,672900,
2016-08-18,25.18,25.52,25.1,25.4,0.259999999999998,1043600,
2016-08-19,25.26,25.7,25.01,25.5,0.10000000000000142,625900,
2016-08-22,25.48,25.66,25.32,25.63,0.129999999999999,886400,
2016-08-23,25.69,25.92,25.66,25.88,0.25,601700,
2016-08-24,25.83,26.3,25.79,26.19,0.3100000000000023,1215800,
2016-08-25,25.79,25.89,24.31,25.04,-1.1500000000000021,2612900,
2016-08-26,24.99,25.14,24.78,25.02,-0.019999999999999574,1799400,
2016-08-29,24.99,25.07,24.42,24.61,-0.41000000000000014,1510600,
2016-08-30,24.52,24.56,24.21,24.21,-0.3999999999999986,1385300,
2016-08-31,24.24,24.47,23.77,23.96,-0.25,1402500,
2016-09-01,23.94,24.2,23.8,24.19,0.23000000000000043,1278900,
2016-09-02,23.96,24.47,23.96,24.41,0.21999999999999886,717600,
2016-09-06,24.86,25.15,24.51,25.15,0.7399999999999984,1362900,
2016-09-07,25.09,25.24,24.91,25.19,0.0400000000000027,1223700,
2016-09-08,24.99,25.49,24.9,25.37,0.17999999999999972,1686300,
2016-09-09,25.31,25.61,24.97,25.01,-0.35999999999999943,1469300,
2016-09-12,25,25.23,24.86,25.05,0.03999999999999915,1310600,
2016-09-13,24.88,25.03,24.04,24.17,-0.879999999999999,1874400,
2016-09-14,24.23,24.4,23.87,23.9,-0.2700000000000031,1084300,
2016-09-15,23.79,24,23.67,23.99,0.08999999999999986,965600,
2016-09-16,23.92,24.04,23.69,24.01,0.020000000000003126,1272600,
2016-09-19,24.15,24.44,24.01,24.44,0.4299999999999997,1194600,
2016-09-20,24.52,24.69,23.96,23.97,-0.4700000000000024,922400,
2016-09-21,24,24.45,23.93,24.22,0.25,505900,
2016-09-22,24.43,24.43,24.01,24.22,0,906400,
2016-09-23,24.3,24.56,24.3,24.36,0.14000000000000057,424200,
2016-09-26,24.36,24.62,24,24.13,-0.23000000000000043,826000,
2016-09-27,24.1,24.39,24.07,24.17,0.0400000000000027,362900,
2016-09-28,24.11,24.26,23.88,24.11,-0.060000000000002274,1018500,
2016-09-29,24.15,24.22,23.92,24.02,-0.08999999999999986,745900,
2016-09-30,24.07,24.18,23.84,24.17,0.15000000000000213,662200,
2016-10-03,24.31,24.67,23.99,24.33,0.1599999999999966,794200,
2016-10-04,24.41,24.45,24,24.12,-0.2099999999999973,676300,
2016-10-05,24.21,24.22,24.02,24.11,-0.010000000000001563,678800,
2016-10-06,24.11,24.39,23.99,24.37,0.26000000000000156,337400,
2016-10-07,24.38,24.63,24.04,24.16,-0.21000000000000085,817900,
2016-10-10,24.21,24.56,24.15,24.56,0.3999999999999986,507900,
2016-10-11,24.59,24.59,23.84,23.88,-0.6799999999999997,627900,
2016-10-12,23.88,24.05,23.81,23.95,0.07000000000000028,393800,
2016-10-13,23.81,23.83,23.46,23.68,-0.2699999999999996,795300,
2016-10-14,23.7,23.95,23.55,23.74,0.05999999999999872,564700,
2016-10-17,23.81,23.84,23.43,23.44,-0.29999999999999716,370800,
2016-10-18,23.59,23.7,23.49,23.53,0.08999999999999986,371300,
2016-10-19,23.46,24.01,23.34,23.67,0.14000000000000057,520400,
2016-10-20,23.66,24.07,23.61,24.03,0.35999999999999943,430700,
2016-10-21,23.97,24.16,23.88,23.93,-0.10000000000000142,932600,
2016-10-24,24,24.16,23.56,23.59,-0.33999999999999986,623100,
2016-10-25,23.54,23.54,22.88,23.05,-0.5399999999999991,1006900,
2016-10-26,22.89,23.22,22.84,23.07,0.019999999999999574,749600,
2016-10-27,22.99,23,22.11,22.32,-0.75,1213400,
2016-10-28,22.23,23.3,22.19,23.15,0.8299999999999983,968700,
2016-10-31,23.23,23.28,23.05,23.25,0.10000000000000142,656000,
2016-11-01,23.23,23.49,22.97,23.09,-0.16000000000000014,1212700,
2016-11-02,23.01,23.62,23.01,23.41,0.3200000000000003,1531800,
2016-11-03,23.38,23.55,22.53,22.6,-0.8099999999999987,1327500,
2016-11-04,22.15,23.06,22.03,22.73,0.129999999999999,1364800,
2016-11-07,22.73,22.73,21.72,22.12,-0.6099999999999994,1433800,
2016-11-08,22.2,22.38,21.86,22.18,0.05999999999999872,743500,
2016-11-09,21.88,22.55,21.81,22.43,0.25,699100,
2016-11-10,22.63,23.31,22.25,22.37,-0.05999999999999872,1948500,
2016-11-11,22.36,22.89,22.08,22.86,0.48999999999999844,1098500,
2016-11-14,22.94,24.38,22.94,24.34,1.4800000000000004,1544500,
2016-11-15,24.3,24.68,23.9,24.07,-0.2699999999999996,754700,
2016-11-16,23.98,24.28,23.8,24.26,0.19000000000000128,559700,
2016-11-17,24.38,24.61,24.24,24.43,0.16999999999999815,1366900,
2016-11-18,24.36,24.93,24.04,24.13,-0.3000000000000007,923400,
2016-11-21,24.25,24.33,23.94,24.02,-0.10999999999999943,1242900,
2016-11-22,24.19,24.9,24.02,24.86,0.8399999999999999,3130600,
2016-11-23,24.86,25.55,24.72,25.38,0.5199999999999996,1256100,
2016-11-25,25.45,25.57,25.24,25.32,-0.05999999999999872,401300,
2016-11-28,25.33,25.44,24.74,25.05,-0.2699999999999996,1031400,
2016-11-29,24.95,25.36,24.39,24.43,-0.620000000000001,1299100,
2016-11-30,24.37,24.48,24.1,24.38,-0.05000000000000071,1134500,
2016-12-01,24.31,24.66,23.82,23.97,-0.41000000000000014,1265400,
2016-12-02,23.76,24.24,23.41,23.97,0,1334200,
2016-12-05,24.07,24.66,24.02,24.31,0.33999999999999986,1950000,
2016-12-06,20.79,24.48,20.67,23.85,-0.4599999999999973,11460700,
2016-12-07,23.46,23.48,22.77,22.86,-0.990000000000002,3223200,
2016-12-08,22.86,24.12,22.86,23.76,0.9000000000000021,2701700,
2016-12-09,23.62,23.74,23.33,23.53,-0.23000000000000043,1058500,
2016-12-12,23.54,23.7,22.63,22.66,-0.870000000000001,1236200,
2016-12-13,22.2,22.85,21.99,22.54,-0.120000000000001,7778200,
2016-12-14,22.75,22.89,22.21,22.36,-0.17999999999999972,3073300,
2016-12-15,22.36,22.4,21.88,22.16,-0.1999999999999993,2918100,
2016-12-16,22.13,22.34,21.78,21.84,-0.3200000000000003,1757600,
2016-12-19,21.8,22.1,21.77,21.85,0.010000000000001563,1819800,
2016-12-20,21.88,22.03,21.83,21.87,0.019999999999999574,1593900,
2016-12-21,21.86,21.98,21.64,21.9,0.029999999999997584,1707000,
2016-12-22,21.89,21.89,20.6,20.61,-1.2899999999999991,1658500,
2016-12-23,20.6,20.89,20.36,20.45,-0.16000000000000014,2157400,
2016-12-27,20.56,20.74,20.46,20.66,0.21000000000000085,1801000,
2016-12-28,20.76,20.81,20.33,20.52,-0.14000000000000057,1403500,
2016-12-29,20.53,20.83,20.29,20.4,-0.120000000000001,930700,
2016-12-30,20.53,20.53,20.16,20.45,0.05000000000000071,1128700,
2017-01-03,20.75,20.9,20.52,20.65,0.1999999999999993,2718900,
2017-01-04,20.67,21.28,20.67,21.22,0.5700000000000003,1946400,
2017-01-05,21,21,20.65,20.84,-0.379999999999999,1808400,
2017-01-06,20.99,20.99,20.4,20.59,-0.25,1596300,
2017-01-09,20.5,20.77,20.44,20.6,0.010000000000001563,1677000,
2017-01-10,20.65,21.01,20.49,20.84,0.23999999999999844,1316100,
2017-01-11,20.84,20.84,20.33,20.52,-0.3200000000000003,1676100,
2017-01-12,20.43,20.56,20.13,20.37,-0.14999999999999858,1150500,
2017-01-13,20.37,20.74,20.37,20.52,0.14999999999999858,676600,
2017-01-17,21.01,21.87,20.83,21.62,1.1000000000000014,2759600,
2017-01-18,21.63,21.86,21.38,21.6,-0.019999999999999574,2502600,
2017-01-19,21.48,21.89,21.44,21.83,0.22999999999999687,2020900,
2017-01-20,21.89,22.17,21.59,22,0.1700000000000017,1970900,
2017-01-23,21.98,21.99,21.6,21.64,-0.35999999999999943,1051200,
2017-01-24,21.66,21.86,21.58,21.78,0.14000000000000057,861900,
2017-01-25,20.9,21.13,19.95,20.29,-1.490000000000002,10976200,
2017-01-26,20.36,20.65,20,20.11,-0.17999999999999972,3500900,
2017-01-27,20.21,20.25,19.25,19.56,-0.5500000000000007,3596900,
2017-01-30,19.5,19.6,19.14,19.35,-0.2099999999999973,2041500,
2017-01-31,19.25,19.75,19,19.67,0.3200000000000003,2316600,
2017-02-01,19.67,20.15,19.56,19.79,0.11999999999999744,2097800,
2017-02-02,19.82,20.15,19.59,20.02,0.23000000000000043,1728500,
2017-02-03,20.04,20.45,19.76,19.83,-0.19000000000000128,1891000,
2017-02-06,19.73,19.9,19.55,19.62,-0.2099999999999973,1155300,
2017-02-07,19.63,19.8,19.56,19.59,-0.030000000000001137,1134100,
2017-02-08,19.5,19.83,19.37,19.74,0.14999999999999858,1201500,
2017-02-09,19.82,20.75,19.75,20.64,0.9000000000000021,2663500,
2017-02-10,20.63,20.74,20.34,20.65,0.00999999999999801,1596800,
2017-02-13,20.68,20.88,20.38,20.54,-0.10999999999999943,1780400,
2017-02-14,20.96,20.96,20.12,20.75,0.21000000000000085,1890600,
2017-02-15,20.76,20.92,20.68,20.88,0.129999999999999,1193800,
2017-02-16,20.8,20.92,20.51,20.61,-0.2699999999999996,1793700,
2017-02-17,20.56,20.92,20.53,20.78,0.1700000000000017,1256900,
2017-02-21,20.88,21.02,20.67,20.84,0.05999999999999872,1475600,
2017-02-22,20.81,21.03,20.72,20.76,-0.0799999999999983,1235900,
2017-02-23,20.74,20.98,20.35,20.38,-0.38000000000000256,2142300,
2017-02-24,20.39,21.36,20.35,21.09,0.7100000000000009,2405600,
2017-02-27,21,21.15,20.5,20.73,-0.35999999999999943,2206200,
2017-02-28,20.59,20.63,19.76,20.09,-0.6400000000000006,2178400,
2017-03-01,20.27,20.46,20,20.31,0.21999999999999886,1338000,
2017-03-02,20.31,20.5,20.25,20.41,0.10000000000000142,1242500,
2017-03-03,20.45,20.6,19.94,20.46,0.05000000000000071,1889700,
2017-03-06,20.47,20.58,20.12,20.53,0.07000000000000028,2008600,
2017-03-07,21.5,21.84,20.53,21,0.46999999999999886,4462600,
2017-03-08,21.63,22.34,21.42,22.08,1.0799999999999983,3953200,
2017-03-09,22.09,22.36,21.84,21.98,-0.09999999999999787,1945000,
2017-03-10,22.04,22.28,21.93,22.13,0.14999999999999858,1567200,
2017-03-13,21.94,22.06,21.58,22.04,-0.08999999999999986,1790900,
2017-03-14,22.04,22.32,21.72,22.28,0.240000000000002,1543000,
2017-03-15,22.36,22.5,22.06,22.35,0.07000000000000028,2719900,
2017-03-16,22.35,22.58,22.16,22.4,0.04999999999999716,1604000,
2017-03-17,22.82,22.82,22.14,22.2,-0.1999999999999993,1273200,
2017-03-20,22.2,22.24,21.8,21.87,-0.3299999999999983,928400,
2017-03-21,21.92,22.03,21.19,21.54,-0.33000000000000185,1871000,
2017-03-22,21.45,21.65,21.3,21.61,0.07000000000000028,1131500,
2017-03-23,21.58,22.01,21.57,21.79,0.17999999999999972,1494800,
2017-03-24,21.86,22.14,21.63,21.96,0.1700000000000017,1177900,
2017-03-27,22.48,22.6,21.88,21.98,0.019999999999999574,7728100,
2017-03-28,21.88,22.31,21.82,22.23,0.25,19907300,
2017-03-29,22,22.45,21.82,22.27,0.03999999999999915,3224200,
2017-03-30,22.25,22.64,22.2,22.64,0.370000000000001,2198300,
2017-03-31,22.71,22.71,22.28,22.39,-0.25,3047800,
2017-04-03,22.45,22.57,22.21,22.36,-0.030000000000001137,2230800,
2017-04-04,22.28,22.37,22.01,22.35,-0.00999999999999801,1467800,
2017-04-05,22.39,22.9,22.28,22.46,0.10999999999999943,2356800,
2017-04-06,22.6,23.19,22.58,23.07,0.6099999999999994,2812800,
2017-04-07,23,23.05,22.8,22.91,-0.16000000000000014,1889200,
2017-04-10,22.95,23.29,22.86,22.91,0,1226700,
2017-04-11,22.8,23,22.59,22.98,0.07000000000000028,1668400,
2017-04-12,22.93,22.93,22.62,22.91,-0.07000000000000028,1312500,
2017-04-13,22.86,23.36,22.86,22.99,0.0799999999999983,1539100,
2017-04-17,23.08,23.28,23.02,23.25,0.26000000000000156,1170900,
2017-04-18,23.27,23.4,23.16,23.36,0.10999999999999943,839300,
2017-04-19,23.42,23.66,23.37,23.58,0.21999999999999886,1123700,
2017-04-20,23.71,24,23.45,23.89,0.3100000000000023,1429100,
2017-04-21,23.86,23.92,23.16,23.8,-0.08999999999999986,1035100,
2017-04-24,23.95,24.08,23.84,23.92,0.120000000000001,1118700,
2017-04-25,23.97,24.05,23.35,23.69,-0.23000000000000043,2395300,
2017-04-26,23.77,24.16,23.74,24.02,0.3299999999999983,1827800,
2017-04-27,24.1,24.11,23.81,23.85,-0.16999999999999815,1712200,
2017-04-28,23.92,24.06,23.31,23.36,-0.490000000000002,2874900,
2017-05-01,23.41,23.53,23.04,23.07,-0.28999999999999915,1758900,
2017-05-02,23.09,23.41,22.88,23.23,0.16000000000000014,1485700,
2017-05-03,23.19,23.22,22.42,22.54,-0.6900000000000013,2237400,
2017-05-04,22.58,22.63,22.37,22.49,-0.05000000000000071,1451600,
2017-05-05,22.52,22.62,21.99,22.51,0.020000000000003126,1639800,
2017-05-08,22.5,22.5,21.59,21.63,-0.8800000000000026,2812300,
2017-05-09,21.64,21.91,21.55,21.86,0.23000000000000043,2469500,
2017-05-10,21.79,22.13,21.72,22.08,0.21999999999999886,1187600,
2017-05-11,21.96,21.97,21.33,21.5,-0.5799999999999983,1405000,
2017-05-12,21.46,21.46,20.55,21.01,-0.48999999999999844,2370900,
2017-05-15,21.02,21.35,20.9,20.92,-0.08999999999999986,1191400,
2017-05-16,20.89,20.89,20.08,20.38,-0.5400000000000027,2323600,
2017-05-17,20.2,20.4,19.97,20,-0.379999999999999,1627400,
2017-05-18,19.93,20.09,19.8,19.96,-0.03999999999999915,1299800,
2017-05-19,20,20.07,19.7,19.82,-0.14000000000000057,1862000,
2017-05-22,19.83,20.15,19.78,20.01,0.19000000000000128,1996700,
2017-05-23,19.98,20.05,19.49,19.59,-0.4200000000000017,1586000,
2017-05-24,19.9,19.9,19.34,19.51,-0.0799999999999983,1071900,
2017-05-25,19.61,20.02,19.54,19.67,0.16000000000000014,1172500,
2017-05-26,19.65,19.82,19.44,19.77,0.09999999999999787,953800,
2017-05-30,19.73,19.75,19.22,19.26,-0.509999999999998,1759900,
2017-05-31,19.25,19.37,18.57,19.33,0.06999999999999673,2447100,
2017-06-01,19.36,20.03,19.02,19.94,0.610000000000003,2275400,
2017-06-02,19.94,19.98,19.55,19.56,-0.38000000000000256,1699000,
2017-06-05,19.55,19.86,19.3,19.83,0.2699999999999996,2516200,
2017-06-06,18.91,19.25,18.05,18.16,-1.6699999999999982,8281700,
2017-06-07,18.16,18.35,17.49,17.51,-0.6499999999999986,3897600,
2017-06-08,17.39,18.42,17.39,18.2,0.6899999999999977,4971800,
2017-06-09,18.21,18.66,18.12,18.51,0.3100000000000023,2004400,
2017-06-12,18.35,18.98,18.35,18.5,-0.010000000000001563,2184200,
2017-06-13,18.53,18.7,18.29,18.53,0.030000000000001137,1495300,
2017-06-14,18.63,18.73,18.31,18.72,0.18999999999999773,2251300,
2017-06-15,18.89,19.04,18.47,18.79,0.07000000000000028,2633200,
2017-06-16,18.75,18.97,18.41,18.7,-0.08999999999999986,3896500,
2017-06-19,18.6,19.17,18.29,18.92,0.22000000000000242,2058100,
2017-06-20,18.9,18.96,18.5,18.53,-0.39000000000000057,1218200,
2017-06-21,18.53,18.72,18.34,18.43,-0.10000000000000142,1704900,
2017-06-22,18.41,18.62,18.26,18.27,-0.16000000000000014,2769300,
2017-06-23,18.27,18.36,17.97,18,-0.2699999999999996,4002900,
2017-06-26,18.01,18.39,17.92,18.26,0.26000000000000156,1805600,
2017-06-27,18.26,18.73,18.2,18.57,0.3099999999999987,1736100,
2017-06-28,18.66,18.89,18.55,18.6,0.030000000000001137,1295500,
2017-06-29,18.61,18.63,18.15,18.35,-0.25,1695700,
2017-06-30,18.41,18.6,18.37,18.52,0.16999999999999815,1640200,
2017-07-03,18.56,18.94,18.5,18.68,0.16000000000000014,1051000,
2017-07-05,18.63,18.8,18.35,18.54,-0.14000000000000057,1564100,
2017-07-06,18.41,18.58,18.22,18.25,-0.28999999999999915,3002700,
2017-07-07,18.3,18.44,18.02,18.27,0.019999999999999574,3027400,
2017-07-10,18.28,18.28,17.82,17.93,-0.33999999999999986,1703300,
2017-07-11,17.95,18.11,17.25,17.26,-0.6699999999999982,2442400,
2017-07-12,17.31,17.79,17.3,17.77,0.509999999999998,2119600,
2017-07-13,17.77,18.24,17.69,18.2,0.4299999999999997,1752200,
2017-07-14,18.24,18.48,18.18,18.26,0.060000000000002274,1676700,
2017-07-17,18.22,18.49,18.22,18.32,0.05999999999999872,1614200,
2017-07-18,18.29,18.415,18.15,18.17,-0.14999999999999858,1252900,
2017-07-19,18.23,18.84,18.22,18.75,0.5799999999999983,1743900,
2017-07-20,18.88,19.07,18.7,18.8,0.05000000000000071,1349500,
2017-07-21,18.84,19.08,18.8,19.02,0.21999999999999886,1558300,
2017-07-24,19.49,19.57,19.07,19.1,0.08000000000000185,2406800,
2017-07-25,19.14,19.79,19.08,19.58,0.4799999999999969,2380300,
2017-07-26,19.6,19.76,19.38,19.58,0,1842400,
2017-07-27,19.64,20.43,19.61,20.36,0.7800000000000011,1989100,
2017-07-28,20.22,20.36,19.84,19.88,-0.4800000000000004,1433100,
2017-07-31,19.93,20.24,19.74,20.14,0.26000000000000156,1154700,
2017-08-01,20.28,20.43,20.04,20.27,0.129999999999999,1677400,
2017-08-02,20.28,20.3,19.585,19.64,-0.629999999999999,1687000,
2017-08-03,19.61,20.02,19.5,19.73,0.08999999999999986,1724200,
2017-08-04,19.83,20.22,19.73,20.14,0.41000000000000014,985300,
2017-08-07,20.1,20.64,20.06,20.46,0.3200000000000003,1504400,
2017-08-08,20.45,20.68,20.37,20.51,0.05000000000000071,1711800,
2017-08-09,20.4,20.4,19.98,20.13,-0.38000000000000256,1241400,
2017-08-10,20,20,19.56,19.6,-0.5299999999999976,1532200,
2017-08-11,19.58,20.06,19.57,20.04,0.4399999999999977,1402200,
2017-08-14,20.18,20.6,20.01,20.53,0.490000000000002,1464500,
2017-08-15,20.43,20.43,19.805,19.81,-0.7200000000000024,1470700,
2017-08-16,19.93,20.57,19.88,20.48,0.6700000000000017,2008500,
2017-08-17,20.34,20.47,19.95,19.97,-0.5100000000000016,1382800,
2017-08-18,19.97,19.97,19.07,19.13,-0.8399999999999999,2792500,
2017-08-21,19.09,19.815,19,19.36,0.23000000000000043,2372300,
2017-08-22,19.5,19.71,19.23,19.59,0.23000000000000043,2612400,
2017-08-23,19.51,19.88,19.47,19.61,0.019999999999999574,3006100,
2017-08-24,22.52,24.24,20.84,21.27,1.6600000000000001,9043900,
2017-08-25,21.54,22.185,21.495,21.91,0.6400000000000006,2367700,
2017-08-28,22.01,22.25,21.72,21.99,0.0799999999999983,1857700,
2017-08-29,21.55,22.375,21.55,22.36,0.370000000000001,1616700,
2017-08-30,22.38,22.4,22.11,22.39,0.030000000000001137,1034500,
2017-08-31,22.38,22.55,22.08,22.45,0.05999999999999872,1131700,
2017-09-01,22.52,22.75,22.41,22.67,0.22000000000000242,1220000,
2017-09-05,22.57,22.91,22.51,22.57,-0.10000000000000142,2002600,
2017-09-06,22.79,22.92,22.59,22.81,0.23999999999999844,1484700,
2017-09-07,22.87,23.15,22.33,22.52,-0.28999999999999915,939800,
2017-09-08,22.49,22.63,21.99,22.18,-0.33999999999999986,1664700,
2017-09-11,22.26,22.38,21.86,21.92,-0.259999999999998,1428000,
2017-09-12,21.9,22.2,21.8,21.83,-0.09000000000000341,1835700,
2017-09-13,21.85,22.07,21.77,21.78,-0.04999999999999716,1793100,
2017-09-14,21.84,21.84,21.28,21.55,-0.23000000000000043,1950400,
2017-09-15,21.45,21.605,21.28,21.49,-0.060000000000002274,3156800,
2017-09-18,21.48,21.49,21.1,21.13,-0.35999999999999943,1554800,
2017-09-19,21.13,21.54,21,21.45,0.3200000000000003,2372600,
2017-09-20,21.65,21.75,21.13,21.42,-0.029999999999997584,3146800,
2017-09-21,21.53,21.53,21.215,21.38,-0.0400000000000027,1755300,
2017-09-22,21.44,21.47,21.23,21.24,-0.14000000000000057,1726100,
2017-09-25,21.12,21.69,21.06,21.54,0.3000000000000007,2176000,
2017-09-26,21.64,22.18,21.22,22.05,0.5100000000000016,2011800,
2017-09-27,22.08,22.65,22.08,22.27,0.21999999999999886,3299300,
2017-09-28,22.29,22.775,22.084,22.21,-0.05999999999999872,2502300,
2017-09-29,22.19,22.19,21.4,21.47,-0.740000000000002,2803700,
2017-10-02,21.38,21.69,21.14,21.66,0.19000000000000128,1581600,
2017-10-03,21.72,21.85,21.37,21.83,0.16999999999999815,1476400,
2017-10-04,21.7,21.88,21.16,21.61,-0.21999999999999886,1155600,
2017-10-05,21.58,21.83,21.37,21.72,0.10999999999999943,1462200,
2017-10-06,21.67,21.73,21.21,21.3,-0.41999999999999815,2201900,
2017-10-09,21.29,21.34,20.7,20.8,-0.5,1437300,
2017-10-10,20.91,21.35,20.86,21.01,0.21000000000000085,1371700,
2017-10-11,21.01,21.04,20.53,20.72,-0.2900000000000027,1497400,
2017-10-12,20.72,20.72,20.11,20.2,-0.5199999999999996,2559100,
2017-10-13,20.16,20.41,20.08,20.15,-0.05000000000000071,2746100,
2017-10-16,20.16,20.355,19.76,19.82,-0.3299999999999983,1958700,
2017-10-17,19.8,20.37,19.75,20.23,0.41000000000000014,4088700,
2017-10-18,20.2,20.355,20.07,20.15,-0.08000000000000185,1692500,
2017-10-19,20.08,20.715,20,20.52,0.370000000000001,2559800,
2017-10-20,20.72,21.03,20.58,20.82,0.3000000000000007,3661200,
2017-10-23,20.78,20.985,20.38,20.41,-0.41000000000000014,1728800,
2017-10-24,20.53,21,20.53,20.96,0.5500000000000007,1826900,
2017-10-25,21,21.2,20.8,21.03,0.07000000000000028,2960100,
2017-10-26,21.02,21.17,20.21,21.13,0.09999999999999787,1874300,
2017-10-27,20.41,20.72,18.91,19.99,-1.1400000000000006,6337000,
2017-10-30,19.96,19.98,19.33,19.5,-0.48999999999999844,1660400,
2017-10-31,19.53,19.89,19.42,19.42,-0.0799999999999983,2019600,
2017-11-01,19.41,19.85,19.25,19.58,0.1599999999999966,1361100,
2017-11-02,19.69,19.7,19.28,19.42,-0.1599999999999966,1527600,
2017-11-03,19.35,19.5,19.21,19.22,-0.20000000000000284,1514600,
2017-11-06,19.17,19.23,18.73,18.86,-0.35999999999999943,1419700,
2017-11-07,18.79,18.79,17.86,18.22,-0.6400000000000006,2581700,
2017-11-08,18.2,18.53,18.08,18.4,0.17999999999999972,1555200,
2017-11-09,18.33,18.65,18.26,18.56,0.16000000000000014,1153800,
2017-11-10,18.48,18.79,18.405,18.57,0.010000000000001563,1261600,
2017-11-13,18.64,19.11,18.475,18.57,0,1779900,
2017-11-14,18.45,18.63,18.115,18.21,-0.35999999999999943,1557600,
2017-11-15,18.11,18.24,17.72,18.22,0.00999999999999801,2589600,
2017-11-16,18.2,18.56,18.2,18.45,0.23000000000000043,1521400,
2017-11-17,18.54,19.1,18.42,18.99,0.5399999999999991,2525200,
2017-11-20,18.98,19.48,18.98,19.18,0.19000000000000128,2614200,
2017-11-21,19.14,19.24,18.7,19.24,0.05999999999999872,1964400,
2017-11-22,19.24,19.37,18.8,19.06,-0.17999999999999972,2245200,
2017-11-24,19.04,19.04,18.5,18.54,-0.5199999999999996,810100,
2017-11-27,18.48,18.61,18.33,18.5,-0.03999999999999915,1803800,
2017-11-28,18.52,19.34,18.5,19.34,0.8399999999999999,2877400,
2017-11-29,19.45,20.01,19.23,19.35,0.010000000000001563,3870400,
2017-11-30,21.08,23.16,20.63,21.6,2.25,11170500,
2017-12-01,22.01,22.1,21.24,21.94,0.33999999999999986,3945200,
2017-12-04,22,22.44,20.95,21.15,-0.7900000000000027,5110300,
2017-12-05,21.04,21.93,21.04,21.4,0.25,2630400,
2017-12-06,21.42,21.66,21.16,21.49,0.08999999999999986,2121000,
2017-12-07,21.46,22,21.38,22,0.5100000000000016,3762700,
2017-12-08,22.09,22.5,21.76,22.2,0.1999999999999993,2738700,
2017-12-11,22.27,22.27,21.73,22.22,0.019999999999999574,1609400,
2017-12-12,21.89,21.97,21.48,21.63,-0.5899999999999999,1855200,
2017-12-13,21.54,21.85,21.495,21.7,0.07000000000000028,1467300,
2017-12-14,21.76,22.03,21.45,21.57,-0.129999999999999,1277300,
2017-12-15,21.7,21.95,21.32,21.84,0.2699999999999996,3502000,
2017-12-18,21.91,22.505,21.89,22.2,0.35999999999999943,2215800,
2017-12-19,22.37,22.94,22.08,22.66,0.46000000000000085,3055100,
2017-12-20,22.87,23.015,22.61,22.97,0.3099999999999987,1940100,
2017-12-21,23.03,23.285,22.91,23.21,0.240000000000002,1712400,
2017-12-22,23.28,23.93,23.15,23.64,0.4299999999999997,1849900,
2017-12-26,23.6,24.09,23.5,23.79,0.14999999999999858,845800,
2017-12-27,23.84,23.915,23.63,23.72,-0.07000000000000028,880800,
2017-12-28,23.79,23.88,23.6,23.76,0.0400000000000027,757300,
2017-12-29,23.8,24.445,23.8,24.19,0.4299999999999997,1723900,
2018-01-02,24.36,24.48,24.03,24.34,0.14999999999999858,1802400,
2018-01-03,24.28,24.52,23.895,24.21,-0.129999999999999,1547800,
2018-01-04,24.38,24.63,23.76,24.2,-0.010000000000001563,1552900,
2018-01-05,24.22,24.6,24.06,24.55,0.3500000000000014,1863900,
2018-01-08,24.62,24.75,24.06,24.49,-0.060000000000002274,1950600,
2018-01-09,24.4,24.55,24.06,24.3,-0.18999999999999773,1444500,
2018-01-10,24.24,24.63,24.06,24.5,0.1999999999999993,1323300,
2018-01-11,24.52,25,24.41,24.78,0.28000000000000114,1969300,
2018-01-12,24.91,25.25,24.65,25.03,0.25,726000,
2018-01-16,26,26.05,24.76,24.8,-0.23000000000000043,2197700,
2018-01-17,24.88,25.11,24.41,24.43,-0.370000000000001,1801200,
2018-01-18,24.76,25.6,24.56,24.95,0.5199999999999996,1630800,
2018-01-19,25.07,26.04,24.98,26.01,1.0600000000000023,1788200,
2018-01-22,25.95,26.17,25.75,26.16,0.14999999999999858,1393300,
2018-01-23,26.02,26.42,25.95,26.39,0.23000000000000043,1674100,
2018-01-24,26.46,26.52,26.06,26.4,0.00999999999999801,1231700,
2018-01-25,27.18,27.27,26.79,27.16,0.7600000000000016,3163600,
2018-01-26,27.19,27.86,26.59,27.78,0.620000000000001,1830600,
2018-01-29,27.65,27.87,27.13,27.77,-0.010000000000001563,2043200,
2018-01-30,27.7,27.7,26.84,27.24,-0.5300000000000011,1616400,
2018-01-31,27.32,27.57,26.7,26.87,-0.36999999999999744,1896600,
2018-02-01,26.64,27.15,26.26,26.9,0.029999999999997584,1154400,
2018-02-02,26.58,26.81,26.09,26.13,-0.7699999999999996,1644600,
2018-02-05,25.82,26.36,25.42,25.5,-0.629999999999999,2041700,
2018-02-06,24.92,26.06,24.05,25.77,0.2699999999999996,2333400,
2018-02-07,25.73,26.17,25.37,25.83,0.05999999999999872,1342800,
2018-02-08,25.99,26.07,24.73,24.74,-1.0899999999999999,2298600,
2018-02-09,24.84,25,23.2,24.04,-0.6999999999999993,3669300,
2018-02-12,24.08,25.09,24.005,24.86,0.8200000000000003,1426400,
2018-02-13,24.68,24.855,24.49,24.63,-0.23000000000000043,1623400,
2018-02-14,24.44,25.19,24.23,25.06,0.4299999999999997,1575500,
2018-02-15,25.16,26.085,24.88,25.24,0.17999999999999972,1177300,
2018-02-16,25.06,25.06,23.91,24.58,-0.6600000000000001,1203500,
2018-02-20,24.56,24.94,24.21,24.43,-0.14999999999999858,1564100,
2018-02-21,24.46,24.96,24.29,24.31,-0.120000000000001,1081700,
2018-02-22,24.43,24.57,24.02,24.2,-0.10999999999999943,1861100,
2018-02-23,24.26,24.72,24.26,24.61,0.41000000000000014,944600,
2018-02-26,24.74,24.84,24.09,24.21,-0.3999999999999986,1615300,
2018-02-27,24.22,24.55,23.01,23.02,-1.1900000000000013,2862400,
2018-02-28,23.21,23.62,22.91,23.01,-0.00999999999999801,2242200,
2018-03-01,23.05,23.93,22.87,23.31,0.29999999999999716,1565100,
2018-03-02,22.99,23.16,22.42,23.06,-0.25,1994200,
2018-03-05,22.96,23.24,22.54,23.11,0.05000000000000071,1663900,
2018-03-06,23.09,23.41,23.06,23.4,0.28999999999999915,1336100,
2018-03-07,23.19,23.35,22.85,22.9,-0.5,1416300,
2018-03-08,23.08,23.24,22.49,22.53,-0.36999999999999744,1036300,
2018-03-09,22.6,22.92,22.325,22.5,-0.030000000000001137,1911400,
2018-03-12,22.48,22.71,22.02,22.2,-0.3000000000000007,1164900,
2018-03-13,22.34,22.58,22.165,22.25,0.05000000000000071,1123600,
2018-03-14,22.25,22.44,21.82,21.92,-0.3299999999999983,1172600,
2018-03-15,22,22.25,21.775,22.03,0.10999999999999943,1580000,
2018-03-16,22,22.375,21.616,22,-0.030000000000001137,1631900,
2018-03-19,21.76,22.02,21.27,21.44,-0.5599999999999987,2034900,
2018-03-20,21.58,21.83,21.105,21.19,-0.25,2228800,
2018-03-21,21.17,21.21,20.82,21.19,0,2904400,
2018-03-22,19.75,20.141,18.94,19.545,-1.6449999999999996,12922400,
2018-03-23,19.77,19.79,18.98,18.99,-0.5550000000000033,7491600,
2018-03-26,19.25,20.27,19.24,20.08,1.0899999999999999,4473800,
2018-03-27,20.24,20.38,19.57,19.65,-0.4299999999999997,1964000,
2018-03-28,19.71,20.22,19.7,19.99,0.33999999999999986,2797100,
2018-03-29,20.14,20.23,19.51,19.71,-0.2799999999999976,2662500,
2018-04-02,19.7,20.01,19.245,19.56,-0.15000000000000213,2475100,
2018-04-03,20.04,20.04,19.31,19.44,-0.11999999999999744,2069200,
2018-04-04,19.21,19.9,19.21,19.78,0.33999999999999986,2594900,
2018-04-05,19.79,19.97,19.47,19.7,-0.08000000000000185,1811300,
2018-04-06,19.57,19.885,19.12,19.32,-0.379999999999999,1842400,
2018-04-09,19.36,19.45,18.63,18.66,-0.6600000000000001,2041400,
2018-04-10,18.94,19.32,18.8,19.18,0.5199999999999996,1755400,
2018-04-11,19.1,19.41,18.84,18.85,-0.3299999999999983,1596400,
2018-04-12,18.95,19.09,18.845,19.06,0.2099999999999973,2086700,
2018-04-13,19.15,19.27,18.22,18.28,-0.7799999999999976,1860300,
2018-04-16,18.59,18.65,18.11,18.44,0.16000000000000014,2867100,
2018-04-17,18.62,18.8,18.45,18.65,0.2099999999999973,2867300,
2018-04-18,18.65,19.38,18.65,19,0.3500000000000014,2711200,
2018-04-19,18.98,19.11,18.27,18.52,-0.4800000000000004,1438900,
2018-04-20,18.54,18.71,18.21,18.29,-0.23000000000000043,1513000,
2018-04-23,18.27,18.525,18.225,18.51,0.22000000000000242,1304100,
2018-04-24,18.63,18.92,18.47,18.59,0.0799999999999983,1270300,
2018-04-25,18.6,19.21,18.42,19,0.41000000000000014,1691400,
2018-04-26,18.76,19.09,18.4,18.67,-0.3299999999999983,1071000,
2018-04-27,18.71,19.32,18.71,19.29,0.6199999999999974,1792200,
2018-04-30,19.25,19.25,18.6,18.62,-0.6699999999999982,2279000,
2018-05-01,18.63,19.02,18.27,19.01,0.39000000000000057,2847600,
2018-05-02,18.9,19.06,18.66,18.7,-0.3100000000000023,1316600,
2018-05-03,18.61,18.69,18.28,18.51,-0.18999999999999773,1461200,
2018-05-04,18.52,18.93,18.29,18.68,0.16999999999999815,1232400,
2018-05-07,18.67,18.73,18.1,18.25,-0.4299999999999997,1313200,
2018-05-08,18.22,18.505,18.22,18.4,0.14999999999999858,1056200,
2018-05-09,18.4,18.885,18.32,18.57,0.1700000000000017,1135300,
2018-05-10,18.58,18.76,18.35,18.65,0.0799999999999983,731800,
2018-05-11,18.61,18.88,18.41,18.75,0.10000000000000142,1027100,
2018-05-14,18.83,19.07,18.76,18.85,0.10000000000000142,840800,
2018-05-15,18.73,18.925,18.67,18.86,0.00999999999999801,751700,
2018-05-16,18.98,19.4,18.815,18.95,0.08999999999999986,911600,
2018-05-17,18.96,19.285,18.81,18.86,-0.08999999999999986,1200800,
2018-05-18,18.81,19.11,18.81,18.96,0.10000000000000142,1126300,
2018-05-21,19.05,19.12,18.95,19.03,0.07000000000000028,817000,
2018-05-22,19.08,19.27,18.78,18.81,-0.22000000000000242,1075100,
2018-05-23,18.8,19.03,18.67,18.83,0.019999999999999574,869000,
2018-05-24,18.84,19.03,18.65,18.91,0.08000000000000185,689200,
2018-05-25,18.86,19.07,18.795,18.94,0.030000000000001137,813100,
2018-05-29,18.82,18.9,18.64,18.73,-0.21000000000000085,1009800,
2018-05-30,18.82,19.27,18.76,19.2,0.46999999999999886,1000300,
2018-05-31,19.23,19.439,18.235,18.36,-0.8399999999999999,1939400,
2018-06-01,18.45,18.8,18.345,18.67,0.3100000000000023,1199400,
2018-06-04,18.72,19.13,18.69,19.02,0.34999999999999787,1467800,
2018-06-05,19.02,19.52,18.68,19.39,0.370000000000001,3274900,
2018-06-06,19.46,19.69,19.18,19.4,0.00999999999999801,1670800,
2018-06-07,19.49,20.21,19.36,20.17,0.7700000000000031,2364800,
2018-06-08,20.06,20.57,19.71,20.43,0.259999999999998,2326600,
2018-06-11,20.76,21.26,20.58,21.05,0.620000000000001,2395500,
2018-06-12,21.5,21.79,20.99,21.74,0.6899999999999977,3137800,
2018-06-13,21.9,22.15,21.5,21.93,0.19000000000000128,4559700,
2018-06-14,18.36,19.09,17.75,18.86,-3.0700000000000003,21235800,
2018-06-15,18.7,18.95,17.84,18,-0.8599999999999994,7910500,
2018-06-18,17.82,18.19,17.78,17.83,-0.1700000000000017,4853400,
2018-06-19,17.7,18.25,17.66,18.22,0.39000000000000057,3746700,
2018-06-20,18.92,18.94,18.35,18.75,0.5300000000000011,2923700,
2018-06-21,18.75,19.35,18.75,19.17,0.4200000000000017,3373000,
2018-06-22,19.24,19.81,19.16,19.74,0.5699999999999967,5935200,
2018-06-25,19.65,19.74,18.72,18.8,-0.9399999999999977,3490900,
2018-06-26,18.89,18.95,18.52,18.8,0,2447600,
2018-06-27,18.88,19.33,18.8,18.95,0.14999999999999858,2865100,
2018-06-28,18.9,18.99,18.36,18.61,-0.33999999999999986,2464600,
2018-06-29,19.04,19.5,18.9,19.17,0.5600000000000023,3347500,
2018-07-02,19.12,19.52,18.98,19.28,0.10999999999999943,2911200,
2018-07-03,19.31,19.55,19.16,19.26,-0.019999999999999574,1183900,
2018-07-05,19.33,20.13,19.32,20.12,0.8599999999999994,2992700,
2018-07-06,20.13,20.53,20.06,20.49,0.36999999999999744,2509100,
2018-07-09,20.48,20.88,20.48,20.67,0.18000000000000327,2913000,
2018-07-10,20.69,20.93,20.33,20.51,-0.16000000000000014,1659600,
2018-07-11,20.39,20.41,19.78,19.91,-0.6000000000000014,1911300,
2018-07-12,20,20,19.52,19.67,-0.23999999999999844,2643000,
2018-07-13,19.73,20.06,19.56,19.77,0.09999999999999787,1948300,
2018-07-16,19.78,20.03,19.445,19.59,-0.17999999999999972,2220400,
2018-07-17,19.47,19.92,19.42,19.76,0.1700000000000017,1730300,
2018-07-18,19.75,19.98,19.62,19.91,0.14999999999999858,1256900,
2018-07-19,19.8,20.25,19.69,20.2,0.28999999999999915,1664300,
2018-07-20,20.23,20.33,19.88,19.91,-0.28999999999999915,1962100,
2018-07-23,19.96,20.42,19.91,20.25,0.33999999999999986,1654400,
2018-07-24,20.36,20.52,20.04,20.17,-0.0799999999999983,1497000,
2018-07-25,20.19,20.46,20.01,20.44,0.2699999999999996,1199200,
2018-07-26,20.38,21,20.26,20.56,0.11999999999999744,2137200,
2018-07-27,20.58,20.72,20.205,20.29,-0.2699999999999996,1558900,
2018-07-30,20.31,20.77,20.245,20.39,0.10000000000000142,1438900,
2018-07-31,20.4,20.59,20.22,20.41,0.019999999999999574,1289900,
2018-08-01,20.49,20.58,19.86,20.01,-0.3999999999999986,1709300,
2018-08-02,19.88,20.25,19.79,20.11,0.09999999999999787,1388600,
2018-08-03,20.19,20.52,19.94,20.24,0.129999999999999,1230000,
2018-08-06,20.19,20.44,20.06,20.27,0.030000000000001137,1116700,
2018-08-07,20.36,20.7,20.11,20.39,0.120000000000001,1391400,
2018-08-08,20.33,20.44,19.95,20.22,-0.1700000000000017,955000,
2018-08-09,20.22,21.11,20.21,20.38,0.16000000000000014,3194200,
2018-08-10,20.17,20.39,19.85,20.25,-0.129999999999999,1838800,
2018-08-13,20.35,20.4,20.1,20.16,-0.08999999999999986,1215700,
2018-08-14,20.2,20.58,20.18,20.35,0.19000000000000128,1469800,
2018-08-15,20.26,20.54,19.95,20.03,-0.3200000000000003,2349800,
2018-08-16,20.09,20.36,19.95,20.1,0.07000000000000028,1348400,
2018-08-17,20.06,20.665,20.06,20.34,0.23999999999999844,1889500,
2018-08-20,20.41,20.81,20.41,20.54,0.1999999999999993,1274800,
2018-08-21,20.56,20.725,20.33,20.49,-0.05000000000000071,1950700,
2018-08-22,20.51,20.8,20.51,20.62,0.13000000000000256,1402700,
2018-08-23,20.55,20.71,20.54,20.63,0.00999999999999801,2222900,
2018-08-24,20.73,20.81,20.57,20.67,0.0400000000000027,3248300,
2018-08-27,20.75,20.81,20.29,20.55,-0.120000000000001,2284600,
2018-08-28,20.54,20.68,20.07,20.5,-0.05000000000000071,1628700,
2018-08-29,20.54,20.61,19.925,19.97,-0.5300000000000011,3002000,
2018-08-30,19,19.21,16.54,17.01,-2.9599999999999973,13084900,
2018-08-31,17.01,17.46,16.55,16.99,-0.020000000000003126,7299800,
2018-09-04,16.65,16.82,15.9,16.21,-0.7799999999999976,6030900,
2018-09-05,16.18,16.26,15.91,15.99,-0.22000000000000064,4646800,
2018-09-06,16.01,16.25,15.85,16.03,0.040000000000000924,3569300,
2018-09-07,16.35,17.16,16.24,16.69,0.6600000000000001,4712900,
2018-09-10,16.57,17.52,16.42,17.38,0.6899999999999977,5143500,
2018-09-11,17.34,17.41,16.87,17.23,-0.14999999999999858,3182200,
2018-09-12,17.19,17.61,17.11,17.42,0.19000000000000128,2443000,
2018-09-13,17.45,17.66,17.11,17.11,-0.3100000000000023,1970300,
2018-09-14,17.16,17.555,17.11,17.26,0.15000000000000213,3135300,
2018-09-17,17.26,17.44,16.65,16.81,-0.45000000000000284,3381200,
2018-09-18,16.72,16.93,16.545,16.66,-0.14999999999999858,2874300,
2018-09-19,16.69,16.92,16.24,16.29,-0.370000000000001,2644900,
2018-09-20,16.34,16.53,16.23,16.44,0.15000000000000213,2022500,
2018-09-21,16.47,16.76,16.41,16.59,0.14999999999999858,5687700,
2018-09-24,16.81,16.88,16.475,16.82,0.23000000000000043,2820000,
2018-09-25,16.82,16.94,16.68,16.71,-0.10999999999999943,2245200,
2018-09-26,16.75,16.87,16.52,16.6,-0.10999999999999943,1740900,
2018-09-27,16.59,16.73,16.33,16.34,-0.26000000000000156,1906900,
2018-09-28,16.28,16.5,16.03,16.23,-0.10999999999999943,3812300,
2018-10-01,16.36,16.59,16.09,16.3,0.07000000000000028,2349200,
2018-10-02,16.27,16.45,15.65,15.75,-0.5500000000000007,2338700,
2018-10-03,15.81,15.94,15.52,15.61,-0.14000000000000057,2541200,
2018-10-04,15.56,15.69,14.955,15.04,-0.5700000000000003,2830000,
2018-10-05,15.03,15.145,14.82,14.96,-0.0799999999999983,2586900,
2018-10-08,14.95,15.59,14.93,15.49,0.5299999999999994,2491800,
2018-10-09,15.38,16.21,15.38,15.63,0.14000000000000057,2413700,
2018-10-10,15.62,15.9,15.54,15.55,-0.08000000000000007,1763700,
2018-10-11,15.4,15.845,15.4,15.53,-0.02000000000000135,2741700,
2018-10-12,15.78,16.11,15.66,16.09,0.5600000000000005,3217300,
2018-10-15,16.16,16.63,16.03,16.36,0.2699999999999996,2343600,
2018-10-16,16.43,16.9,16.32,16.89,0.5300000000000011,2290200,
2018-10-17,16.87,17.02,16.57,16.68,-0.21000000000000085,1983100,
2018-10-18,16.56,16.97,16.35,16.46,-0.21999999999999886,2253800,
2018-10-19,16.49,16.665,16.1,16.23,-0.23000000000000043,1764200,
2018-10-22,16.23,16.465,15.83,15.96,-0.2699999999999996,1572800,
2018-10-23,15.76,16.36,15.56,16.14,0.17999999999999972,1494400,
2018-10-24,16.18,16.445,15.69,15.72,-0.41999999999999993,1580000,
2018-10-25,15.86,16.49,15.45,15.58,-0.14000000000000057,2042600,
2018-10-26,15.38,15.52,15,15.19,-0.39000000000000057,2620900,
2018-10-29,15.37,16.05,15.37,15.64,0.45000000000000107,2157400,
2018-10-30,15.65,16.36,15.65,16,0.35999999999999943,3127700,
2018-10-31,16.12,16.17,15.69,15.85,-0.15000000000000036,2526600,
2018-11-01,15.88,16.42,15.48,16.25,0.40000000000000036,2043600,
2018-11-02,16.46,16.83,16.17,16.47,0.21999999999999886,2324500,
2018-11-05,16.58,16.99,16.45,16.84,0.370000000000001,2884100,
2018-11-06,16.59,17.35,16.59,17.19,0.3500000000000014,2315000,
2018-11-07,17.2,17.51,17,17.46,0.2699999999999996,2901500,
2018-11-08,17.44,17.85,17.39,17.77,0.3099999999999987,2087500,
2018-11-09,17.66,17.96,17.22,17.72,-0.05000000000000071,2027400,
2018-11-12,17.76,18.01,17.68,17.76,0.0400000000000027,1185700,
2018-11-13,17.78,17.945,17.6,17.65,-0.11000000000000298,1500400,
2018-11-14,17.74,18.04,17.165,17.31,-0.33999999999999986,1431700,
2018-11-15,17.15,17.575,16.76,17.5,0.19000000000000128,1378200,
2018-11-16,17.43,17.69,17.12,17.46,-0.03999999999999915,1989000,
2018-11-19,17.4,17.79,17.14,17.39,-0.07000000000000028,2096600,
2018-11-20,17.05,17.33,16.53,16.54,-0.8500000000000014,1911200,
2018-11-21,16.62,16.89,16.48,16.65,0.10999999999999943,1393300,
2018-11-23,16.63,17.01,16.46,16.77,0.120000000000001,913600,
2018-11-26,16.94,17.15,16.72,16.84,0.07000000000000028,2452600,
2018-11-27,16.76,16.94,16.41,16.59,-0.25,2316700,
2018-11-28,16.57,17.18,16.52,17.17,0.5800000000000018,2296700,
2018-11-29,16.95,17.43,16.94,17.09,-0.08000000000000185,3116500,
2018-11-30,17.09,17.21,16.9,16.97,-0.120000000000001,3202200,
2018-12-03,17.18,17.48,16.91,17.43,0.46000000000000085,3485000,
2018-12-04,17.49,17.522,16.345,16.42,-1.009999999999998,2935000,
2018-12-06,16.8,17.27,15.4,16.32,-0.10000000000000142,5527600,
2018-12-07,16.45,16.62,15.495,15.65,-0.6699999999999999,3920700,
2018-12-10,15.71,15.83,15.05,15.55,-0.09999999999999964,2931200,
2018-12-11,15.78,15.92,15.12,15.39,-0.16000000000000014,2142700,
2018-12-12,15.53,15.7,15.02,15.06,-0.33000000000000007,3199900,
2018-12-13,15.01,15.42,14.87,15.1,0.03999999999999915,2745600,
2018-12-14,14.93,15.27,14.6,14.69,-0.41000000000000014,2117500,
2018-12-17,14.57,14.795,13.85,14.04,-0.6500000000000004,3294000,
2018-12-18,14.14,14.32,13.94,14.05,0.010000000000001563,2384900,
2018-12-19,14.08,14.3,13.66,13.74,-0.3100000000000005,2345600,
2018-12-20,13.69,13.795,12.95,13.32,-0.41999999999999993,3178000,
2018-12-21,13.25,13.47,12.68,12.69,-0.6300000000000008,3720000,
2018-12-24,12.57,12.99,12.48,12.68,-0.009999999999999787,1366900,
2018-12-26,12.75,13.59,12.72,13.58,0.9000000000000004,1602800,
2018-12-27,13.23,13.38,12.54,13.03,-0.5500000000000007,2338500,
2018-12-28,13.05,13.63,13.03,13.4,0.370000000000001,2151900,
2018-12-31,13.48,13.64,13.26,13.54,0.1399999999999988,2299900,
2019-01-02,13.32,14.26,13.31,14.09,0.5500000000000007,2037600,
2019-01-03,13.99,14.55,13.91,14.16,0.07000000000000028,1607000,
2019-01-04,14.36,15.02,14.22,15,0.8399999999999999,2017500,
2019-01-07,14.88,15.74,14.88,15.38,0.3800000000000008,2840600,
2019-01-08,15.54,15.9,15.3,15.68,0.29999999999999893,2336500,
2019-01-09,15.75,16.385,15.7,16.08,0.3999999999999986,2333000,
2019-01-10,15.86,15.86,15.37,15.55,-0.5299999999999976,2257600,
2019-01-11,15.54,16.185,15.45,15.98,0.4299999999999997,1456900,
2019-01-14,15.88,15.89,15.59,15.85,-0.13000000000000078,1188400,
2019-01-15,15.86,16.07,15.71,16.05,0.20000000000000107,1030700,
2019-01-16,16.06,16.16,15.63,15.78,-0.27000000000000135,2349900,
2019-01-17,15.71,15.89,15.53,15.85,0.07000000000000028,1295100,
2019-01-18,15.95,16.26,15.91,16.21,0.3600000000000012,1315000,
2019-01-22,16.11,16.2,15.4,15.47,-0.7400000000000002,2124200,
2019-01-23,15.5,15.54,14.91,15.34,-0.13000000000000078,2014000,
2019-01-24,15.34,15.46,15.2,15.41,0.07000000000000028,1440400,
2019-01-25,15.56,15.585,14.93,14.95,-0.46000000000000085,1639100,
2019-01-28,14.8,15.51,14.67,15.46,0.5100000000000016,2639900,
2019-01-29,15.45,15.45,14.68,14.72,-0.7400000000000002,2222500,
2019-01-30,14.32,14.8,13.19,13.28,-1.4400000000000013,6082200,
2019-01-31,13.16,14.22,13.16,13.86,0.5800000000000001,3986300,
2019-02-01,13.8,13.96,13.52,13.61,-0.25,2590400,
2019-02-04,13.56,13.635,13.41,13.58,-0.02999999999999936,2356600,
2019-02-05,13.58,13.91,13.57,13.84,0.2599999999999998,1890800,
2019-02-06,14.41,14.41,13.67,13.69,-0.15000000000000036,1622100,
2019-02-07,13.63,13.63,13.34,13.44,-0.25,1590000,
2019-02-08,13.4,13.415,12.786,12.83,-0.6099999999999994,2530000,
2019-02-11,12.93,13.02,12.69,12.97,0.14000000000000057,2509000,
2019-02-12,13.04,13.3,13.04,13.11,0.1399999999999988,1550100,
2019-02-13,13.14,13.18,12.86,13.06,-0.049999999999998934,1900500,
2019-02-14,12.97,13.25,12.85,13.05,-0.009999999999999787,2193300,
2019-02-15,13.1,13.52,13.1,13.45,0.3999999999999986,1762400,
2019-02-19,13.45,13.53,13.22,13.39,-0.05999999999999872,2139800,
2019-02-20,13.45,13.98,13.4,13.69,0.29999999999999893,2505600,
2019-02-21,13.72,13.78,13.41,13.45,-0.2400000000000002,1192200,
2019-02-22,13.47,13.69,13.35,13.58,0.13000000000000078,1049500,
2019-02-25,13.63,13.985,13.46,13.7,0.11999999999999922,1809600,
2019-02-26,13.69,14.13,13.67,13.98,0.28000000000000114,2182700,
2019-02-27,14,14.47,13.93,14.32,0.33999999999999986,1679300,
2019-02-28,14.27,14.455,14.05,14.14,-0.17999999999999972,1901000,
2019-03-01,13.43,14.18,13.04,13.31,-0.8300000000000001,3979100,
2019-03-04,13.43,13.48,13.13,13.46,0.15000000000000036,1924600,
2019-03-05,13.52,13.64,13.265,13.49,0.02999999999999936,1415100,
2019-03-06,13.53,13.55,13.03,13.13,-0.35999999999999943,1071400,
2019-03-07,13.1,13.23,12.96,13.03,-0.10000000000000142,967800,
2019-03-08,12.9,13.01,12.56,12.63,-0.3999999999999986,1387400,
2019-03-11,12.64,12.76,12.555,12.61,-0.02000000000000135,1720900,
2019-03-12,12.62,12.7,12.35,12.57,-0.03999999999999915,1336000,
2019-03-13,12.57,12.98,12.57,12.86,0.28999999999999915,1765800,
2019-03-14,12.85,12.85,12.07,12.11,-0.75,2811000,
2019-03-15,12.2,12.2,11.44,11.68,-0.4299999999999997,4232000,
2019-03-18,11.76,11.86,11.63,11.79,0.10999999999999943,3626300,
2019-03-19,12.5,13.7,12.235,12.79,1,13357600,
2019-03-20,12.66,13.14,11.95,11.99,-0.7999999999999989,5732900,
2019-03-21,11.99,12.12,11.65,11.92,-0.07000000000000028,3979600,
2019-03-22,11.87,11.98,11.21,11.26,-0.6600000000000001,3921000,
2019-03-25,11.24,11.31,10.9,11.11,-0.15000000000000036,3441700,
2019-03-26,11.22,11.495,11.11,11.45,0.33999999999999986,2877400,
2019-03-27,11.42,12.22,11.41,12,0.5500000000000007,4900500,
2019-03-28,11.81,12.26,11.8,11.9,-0.09999999999999964,1928400,
2019-03-29,11.94,11.9636,11.39,11.42,-0.4800000000000004,3778400,
2019-04-01,11.47,11.67,11.21,11.51,0.08999999999999986,2267700,
2019-04-02,11.5,11.56,11.34,11.34,-0.16999999999999993,2784100,
2019-04-03,11.46,11.85,11.365,11.77,0.4299999999999997,3230300,
2019-04-04,11.82,12.485,11.62,12.42,0.6500000000000004,4572000,
2019-04-05,12.25,12.73,12.25,12.47,0.05000000000000071,2987500,
2019-04-08,12.41,12.805,12.41,12.74,0.2699999999999996,2428700,
2019-04-09,12.65,12.75,12.52,12.6,-0.14000000000000057,1644900,
2019-04-10,12.55,12.88,12.4699,12.85,0.25,2001000,
2019-04-11,12.85,12.86,12.6,12.69,-0.16000000000000014,2137700,
2019-04-12,12.78,13.03,12.63,12.71,0.02000000000000135,2051600,
2019-04-15,12.71,12.86,12.5,12.8,0.08999999999999986,1883300,
2019-04-16,12.86,13.02,12.75,12.91,0.10999999999999943,1902100,
2019-04-17,12.97,13,12.67,12.83,-0.08000000000000007,1777600,
2019-04-18,12.84,13,12.68,12.91,0.08000000000000007,2269600,
2019-04-22,12.92,12.94,12.37,12.4,-0.5099999999999998,1463400,
2019-04-23,12.43,12.74,12.28,12.62,0.21999999999999886,1571000,
2019-04-24,12.6,13.08,12.6,12.84,0.22000000000000064,2177000,
2019-04-25,12.84,12.86,12.12,12.19,-0.6500000000000004,2051800,
2019-04-26,12.14,12.48,11.93,12.35,0.16000000000000014,1599500,
2019-04-29,12.39,12.42,11.34,11.59,-0.7599999999999998,3891500,
2019-04-30,11.57,11.64,11.12,11.24,-0.34999999999999964,2893200,
2019-05-01,11.28,11.3557,10.8,10.81,-0.4299999999999997,2195900,
2019-05-02,10.81,10.92,10.62,10.78,-0.030000000000001137,1704900,
2019-05-03,10.86,11.335,10.83,11.27,0.4900000000000002,1924700,
2019-05-06,11,11.34,10.77,11.25,-0.019999999999999574,2330800,
2019-05-07,11.13,11.445,11.08,11.29,0.03999999999999915,2566500,
2019-05-08,11.22,11.84,11.14,11.39,0.10000000000000142,2417400,
2019-05-09,11.26,11.96,11.13,11.93,0.5399999999999991,3256900,
2019-05-10,11.9,11.9,11.15,11.53,-0.40000000000000036,2287200,
2019-05-13,11.25,11.25,10.64,10.86,-0.6699999999999999,2540500,
2019-05-14,10.92,11.1,10.83,11.06,0.20000000000000107,1564900,
2019-05-15,10.92,11.02,10.7201,10.96,-0.09999999999999964,1371100,
2019-05-16,11.02,11.12,10.63,10.64,-0.3200000000000003,1257100,
2019-05-17,10.58,10.69,10.39,10.45,-0.19000000000000128,1908600,
2019-05-20,9.81,10.14,9.7,10.05,-0.3999999999999986,3350500,
2019-05-21,10.03,10.26,9.9,10.2,0.14999999999999858,1934300,
2019-05-22,10.16,10.23,9.735,9.81,-0.3899999999999988,2407800,
2019-05-23,9.68,9.7766,9.41,9.49,-0.3200000000000003,2230600,
2019-05-24,9.56,9.76,9.49,9.62,0.129999999999999,1617100,
2019-05-28,9.63,9.75,9.2725,9.29,-0.33000000000000007,1946800,
2019-05-29,9.24,9.43,9.13,9.38,0.09000000000000163,2120200,
2019-05-30,9.37,9.46,9.075,9.15,-0.23000000000000043,2011700,
2019-05-31,9,9.17,8.8428,9.11,-0.040000000000000924,4108800,
2019-06-03,9.17,9.56,9.09,9.3,0.19000000000000128,3197100,
2019-06-04,9.38,9.78,9.38,9.75,0.4499999999999993,2904900,
2019-06-05,9.79,9.91,9.31,9.34,-0.41000000000000014,3544100,
2019-06-06,7.95,8.55,7.775,8.18,-1.1600000000000001,7359600,
2019-06-07,7.95,8.29,7.81,8.17,-0.009999999999999787,4763600,
2019-06-10,8.28,8.7,8.24,8.39,0.22000000000000064,2903500,
2019-06-11,8.51,8.63,8.27,8.52,0.129999999999999,2341700,
2019-06-12,8.24,8.58,8.15,8.24,-0.27999999999999936,2155100,
2019-06-13,8.31,8.905,8.2265,8.8,0.5600000000000005,2444200,
2019-06-14,8.79,9,8.69,8.9,0.09999999999999964,2172300,
2019-06-17,8.82,9.05,8.75,8.84,-0.0600000000000005,1897600,
2019-06-18,8.97,9.14,8.73,8.79,-0.05000000000000071,2572400,
2019-06-19,8.84,8.995,8.71,8.9,0.11000000000000121,2095800,
2019-06-20,8.99,9.085,8.71,8.84,-0.0600000000000005,1555500,
2019-06-21,8.9,9.18,8.8,9.11,0.2699999999999996,3307700,
2019-06-24,9.04,9.04,8.43,8.49,-0.6199999999999992,2204500,
2019-06-25,8.51,8.74,8.41,8.63,0.14000000000000057,1934200,
2019-06-26,8.66,8.9,8.5426,8.85,0.21999999999999886,2251000,
2019-06-27,8.84,8.89,8.625,8.72,-0.129999999999999,1677100,
2019-06-28,8.86,8.96,8.62,8.7,-0.02000000000000135,12069900,
2019-07-01,8.8,8.99,7.88,8.04,-0.6600000000000001,3473200,
2019-07-02,8.04,8.08,7.39,7.57,-0.46999999999999886,4369100,
2019-07-03,7.6,7.87,7.53,7.8,0.22999999999999954,1709300,
2019-07-05,7.73,8.015,7.62,7.97,0.16999999999999993,2756200,
2019-07-08,7.91,8.38,7.8526,8.21,0.2400000000000011,7747900,
2019-07-09,8.12,8.36,7.8925,7.94,-0.27000000000000046,2469900,
2019-07-10,8,8.25,7.95,8.18,0.23999999999999932,2642100,
2019-07-11,8.13,8.27,7.89,8.26,0.08000000000000007,2530100,
2019-07-12,8.28,8.71,8.23,8.48,0.22000000000000064,2799300,
2019-07-15,8.48,8.67,8.32,8.6,0.11999999999999922,2568100,
2019-07-16,8.62,9.26,8.61,9.14,0.5400000000000009,3579500,
2019-07-17,9.12,9.15,8.765,8.89,-0.25,3192300,
2019-07-18,8.85,8.8905,8.28,8.37,-0.5200000000000014,2208400,
2019-07-19,7.69,7.95,7.53,7.81,-0.5599999999999996,2985900,
2019-07-22,7.87,7.88,7.33,7.42,-0.3899999999999997,1688100,
2019-07-23,7.46,7.64,7.275,7.29,-0.1299999999999999,2111700,
2019-07-24,7.25,7.75,7.25,7.68,0.3899999999999997,2295800,
2019-07-25,7.63,7.79,7.29,7.38,-0.2999999999999998,1388400,
2019-07-26,7.37,7.37,7.03,7.2,-0.17999999999999972,1216600,
2019-07-29,7.19,7.3,7.045,7.22,0.019999999999999574,1063000,
2019-07-30,7.2,7.2,6.84,6.95,-0.2699999999999996,2485000,
2019-07-31,6.93,7.13,6.76,6.87,-0.08000000000000007,3105700,
2019-08-01,6.84,7.09,6.39,6.53,-0.33999999999999986,3201700,
2019-08-02,6.52,6.805,6.4339,6.76,0.22999999999999954,1877100,
2019-08-05,6.57,6.8,6.4,6.78,0.020000000000000462,2486500,
2019-08-06,6.8,6.99,6.345,6.71,-0.07000000000000028,2786300,
2019-08-07,6.6,6.71,6.18,6.26,-0.4500000000000002,2355600,
2019-08-08,6.29,6.45,6.11,6.38,0.1200000000000001,2503600,
2019-08-09,6.38,6.39,5.95,5.95,-0.4299999999999997,1964100,
2019-08-12,5.94,6.13,5.92,6.03,0.08000000000000007,1953600,
2019-08-13,6.01,6.66,5.68,5.77,-0.2600000000000007,3809900,
2019-08-14,5.6,5.655,5.3,5.45,-0.3199999999999994,3062300,
2019-08-15,5.48,5.48,4.96,5.23,-0.21999999999999975,3505600,
2019-08-16,5.29,5.48,5.16,5.18,-0.05000000000000071,2223400,
2019-08-19,5.26,5.56,5.24,5.42,0.2400000000000002,2249100,
2019-08-20,5.23,5.405,5.11,5.32,-0.09999999999999964,3237400,
2019-08-21,5.44,5.58,5.35,5.44,0.1200000000000001,1956400,
2019-08-22,5.53,5.75,5.5,5.6,0.15999999999999925,2076500,
2019-08-23,5.5,5.53,5.2,5.25,-0.34999999999999964,2246500,
2019-08-26,5.28,5.57,5.22,5.56,0.3099999999999996,2567000,
2019-08-27,5.62,5.64,4.97,5.03,-0.5299999999999994,3232500,
2019-08-28,5.05,5.59,5.04,5.42,0.3899999999999997,2283500,
2019-08-29,5.52,5.86,5.47,5.73,0.3100000000000005,3042800,
2019-08-30,5.8,5.82,5.57,5.67,-0.0600000000000005,2527100,
2019-09-03,5.55,5.65,5.12,5.6,-0.07000000000000028,8901800,
2019-09-04,6.84,7.128,5.905,6.26,0.6600000000000001,17471200,
2019-09-05,6.2,7.215,6.16,7.15,0.8900000000000006,8012800,
2019-09-06,7.21,7.8,7.18,7.76,0.6099999999999994,8179800,
2019-09-09,7.84,9.25,7.81,9.04,1.2799999999999994,13148700,
2019-09-10,9,10.12,9,10.07,1.0300000000000011,12099100,
2019-09-11,9.89,10.265,9.4,9.74,-0.33000000000000007,11830800,
2019-09-12,9.48,9.52,8.75,9.24,-0.5,7300500,
2019-09-13,9.4,9.91,9.15,9.57,0.33000000000000007,5164300,
2019-09-16,9.49,10.07,9.41,9.45,-0.120000000000001,4383800,
2019-09-17,9.53,9.53,8.68,8.92,-0.5299999999999994,5099200,
2019-09-18,8.91,9.15,8.74,8.98,0.0600000000000005,5457200,
2019-09-19,9.24,9.2984,8.93,9.26,0.27999999999999936,5024600,
2019-09-20,9.27,9.36,8.54,8.66,-0.5999999999999996,19078600,
2019-09-23,8.59,9.235,8.54,9.09,0.4299999999999997,3193600,
2019-09-24,9.06,9.84,9.06,9.69,0.5999999999999996,6557700,
2019-09-25,9.73,10.01,9.6,9.76,0.07000000000000028,4892800,
2019-09-26,9.77,9.89,9.4,9.64,-0.11999999999999922,2441500,
2019-09-27,9.69,9.97,9.56,9.69,0.049999999999998934,3698400,
2019-09-30,9.74,9.97,9.68,9.79,0.09999999999999964,3184200,
2019-10-01,9.8,10.37,9.71,9.72,-0.06999999999999851,2762600,
2019-10-02,9.66,9.7,8.41,8.685,-1.0350000000000001,4706400,
2019-10-03,8.67,9.07,8.59,8.9,0.21499999999999986,3584900,
2019-10-04,8.9,9.12,8.66,9.12,0.21999999999999886,1995500,
2019-10-07,9.35,9.69,8.96,9.51,0.39000000000000057,3397700,
2019-10-08,9.26,9.49,9.01,9.3,-0.20999999999999908,1780100,
2019-10-09,9.36,9.47,9.12,9.35,0.049999999999998934,2000900,
2019-10-10,9.45,9.78,9.34,9.665,0.3149999999999995,2310800,
2019-10-11,9.79,9.9322,9.51,9.565,-0.09999999999999964,3749100,
2019-10-14,9.49,9.71,9.3,9.57,0.005000000000000782,1916300,
2019-10-15,9.56,9.72,9.34,9.575,0.004999999999999005,1978200,
2019-10-16,9.63,9.8,9.56,9.61,0.03500000000000014,1841700,
2019-10-17,9.64,9.8,9.51,9.75,0.14000000000000057,2878900,
2019-10-18,9.68,9.79,9.59,9.635,-0.11500000000000021,2047200,
2019-10-21,9.78,10.17,9.7,9.87,0.23499999999999943,2532500,
2019-10-22,9.85,10.69,9.55,10.66,0.7900000000000009,4409000,
2019-10-23,10.75,10.8,10.1602,10.35,-0.3100000000000005,4608500,
2019-10-24,10.33,10.49,10.0632,10.47,0.120000000000001,2617000,
2019-10-25,10.37,10.955,10.25,10.84,0.3699999999999992,2521000,
2019-10-28,10.97,11.1,10.13,10.3,-0.5399999999999991,3428800,
2019-10-29,10.29,10.41,9.62,9.63,-0.6699999999999999,2616800,
2019-10-30,9.56,9.62,8.935,9.08,-0.5500000000000007,2476100,
2019-10-31,8.95,9.214,8.45,8.73,-0.34999999999999964,2342400,
2019-11-01,8.78,8.89,8.5,8.69,-0.040000000000000924,2389300,
2019-11-04,8.78,9.27,8.62,9.24,0.5500000000000007,2389200,
2019-11-05,9.31,9.95,9.305,9.57,0.33000000000000007,2169600,
2019-11-06,9.56,9.795,9.375,9.6,0.02999999999999936,2094700,
2019-11-07,9.7,9.89,9.19,9.285,-0.3149999999999995,2167300,
2019-11-08,9.2,9.285,8.88,9.08,-0.20500000000000007,2466100,
2019-11-11,9,9.22,8.85,9.16,0.08000000000000007,1213900,
2019-11-12,9.12,9.36,8.85,9.15,-0.009999999999999787,1669200,
2019-11-13,9.05,9.0641,8.84,8.94,-0.21000000000000085,1032800,
2019-11-14,8.78,9,8.49,8.64,-0.29999999999999893,1578400,
2019-11-15,8.77,8.84,8.215,8.72,0.08000000000000007,2472000,
2019-11-18,8.66,8.73,8.29,8.43,-0.2900000000000009,1717600,
2019-11-19,8.39,8.4,7.86,8,-0.4299999999999997,2396500,
2019-11-20,7.96,8.06,7.75,7.8,-0.20000000000000018,1517000,
2019-11-21,7.9,7.92,7.595,7.85,0.04999999999999982,1594900,
2019-11-22,7.97,8,7.65,7.84,-0.009999999999999787,1610600,
2019-11-25,7.78,8.47,7.76,8.38,0.5400000000000009,2649300,
2019-11-26,8.36,8.71,8.12,8.18,-0.20000000000000107,2665100,
2019-11-27,8.2,8.37,8.12,8.2,0.019999999999999574,1325000,
2019-11-29,8.22,8.3575,8.09,8.18,-0.019999999999999574,906300,
2019-12-02,8.21,8.25,7.75,7.84,-0.33999999999999986,2451000,
2019-12-03,7.73,7.73,7.19,7.23,-0.6099999999999994,5227300,
2019-12-04,7.29,7.43,7.14,7.215,-0.015000000000000568,6288900,
2019-12-05,6.21,7.1,5.96,6.08,-1.1349999999999998,10149800,
2019-12-06,6.13,6.79,6.045,6.69,0.6100000000000003,7646500,
2019-12-09,6.65,7.07,6.6,6.78,0.08999999999999986,4680700,
2019-12-10,6.76,6.94,6.58,6.75,-0.03000000000000025,3277400,
2019-12-11,6.73,6.8,6.48,6.59,-0.16000000000000014,3510400,
2019-12-12,6.63,6.995,6.54,6.97,0.3799999999999999,3962500,
2019-12-13,7,7.0799,6.35,6.42,-0.5499999999999998,3781300,
2019-12-16,6.48,6.82,6.45,6.455,0.03500000000000014,2767600,
2019-12-17,6.46,6.73,6.385,6.64,0.1849999999999996,3066100,
2019-12-18,6.64,6.81,6.64,6.73,0.09000000000000075,2380500,
2019-12-19,6.75,6.79,6.59,6.7,-0.03000000000000025,2254200,
2019-12-20,6.26,6.36,6.025,6.17,-0.5300000000000002,7807000,
2019-12-23,6.21,6.245,5.94,6.07,-0.09999999999999964,2731800,
2019-12-24,6.1,6.16,5.935,5.97,-0.10000000000000053,1155200,
2019-12-26,5.99,6.05,5.85,6.02,0.04999999999999982,1773800,
2019-12-27,6.45,8.9,6.02,8,1.9800000000000004,39198400,
2019-12-30,7.97,8.06,7.08,7.48,-0.5199999999999996,11903600,
2019-12-31,7.27,8.4,7.21,8.09,0.6099999999999994,8486200,
2020-01-02,8.23,8.52,7.78,8.47,0.3800000000000008,8082500,
2020-01-03,8.4,8.5257,8.045,8.1,-0.370000000000001,5313700,
2020-01-06,7.56,8.82,7.56,8.725,0.625,6746300,
2020-01-07,8.77,8.99,8.43,8.47,-0.254999999999999,6037700,
2020-01-08,8.38,8.53,8.015,8.04,-0.4300000000000015,3666100,
2020-01-09,7.99,8.05,7.46,7.76,-0.27999999999999936,13595200,
2020-01-10,7.75,7.76,7.29,7.58,-0.17999999999999972,5203200,
2020-01-13,7.59,7.65,7.2,7.34,-0.2400000000000002,3030700,
2020-01-14,7.32,7.595,7.21,7.24,-0.09999999999999964,4003300,
2020-01-15,7.41,7.45,6.915,6.995,-0.2450000000000001,3951400,
2020-01-16,6.58,6.94,6.48,6.49,-0.5049999999999999,5105200,
2020-01-17,6.46,6.54,6.23,6.4,-0.08999999999999986,5071400,
2020-01-21,6.35,6.515,6.26,6.27,-0.13000000000000078,2946600,
2020-01-22,6.3,6.46,6.23,6.255,-0.01499999999999968,4841300,
2020-01-23,6.22,6.4,6.15,6.37,0.11500000000000021,2704800,
2020-01-24,6.39,6.4,6.03,6.18,-0.1900000000000004,2942300,
2020-01-27,6,6.0127,5.65,5.66,-0.5199999999999996,4561500,
2020-01-28,5.72,5.8,5.4,5.43,-0.23000000000000043,5123500,
2020-01-29,5.43,5.56,5.25,5.45,0.020000000000000462,3795800,
2020-01-30,5.33,5.44,5.05,5.15,-0.2999999999999998,5024500,
2020-01-31,5.08,5.1399,4.8,4.93,-0.22000000000000064,4721100,
2020-02-03,4.97,5.15,4.89,5,0.07000000000000028,3354300,
2020-02-04,5.06,5.42,5.06,5.16,0.16000000000000014,3346300,
2020-02-05,5.23,5.49,5.13,5.34,0.17999999999999972,3348300,
2020-02-06,5.38,5.47,5.08,5.25,-0.08999999999999986,2747500,
2020-02-07,5.17,5.24,4.85,5.19,-0.05999999999999961,3369100,
2020-02-10,5.18,5.42,5.1,5.1,-0.09000000000000075,3035400,
2020-02-11,5.11,5.125,4.83,4.85,-0.25,3285700,
2020-02-12,4.9,5.03,4.808,4.98,0.13000000000000078,2506200,
2020-02-13,4.95,4.99,4.69,4.81,-0.17000000000000082,2926800,
2020-02-14,4.8,4.89,4.5,4.54,-0.2699999999999996,3875500,
2020-02-18,4.48,4.99,4.48,4.9,0.3600000000000003,3493300,
2020-02-19,4.94,5.13,4.73,4.955,0.054999999999999716,3032700,
2020-02-20,4.94,5.26,4.94,5.2,0.2450000000000001,3632300,
2020-02-21,5.43,5.945,5.15,5.225,0.024999999999999467,8698500,
2020-02-24,4.87,4.985,4.62,4.64,-0.585,3575100,
2020-02-25,4.71,4.77,4.31,4.35,-0.29000000000000004,2569900,
2020-02-26,4.4,4.52,4.18,4.21,-0.13999999999999968,4382900,
2020-02-27,3.99,4.34,3.8,4,-0.20999999999999996,6091000,
2020-02-28,3.97,4.38,3.82,4.29,0.29000000000000004,5410800,
2020-03-02,4.34,4.34,3.86,4.04,-0.25,3180400,
2020-03-03,4.08,4.24,3.74,3.87,-0.16999999999999993,3525800,
2020-03-04,3.96,4.04,3.79,3.955,0.08499999999999996,2845400,
2020-03-05,3.84,3.86,3.55,3.7,-0.2549999999999999,3799100,
2020-03-06,3.52,3.9,3.4501,3.65,-0.050000000000000266,2950700,
2020-03-09,3.41,3.45,3.05,3.37,-0.2799999999999998,4188500,
2020-03-10,3.52,3.6,3.09,3.59,0.21999999999999975,4175300,
2020-03-11,3.44,3.44,3.02,3.09,-0.5,4289100,
2020-03-12,2.75,2.7958,2.3,2.39,-0.6999999999999997,7845100,
2020-03-13,2.51,2.65,2.3,2.65,0.2599999999999998,6695000,
2020-03-16,1.65,3.3,1.65,2.66,0.010000000000000231,12210100,
2020-03-17,2.53,2.78,2.09,2.25,-0.41000000000000014,10404500,
2020-03-18,2.09,2.09,1,1.46,-0.79,14794900,
2020-03-19,1.49,2.07,1.24,1.73,0.27,7667400,
2020-03-20,1.9,1.9305,1.51,1.56,-0.16999999999999993,6787600,
2020-03-23,1.66,1.73,1.5,1.56,0,4470300,
2020-03-24,1.7,2.24,1.65,2.19,0.6299999999999999,5173200,
2020-03-25,2.2,2.43,1.95,2.28,0.08999999999999986,4894100,
2020-03-26,2.31,2.99,2.175,2.78,0.5,8001900,
2020-03-27,2.61,2.7,1.91,2.02,-0.7599999999999998,7399500,
2020-03-30,1.99,2.04,1.57,1.64,-0.3800000000000001,6910300,
2020-03-31,1.7,1.85,1.58,1.62,-0.019999999999999796,6031500,
2020-04-01,1.55,1.61,1.41,1.58,-0.040000000000000036,4151300,
2020-04-02,1.59,1.66,1.51,1.55,-0.030000000000000027,3217300,
2020-04-03,1.54,1.8,1.48,1.74,0.18999999999999995,5822500,
2020-04-06,1.82,2.06,1.79,2.02,0.28,5425600,
2020-04-07,2.19,2.5,1.91,1.96,-0.06000000000000005,4823300,
2020-04-08,1.99,2.61,1.96,2.47,0.5100000000000002,6299700,
2020-04-09,2.62,2.75,2.29,2.48,0.009999999999999787,4535100,
2020-04-13,2.5,2.5,2.15,2.48,0,3975700,
2020-04-14,2.54,2.91,2.41,2.9,0.41999999999999993,5179400,
2020-04-15,2.72,2.74,2.3301,2.44,-0.45999999999999996,5389000,
2020-04-16,2.53,2.6,2.21,2.23,-0.20999999999999996,3794300,
2020-04-17,2.6,2.65,2.275,2.42,0.18999999999999995,3809000,
2020-04-20,2.32,2.37,2.15,2.18,-0.23999999999999977,4218900,
2020-04-21,2.08,2.14,1.855,2,-0.18000000000000016,5300600,
2020-04-22,2.07,2.2104,2.02,2.18,0.18000000000000016,3249700,
2020-04-23,2.18,2.38,2.12,2.25,0.06999999999999984,3075300,
2020-04-24,2.3,2.4,2.24,2.36,0.10999999999999988,3457500,
2020-04-27,2.41,2.85,2.37,2.8,0.43999999999999995,5535400,
2020-04-28,3.08,3.19,2.77,3.03,0.22999999999999998,6056900,
2020-04-29,3.22,3.57,3.105,3.55,0.52,7743200,
2020-04-30,3.47,3.49,2.91,3.04,-0.5099999999999998,6107900,
2020-05-01,2.93,3,2.5501,2.82,-0.2200000000000002,5123500,
2020-05-04,2.7,3.14,2.5601,3.13,0.31000000000000005,4413600,
2020-05-05,3.38,3.45,2.81,2.865,-0.2649999999999997,4607000,
2020-05-06,3,3.04,2.76,2.9,0.0349999999999997,2101600,
2020-05-07,2.99,3.01,2.71,2.74,-0.1599999999999997,2524900,
2020-05-08,2.84,3.175,2.78,3.17,0.4299999999999997,5255400,
2020-05-11,3.15,3.15,2.91,2.98,-0.18999999999999995,2640600,
2020-05-12,3.04,3.2,2.93,2.93,-0.04999999999999982,3084200,
2020-05-13,2.95,2.95,2.63,2.74,-0.18999999999999995,2925000,
2020-05-14,2.67,2.94,2.52,2.81,0.06999999999999984,2886300,
2020-05-15,2.76,2.99,2.65,2.89,0.08000000000000007,2439700,
2020-05-18,3.14,3.22,2.97,3.07,0.17999999999999972,3990500,
2020-05-19,3.04,3.085,2.88,2.96,-0.10999999999999988,4177900,
2020-05-20,3.05,3.12,2.9,2.98,0.020000000000000018,3115300,
2020-05-21,2.98,3.06,2.78,2.94,-0.040000000000000036,3415900,
2020-05-22,2.98,3.02,2.88,2.93,-0.009999999999999787,2525800,
2020-05-26,3.09,3.44,3.02,3.19,0.2599999999999998,8330500,
2020-05-27,3.42,4.02,3.38,3.94,0.75,9277600,
2020-05-28,4,4.07,3.52,3.585,-0.355,4814300,
2020-05-29,3.62,3.9,3.48,3.86,0.2749999999999999,3425000,
2020-06-01,3.84,4.24,3.78,4.13,0.27,5174700,
2020-06-02,4.25,4.53,4.24,4.31,0.17999999999999972,5842100,
2020-06-03,4.46,4.86,4.41,4.58,0.27000000000000046,6037500,
2020-06-04,4.5,5.26,4.1525,4.99,0.41000000000000014,12722600,
2020-06-05,5.48,6.18,5.23,5.51,0.5199999999999996,9621900,
2020-06-08,7.18,8.86,6.92,8.74,3.2300000000000004,25160000,
2020-06-09,8.49,8.5,6.725,6.75,-1.9900000000000002,15409700,
2020-06-10,6.85,6.9685,6.04,6.085,-0.665,8879100,
2020-06-11,5.22,5.76,5.14,5.54,-0.5449999999999999,8102800,
2020-06-12,5.99,6.11,5.3,5.54,0,5537800,
2020-06-15,5.19,5.77,5.12,5.61,0.07000000000000028,4401900,
2020-06-16,6.08,6.195,5.71,6.17,0.5599999999999996,6272200,
2020-06-17,6.16,6.55,6.06,6.48,0.3100000000000005,6360400,
2020-06-18,6.31,6.9,6.17,6.85,0.3699999999999992,5922700,
2020-06-19,7.14,7.49,6.47,6.84,-0.009999999999999787,12915300,
2020-06-22,6.82,7.01,6.6714,6.94,0.10000000000000053,4828200,
2020-06-23,7.09,7.25,6.91,7.01,0.0699999999999994,3505900,
2020-06-24,6.9,6.95,6.4301,6.62,-0.3899999999999997,4236300,
2020-06-25,6.58,6.87,6.36,6.75,0.1299999999999999,3956800,
2020-06-26,6.63,6.73,6.4,6.5,-0.25,4443700,
2020-06-29,6.65,7.03,6.46,7.03,0.5300000000000002,4025600,
2020-06-30,6.95,7.14,6.9,7.07,0.040000000000000036,3772300,
2020-07-01,7.1,7.365,6.93,6.97,-0.10000000000000053,2717300,
2020-07-02,7.21,7.28,6.73,6.85,-0.1200000000000001,2495300,
2020-07-06,7.07,7.22,6.75,6.88,0.03000000000000025,3127900,
2020-07-07,6.75,7.03,6.64,6.9,0.020000000000000462,3511300,
2020-07-08,6.83,6.94,6.56,6.85,-0.05000000000000071,5035200,
2020-07-09,6.75,6.78,6.195,6.24,-0.6099999999999994,4241300,
2020-07-10,6.25,6.48,6.095,6.42,0.17999999999999972,2437900,
2020-07-13,6.55,6.8,6.2609,6.35,-0.07000000000000028,3802700,
2020-07-14,6.28,6.68,6.21,6.67,0.3200000000000003,2947400,
2020-07-15,6.87,7.04,6.69,6.97,0.2999999999999998,3821400,
2020-07-16,6.85,7.13,6.74,6.93,-0.040000000000000036,3022700,
2020-07-17,6.95,6.96,6.59,6.645,-0.28500000000000014,2603500,
2020-07-20,6.62,6.68,6.33,6.62,-0.024999999999999467,2570200,
2020-07-21,6.7,6.91,6.57,6.735,0.11500000000000021,2454400,
2020-07-22,6.72,6.935,6.64,6.8,0.0649999999999995,1899200,
2020-07-23,6.83,7.32,6.75,7,0.20000000000000018,4349600,
2020-07-24,7.06,7.41,6.91,7.1,0.09999999999999964,6124700,
2020-07-27,7.09,7.18,6.74,6.75,-0.34999999999999964,2850800,
2020-07-28,6.77,7.12,6.77,7.03,0.28000000000000025,2689400,
2020-07-29,6.92,7.63,6.91,7.59,0.5599999999999996,9439600,
2020-07-30,7.52,7.64,7.33,7.42,-0.16999999999999993,5633300,
2020-07-31,7.34,7.56,6.98,7.18,-0.2400000000000002,2902300,
2020-08-03,7.16,7.4,6.975,7.11,-0.0699999999999994,2972900,
2020-08-04,7.16,7.57,7.11,7.53,0.41999999999999993,1930700,
2020-08-05,7.58,8,7.54,7.935,0.40499999999999936,2576500,
2020-08-06,7.91,8.415,7.675,7.72,-0.21499999999999986,4294100,
2020-08-07,7.72,8.09,7.6,8,0.28000000000000025,2651000,
2020-08-10,8.11,8.4475,8.08,8.29,0.28999999999999915,2975400,
2020-08-11,8.5,8.785,8.03,8.08,-0.20999999999999908,4507200,
2020-08-12,8.21,8.4883,8.13,8.36,0.27999999999999936,2583600,
2020-08-13,8.27,8.52,8.095,8.165,-0.19500000000000028,2182400,
2020-08-14,8.15,8.49,7.94,8.36,0.19500000000000028,2650900,
2020-08-17,8.4,8.96,8.245,8.93,0.5700000000000003,3868200,
2020-08-18,8.95,9.17,8.76,8.89,-0.03999999999999915,3220600,
2020-08-19,8.93,9.49,8.84,9.45,0.5599999999999987,3609700,
2020-08-20,9.22,9.595,8.935,9.39,-0.05999999999999872,3769100,
2020-08-21,9.32,10.14,9.29,9.72,0.33000000000000007,4273100,
2020-08-24,9.89,10.7699,9.75,10.44,0.7199999999999989,4489600,
2020-08-25,10.47,10.5,9.985,10.46,0.02000000000000135,2706700,
2020-08-26,10.4,11.425,10.34,11.09,0.629999999999999,4957800,
2020-08-27,11.1,11.29,10.79,10.8,-0.28999999999999915,2641500,
2020-08-28,10.91,11.16,10.67,11.13,0.33000000000000007,2442500,
2020-08-31,11.24,11.5311,10.9508,11.25,0.11999999999999922,3988500,
2020-09-01,11.31,11.67,10.87,11.5,0.25,4444500,
2020-09-02,11.61,11.7,10.845,11.23,-0.2699999999999996,9035800,
2020-09-03,10.77,10.88,8.36,9.7,-1.5300000000000011,15980800,
2020-09-04,10.43,10.8,9.96,10.5,0.8000000000000007,8104000,
2020-09-08,10.19,10.72,9.97,10.43,-0.07000000000000028,4418000,
2020-09-09,10.5,10.59,10.03,10.16,-0.2699999999999996,3812200,
2020-09-10,10.39,10.71,10.19,10.19,0.02999999999999936,4437600,
2020-09-11,10.25,10.86,10.05,10.41,0.22000000000000064,4321500,
2020-09-14,10.57,10.7,10.08,10.33,-0.08000000000000007,3542200,
2020-09-15,10.36,10.36,9.71,9.93,-0.40000000000000036,3421900,
2020-09-16,10.02,10.44,9.51,10.18,0.25,3785500,
2020-09-17,9.96,10.5699,9.79,10.095,-0.08499999999999908,3045200,
2020-09-18,10.6,10.63,9.97,10.07,-0.025000000000000355,6471400,
2020-09-21,9.79,9.91,9.39,9.88,-0.1899999999999995,4055700,
2020-09-22,9.98,10.75,9.88,10.73,0.8499999999999996,6810300,
2020-09-23,10.74,11.2815,10.33,10.345,-0.3849999999999998,6050500,
2020-09-24,9.93,10.222,9.31,9.76,-0.5850000000000009,7657200,
2020-09-25,9.74,9.89,9.25,9.42,-0.33999999999999986,7481400,
2020-09-28,9.62,9.725,9.23,9.58,0.16000000000000014,6458800,
2020-09-29,9.56,9.62,9.245,9.36,-0.22000000000000064,4262500,
2020-09-30,9.39,10.12,9.37,9.655,0.29499999999999993,8110400,
2020-10-01,9.72,10.74,9.72,10.46,0.8050000000000015,6387400,
2020-10-02,9.89,9.97,9.43,9.71,-0.75,12407900,
2020-10-05,9.84,10.1,9.41,10.01,0.29999999999999893,7070400,
2020-10-06,10.05,10.26,9.75,9.78,-0.23000000000000043,4688700,
2020-10-07,9.92,10.43,9.9,10.16,0.3800000000000008,4816000,
2020-10-08,10.28,10.4601,10.04,10.24,0.08000000000000007,3598500,
2020-10-09,10.3,10.45,9.99,10.04,-0.20000000000000107,3001600,
2020-10-12,10.11,10.22,9.7789,9.94,-0.09999999999999964,4407100,
2020-10-13,9.79,10.69,9.781,10.57,0.6300000000000008,5671700,
2020-10-14,10.67,11.08,10.47,10.745,0.17499999999999893,4938300,
2020-10-15,10.52,10.8025,10.47,10.7,-0.04499999999999993,5141900,
2020-10-16,10.79,10.91,10.4,10.41,-0.28999999999999915,3970200,
2020-10-19,10.59,10.63,9.9503,10.01,-0.40000000000000036,5265400,
2020-10-20,10.11,10.1753,9.64,9.65,-0.35999999999999943,4778200,
2020-10-21,9.61,9.69,9.1,9.44,-0.21000000000000085,5337500,
2020-10-22,9.43,9.87,9.255,9.65,0.21000000000000085,4025600,
2020-10-23,9.74,9.8,9.24,9.44,-0.21000000000000085,2662200,
2020-10-26,9.31,9.39,8.84,9.03,-0.41000000000000014,3455400,
2020-10-27,8.95,8.99,8.59,8.69,-0.33999999999999986,2843600,
2020-10-28,8.18,8.95,8.16,8.845,0.15500000000000114,4380600,
2020-10-29,8.81,8.88,8.44,8.51,-0.33500000000000085,2547000,
2020-10-30,8.49,8.5,7.99,8.11,-0.40000000000000036,3377200,
2020-11-02,8.28,8.34,7.93,8.12,0.009999999999999787,3671500,
2020-11-03,8.25,8.66,8.24,8.56,0.4400000000000013,3626100,
2020-11-04,8.61,8.69,8.27,8.35,-0.21000000000000085,2346200,
2020-11-05,8.46,8.89,8.43,8.435,0.08500000000000085,3650000,
2020-11-06,8.48,8.48,8.01,8.12,-0.3150000000000013,3138600,
2020-11-09,8.67,8.75,7.65,7.65,-0.46999999999999886,7227900,
2020-11-10,7.84,7.89,7.39,7.74,0.08999999999999986,6412800,
2020-11-11,7.81,7.9701,7.49,7.685,-0.055000000000000604,4673300,
2020-11-12,7.61,7.81,7.4,7.43,-0.2549999999999999,3891700,
2020-11-13,7.51,7.755,7.38,7.67,0.2400000000000002,4066000,
2020-11-16,7.84,8.24,7.72,8.24,0.5700000000000003,4940600,
2020-11-17,8.11,8.68,8.04,8.68,0.4399999999999995,3697500,
2020-11-18,8.74,9.14,8.71,8.83,0.15000000000000036,3836100,
2020-11-19,8.85,9.46,8.83,9.39,0.5600000000000005,3316800,
2020-11-20,9.3,9.53,8.87,8.96,-0.4299999999999997,3810000,
2020-11-23,9.25,9.785,9.13,9.6,0.6399999999999988,4553100,
2020-11-24,9.76,10.025,9.45,9.9,0.3000000000000007,3995600,
2020-11-25,9.88,10.11,9.65,9.96,0.0600000000000005,2676000,
2020-11-27,9.98,10.37,9.95,10.24,0.27999999999999936,2414600,
2020-11-30,10.25,10.465,9.855,9.89,-0.34999999999999964,4234400,
2020-12-01,10.2,10.41,9.85,10.215,0.3249999999999993,5132600,
2020-12-02,10.06,10.35,9.82,10.25,0.03500000000000014,9141300,
2020-12-03,10.88,12.43,10.52,12.33,2.08,32748500,
2020-12-04,12.32,12.69,11.8,12.1,-0.23000000000000043,11549500,
2020-12-07,11.83,12.3589,11.81,12.07,-0.02999999999999936,7364400,
2020-12-08,12.03,13.2,12.0201,12.605,0.5350000000000001,8476500,
2020-12-09,12.73,12.8,12.07,12.39,-0.21499999999999986,7157700,
2020-12-10,12.11,12.9215,12.08,12.895,0.504999999999999,6070000,
2020-12-11,12.72,13.3501,12.5601,12.67,-0.22499999999999964,6248000,
2020-12-14,12.3,12.62,11.4,11.66,-1.0099999999999998,12080600,
2020-12-15,11.72,12.71,11.72,12.31,0.6500000000000004,8739800,
2020-12-16,12.3,12.56,11.94,11.96,-0.34999999999999964,6871400,
2020-12-17,12.02,12.17,11.72,11.91,-0.05000000000000071,3621000,
2020-12-18,11.94,12.24,11.62,11.63,-0.27999999999999936,7456500,
2020-12-21,11.74,11.83,11.2,11.73,0.09999999999999964,3446100,
2020-12-22,11.85,12.13,11.73,11.93,0.1999999999999993,4710700,
2020-12-23,12,12.14,11.63,11.66,-0.2699999999999996,3219200,
2020-12-24,11.69,11.82,11.295,11.45,-0.21000000000000085,2070400,
2020-12-28,11.61,11.83,11.58,11.685,0.2350000000000012,3618700,
2020-12-29,11.77,12.13,11.42,12,0.3149999999999995,3238900,
2020-12-30,12.09,12.7999,12.09,12.65,0.6500000000000004,4036800,
2020-12-31,12.59,13.04,12.4601,13.01,0.35999999999999943,3732900,
2021-01-04,13.14,13.25,12.51,13.125,0.11500000000000021,3634400,
2021-01-05,13.1,14.17,13.06,13.99,0.8650000000000002,4765700,
2021-01-06,14.17,14.915,14.05,14.65,0.6600000000000001,4713300,
2021-01-07,14.85,14.85,13.82,13.88,-0.7699999999999996,3318900,
2021-01-08,13.97,14.17,13.5648,13.86,-0.02000000000000135,2103100,
2021-01-11,13.65,14.415,13.28,14.27,0.41000000000000014,1705600,
2021-01-12,14.38,15.51,14.31,15.47,1.200000000000001,4914100,
2021-01-13,15.49,16.16,15.41,15.94,0.46999999999999886,5994900,
2021-01-14,16.05,17.9,16.01,17.47,1.5299999999999994,9268600,
2021-01-15,16.71,17.02,15.97,16.47,-1,7882400,
2021-01-19,16.7,16.93,16.125,16.37,-0.09999999999999787,3111500,
2021-01-20,15.49,16.13,15.37,15.55,-0.8200000000000003,5481700,
2021-01-21,15.45,15.67,15.205,15.37,-0.1800000000000015,5027000,
2021-01-22,15.21,15.49,14.81,15.35,-0.019999999999999574,4659400,
2021-01-25,15.38,16.89,15.33,15.42,0.07000000000000028,8907600,
2021-01-26,15.72,16.05,15.01,15.88,0.46000000000000085,5073700,
2021-01-27,15.92,17.81,15.78,16.49,0.6099999999999977,13452800,
2021-01-28,16.21,16.9,14.84,15.45,-1.0399999999999991,12571700,
2021-01-29,15.79,16.37,15.33,15.5,0.05000000000000071,4851300,
2021-02-01,15.76,15.7673,14.7801,15.33,-0.16999999999999993,3936300,
2021-02-02,15.26,15.45,14.34,14.51,-0.8200000000000003,5561800,
2021-02-03,14.46,15.47,14.41,15.25,0.7400000000000002,4547600,
2021-02-04,15.27,15.72,15.08,15.42,0.16999999999999993,3372100,
2021-02-05,15.26,16.245,15.26,16.1,0.6800000000000015,4362800,
2021-02-08,16.25,16.66,16.18,16.385,0.28500000000000014,3877600,
2021-02-09,16.53,16.655,16.01,16.5,0.11499999999999844,2782000,
2021-02-10,16.67,17.095,16.4099,16.63,0.129999999999999,2989500,
2021-02-11,16.47,16.789,15.48,15.66,-0.9699999999999989,2645900,
2021-02-12,15.53,15.89,15.41,15.59,-0.07000000000000028,1638900,
2021-02-16,16,16.09,15.05,15.42,-0.16999999999999993,2337400,
2021-02-17,15.17,15.405,14.61,15.15,-0.2699999999999996,2229200,
2021-02-18,14.81,15.23,14.46,14.91,-0.2400000000000002,2232800,
2021-02-19,15.15,15.3,14.93,15.05,0.14000000000000057,2279100,
2021-02-22,14.95,15.12,14.58,14.875,-0.1750000000000007,1997900,
2021-02-23,14.62,14.89,13.45,14.75,-0.125,2707600,
2021-02-24,14.81,15.08,14.385,14.86,0.10999999999999943,2866500,
2021-02-25,14.78,15.35,14.44,14.95,0.08999999999999986,3944800,
2021-02-26,14.87,15.7,14.82,15,0.05000000000000071,3926700,
2021-03-01,15.4,17.5,14.94,16.85,1.8500000000000014,12606000,
2021-03-02,17.06,18.99,17.04,18.02,1.1699999999999982,9063000,
2021-03-03,22.07,22.3,20,22.02,4,59384500,
2021-03-04,21.88,22.05,21.72,21.83,-0.19000000000000128,25927400,
2021-03-05,21.8,21.941,21.59,21.78,-0.04999999999999716,13206700,
2021-03-08,21.85,21.93,21.7,21.81,0.029999999999997584,8512700,
2021-03-09,21.79,22,21.79,21.95,0.14000000000000057,4630700,
2021-03-10,21.94,21.98,21.82,21.93,-0.019999999999999574,3698700,
2021-03-11,21.92,21.98,21.85,21.87,-0.05999999999999872,3054400,
2021-03-12,21.94,21.98,21.83,21.86,-0.010000000000001563,2631300,
2021-03-15,21.85,21.932,21.85,21.91,0.05000000000000071,4142500,
2021-03-16,21.94,22.42,21.88,21.91,0,7147000,
2021-03-17,21.91,21.99,21.9,21.92,0.010000000000001563,2359800,
2021-03-18,21.99,22.01,21.865,21.87,-0.05000000000000071,2609400,
2021-03-19,21.88,21.93,21.76,21.85,-0.019999999999999574,5948200,
2021-03-22,21.87,21.975,21.85,21.92,0.07000000000000028,2236900,
2021-03-23,21.88,21.91,21.85,21.88,-0.0400000000000027,4824400,
2021-03-24,21.89,21.93,21.85,21.85,-0.029999999999997584,3011900,
2021-03-25,21.86,21.98,21.85,21.95,0.09999999999999787,3398200,
2021-03-26,21.95,21.98,21.89,21.96,0.010000000000001563,3272300,
2021-03-29,21.84,21.9,21.825,21.85,-0.10999999999999943,3382500,
2021-03-30,21.88,21.92,21.84,21.88,0.029999999999997584,5035300,
2021-03-31,21.89,21.99,21.85,21.94,0.060000000000002274,4139000,
2021-04-01,21.92,21.96,21.89,21.93,-0.010000000000001563,2655600,
2021-04-05,21.92,21.97,21.91,21.96,0.030000000000001137,2415500,
2021-04-06,21.95,22.18,21.95,21.97,0.00999999999999801,3990800,
2021-04-07,21.96,21.98,21.95,21.96,-0.00999999999999801,3018700,
2021-04-08,21.96,21.99,21.95,21.97,0.00999999999999801,2833400,
2021-04-09,21.95,21.985,21.95,21.97,0,1849400,
2021-04-12,21.96,22,21.96,21.98,0.010000000000001563,3837800,
2021-04-13,21.98,22,21.97,22,0.019999999999999574,2605500,
2021-04-14,21.99,22.01,21.97,21.97,-0.030000000000001137,6679000,
Downloaded from Barchart.com as of 12-06-2025 12:31pm CST