"Symbol: NICK",,,,,,"Study: VOL (LikeMain)",
"Date Time","Open","High","Low","Close","Change","Volume","Open Interest"
2019-06-12,8.8,8.8,8.8,8.8,0,600,
2019-06-13,9.2,9.22,8.81,9.14,0.33999999999999986,700,
2019-06-14,9.04,9.27,8.84,9.2,0.05999999999999872,3600,
2019-06-17,9.01,9.04,9.01,9.04,-0.16000000000000014,1200,
2019-06-18,9.05,9.1,8.97,8.975,-0.0649999999999995,33200,
2019-06-20,9.43,9.43,8.9,9.0342,0.059200000000000585,62900,
2019-06-21,9.0702,9.23,9.0702,9.23,0.1958000000000002,1300,
2019-06-24,9.1138,9.1138,8.92,8.92,-0.3100000000000005,2400,
2019-06-25,8.96,9.04,8.9,9,0.08000000000000007,74900,
2019-06-26,8.95,9.23,8.949,9.03,0.02999999999999936,8700,
2019-06-27,9.12,9.25,9.12,9.15,0.120000000000001,7800,
2019-06-28,9.3,9.7,9.25,9.4,0.25,30500,
2019-07-01,9.4,9.4,9.155,9.3763,-0.023699999999999832,8100,
2019-07-02,9.01,9.2721,8.9801,9.035,-0.3413000000000004,8600,
2019-07-03,9.04,9.17,9.04,9.05,0.015000000000000568,11800,
2019-07-05,9.21,9.21,9.1,9.1,0.049999999999998934,1400,
2019-07-08,9.1,9.13,9.0949,9.13,0.030000000000001137,2400,
2019-07-09,9,9.11,8.95,8.95,-0.1800000000000015,5400,
2019-07-10,8.7104,9.11,8.7104,8.9,-0.049999999999998934,2800,
2019-07-11,8.8,8.9,8.8,8.8424,-0.05760000000000076,2800,
2019-07-12,8.8,8.8,8.65,8.65,-0.19239999999999924,8500,
2019-07-15,8.9011,8.9011,8.65,8.65,0,9200,
2019-07-16,8.75,8.91,8.59,8.63,-0.019999999999999574,1400,
2019-07-17,8.75,8.9,8.55,8.775,0.14499999999999957,1300,
2019-07-19,8.59,8.85,8.56,8.6264,-0.14860000000000007,1400,
2019-07-22,8.55,8.68,8.3965,8.3965,-0.22990000000000066,2800,
2019-07-23,8.41,8.9292,8.41,8.62,0.2234999999999996,2600,
2019-07-24,8.51,8.6502,8.46,8.5,-0.11999999999999922,1300,
2019-07-25,8.4,8.665,8.4,8.48,-0.019999999999999574,3400,
2019-07-26,8.48,8.7564,8.48,8.61,0.129999999999999,5200,
2019-07-29,8.61,8.94,8.61,8.65,0.040000000000000924,1900,
2019-07-30,8.65,8.88,8.65,8.7,0.049999999999998934,1300,
2019-07-31,8.64,8.79,8.38,8.38,-0.3199999999999985,11900,
2019-08-01,8.66,8.89,8.35,8.35,-0.030000000000001137,7400,
2019-08-02,8.32,8.524,8.32,8.524,0.1739999999999995,1700,
2019-08-07,8.5,8.515,8.5,8.515,-0.008999999999998565,600,
2019-08-08,8.52,8.72,8.35,8.35,-0.16500000000000092,1900,
2019-08-09,8.4742,8.4742,8.22,8.22,-0.129999999999999,3600,
2019-08-12,8.17,8.4,8.15,8.15,-0.07000000000000028,22000,
2019-08-13,8.12,8.4502,8.12,8.3601,0.21009999999999884,55400,
2019-08-14,8.12,8.29,8.11,8.15,-0.21009999999999884,36700,
2019-08-15,8.07,8.44,8.07,8.18,0.02999999999999936,12500,
2019-08-16,8.15,8.75,8.15,8.69,0.5099999999999998,42800,
2019-08-19,8.55,9,8.55,8.75,0.0600000000000005,50200,
2019-08-20,9,9.9,8.77,9.8,1.0500000000000007,40100,
2019-08-21,9.7,9.7,9.41,9.41,-0.39000000000000057,7600,
2019-08-22,9.49,9.6,9.35,9.57,0.16000000000000014,27600,
2019-08-23,9.1,9.52,9,9.42,-0.15000000000000036,31000,
2019-08-26,9.44,9.5,9.17,9.28,-0.14000000000000057,4900,
2019-08-27,9.2,9.58,8.82,9.07,-0.20999999999999908,22700,
2019-08-28,9.1,9.305,8.62,8.93,-0.14000000000000057,33500,
2019-08-29,9.06,9.28,9,9,0.07000000000000028,1900,
2019-08-30,9.159,9.44,9.159,9.25,0.25,700,
2019-09-03,9.58,9.58,9.58,9.58,0.33000000000000007,200,
2019-09-04,9.51,9.5387,9.49,9.5387,-0.04129999999999967,1300,
2019-09-05,9.36,9.4937,9.27,9.27,-0.2687000000000008,400,
2019-09-06,9.26,9.26,9.05,9.165,-0.10500000000000043,1900,
2019-09-09,9.2,9.24,9.01,9.15,-0.014999999999998792,18400,
2019-09-10,9.1455,9.48,9.1455,9.48,0.33000000000000007,400,
2019-09-11,9.2644,9.2644,9.2644,9.2644,-0.21560000000000024,200,
2019-09-12,9.2,9.26,9.04,9.09,-0.17440000000000033,800,
2019-09-13,9.1733,9.215,9.08,9.215,0.125,1400,
2019-09-16,9.03,9.03,9,9,-0.21499999999999986,1000,
2019-09-17,9,9.235,9,9.23,0.23000000000000043,2800,
2019-09-18,9.12,9.24,9.01,9.12,-0.11000000000000121,3300,
2019-09-19,9,9.24,9,9.24,0.120000000000001,8400,
2019-09-20,9.24,9.4,9.02,9.4,0.16000000000000014,5800,
2019-09-23,9.31,9.31,9.11,9.11,-0.2900000000000009,4300,
2019-09-24,9.19,9.19,8.81,8.98,-0.129999999999999,5300,
2019-09-25,8.82,9.24,8.82,8.93,-0.05000000000000071,1600,
2019-09-26,9,9.21,9,9,0.07000000000000028,2100,
2019-09-27,8.96,8.99,8.96,8.96,-0.03999999999999915,1100,
2019-09-30,9,9.0741,8.9952,9.01,0.049999999999998934,1700,
2019-10-01,8.9,9.02,8.9,9,-0.009999999999999787,1600,
2019-10-02,8.99,9.09,8.81,8.81,-0.1899999999999995,3700,
2019-10-03,8.91,9,8.91,9,0.1899999999999995,20300,
2019-10-04,8.94,8.94,8.94,8.94,-0.0600000000000005,100,
2019-10-07,8.92,9.12,8.82,8.85,-0.08999999999999986,6600,
2019-10-08,8.88,8.88,8.55,8.7973,-0.05269999999999975,13300,
2019-10-09,8.75,8.8468,8.47,8.84,0.04269999999999996,3100,
2019-10-10,8.61,8.8823,8.61,8.67,-0.16999999999999993,900,
2019-10-11,8.8055,8.8055,8.75,8.75,0.08000000000000007,600,
2019-10-14,8.53,8.53,8.53,8.53,-0.22000000000000064,400,
2019-10-15,8.55,8.55,8.55,8.55,0.02000000000000135,400,
2019-10-16,8.3672,8.67,8.3672,8.58,0.02999999999999936,58700,
2019-10-17,8.549,9.06,8.549,9.05,0.47000000000000064,10100,
2019-10-18,9.02,9.25,9.02,9.25,0.1999999999999993,2600,
2019-10-21,9,9.25,8.95,9.25,0,6700,
2019-10-22,9.11,9.11,8.8796,8.8796,-0.37040000000000006,4300,
2019-10-23,8.7868,8.7868,8.7868,8.7868,-0.09280000000000044,200,
2019-10-24,8.57,8.73,8.56,8.61,-0.17680000000000007,7000,
2019-10-25,8.6,8.67,8.53,8.6535,0.04349999999999987,4900,
2019-10-28,8.51,8.62,8.51,8.62,-0.033500000000000085,2000,
2019-10-29,8.59,8.76,8.58,8.58,-0.03999999999999915,3600,
2019-10-31,8.46,8.46,8.46,8.46,-0.11999999999999922,300,
2019-11-01,8.52,8.595,8.52,8.595,0.1349999999999998,300,
2019-11-04,8.54,8.67,8.54,8.67,0.07499999999999929,1600,
2019-11-06,8.59,8.59,8.59,8.59,-0.08000000000000007,400,
2019-11-07,8.97,8.97,8.56,8.56,-0.02999999999999936,4100,
2019-11-08,8.51,8.83,8.51,8.83,0.2699999999999996,3200,
2019-11-12,8.662,8.662,8.662,8.662,-0.16799999999999926,1400,
2019-11-13,8.66,9.11,8.6593,9.06,0.3979999999999997,35600,
2019-11-14,9.2,9.285,9.2,9.27,0.20999999999999908,5300,
2019-11-15,9.2999,9.45,9.2999,9.45,0.17999999999999972,21500,
2019-11-19,9.44,9.6,9.3,9.6,0.15000000000000036,3500,
2019-11-20,9.2,9.6,9.2,9.26,-0.33999999999999986,5300,
2019-11-21,9.23,9.23,9.1844,9.1844,-0.07559999999999967,200,
2019-11-22,9.19,9.34,9.15,9.15,-0.034399999999999764,900,
2019-11-25,8.95,9,8.83,8.83,-0.3200000000000003,3500,
2019-11-26,8.71,9.0255,8.66,9,0.16999999999999993,10400,
2019-11-27,9.05,9.05,9.05,9.05,0.05000000000000071,600,
2019-11-29,8.93,8.93,8.93,8.93,-0.120000000000001,300,
2019-12-02,9,9.059,9,9.059,0.12899999999999956,3300,
2019-12-03,8.85,9.095,8.85,9.045,-0.013999999999999346,1100,
2019-12-04,9.0651,9.0651,9,9,-0.04499999999999993,1700,
2019-12-05,8.83,8.83,8.83,8.83,-0.16999999999999993,100,
2019-12-06,9.01,9.17,8.9,9,0.16999999999999993,1900,
2019-12-09,9.14,9.14,8.85,8.85,-0.15000000000000036,500,
2019-12-10,8.9,9.08,8.67,8.67,-0.17999999999999972,1200,
2019-12-11,9.04,9.0889,8.86,9,0.33000000000000007,2800,
2019-12-12,9,9,9,9,0,1800,
2019-12-13,9,9.09,9,9.09,0.08999999999999986,2200,
2019-12-16,8.9353,9.09,8.9353,9.09,0,2500,
2019-12-17,9,9.09,9,9.09,0,5000,
2019-12-18,9.04,9.04,9.04,9.04,-0.05000000000000071,800,
2019-12-19,9.04,9.04,9.01,9.01,-0.02999999999999936,1900,
2019-12-20,8.99,9.03,8.98,9.03,0.019999999999999574,21200,
2019-12-23,9,9,8.95,8.95,-0.08000000000000007,1200,
2019-12-26,8.8351,8.8351,8.8351,8.8351,-0.11489999999999867,5500,
2019-12-27,8.8,8.82,8.55,8.55,-0.2850999999999999,27100,
2019-12-30,8.5,8.7905,8.39,8.39,-0.16000000000000014,24400,
2019-12-31,8.39,8.53,8.24,8.24,-0.15000000000000036,11600,
2020-01-02,8.43,8.4825,8.39,8.46,0.22000000000000064,4400,
2020-01-03,8.26,8.26,8.26,8.26,-0.20000000000000107,500,
2020-01-06,8.4,8.41,8.4,8.41,0.15000000000000036,2300,
2020-01-07,8.5416,8.5416,8.5416,8.5416,0.1316000000000006,500,
2020-01-08,8.26,8.5337,8.26,8.5337,-0.007900000000001128,7100,
2020-01-09,8.3,8.31,8.12,8.31,-0.22369999999999912,28500,
2020-01-10,8.2,8.22,8.12,8.21,-0.09999999999999964,2700,
2020-01-13,8.3,8.3,8.3,8.3,0.08999999999999986,600,
2020-01-14,8.21,8.21,8.21,8.21,-0.08999999999999986,500,
2020-01-15,8.44,8.44,8.24,8.24,0.02999999999999936,1700,
2020-01-16,8.42,8.5,8.4,8.4,0.16000000000000014,2100,
2020-01-17,8.45,8.46,8.4,8.41,0.009999999999999787,20800,
2020-01-21,8.42,8.51,8.42,8.44,0.02999999999999936,7900,
2020-01-22,8.51,9.02,8.51,8.98,0.5400000000000009,10700,
2020-01-23,8.76,8.76,8.76,8.76,-0.22000000000000064,400,
2020-01-27,8.75,8.88,8.61,8.61,-0.15000000000000036,1800,
2020-01-28,7.82,8.31,7.82,8.31,-0.29999999999999893,400,
2020-01-29,8.38,8.62,8.38,8.6,0.28999999999999915,1300,
2020-01-30,8.68,8.68,8.68,8.68,0.08000000000000007,400,
2020-01-31,8.5,8.5,8.45,8.5,-0.17999999999999972,24500,
2020-02-03,8.5,8.535,8.37,8.37,-0.13000000000000078,4900,
2020-02-04,8.44,8.55,8.44,8.5,0.13000000000000078,3400,
2020-02-05,8.5,8.585,8.38,8.38,-0.11999999999999922,12700,
2020-02-06,8.4,8.5327,8.16,8.16,-0.22000000000000064,158200,
2020-02-07,8.13,8.27,8.13,8.14,-0.019999999999999574,1800,
2020-02-10,8.26,8.26,8.26,8.26,0.11999999999999922,400,
2020-02-12,8.29,8.29,8.11,8.11,-0.15000000000000036,800,
2020-02-13,8.1,8.2,8.1,8.2,0.08999999999999986,11900,
2020-02-14,7.95,8.25,7.95,8.25,0.05000000000000071,3300,
2020-02-18,8,8.0727,7.93,7.93,-0.3200000000000003,13800,
2020-02-19,8.15,8.15,8.02,8.03,0.09999999999999964,3100,
2020-02-20,8.186,8.186,7.94,7.94,-0.08999999999999897,2500,
2020-02-21,8,8.15,7.95,8.15,0.20999999999999996,4000,
2020-02-24,8.15,8.15,8.01,8.01,-0.14000000000000057,15600,
2020-02-25,7.93,7.93,7.9,7.9,-0.10999999999999943,400,
2020-02-26,7.9,7.9518,7.77,7.9,0,3900,
2020-02-28,7.85,8.15,7.85,8.125,0.22499999999999964,43200,
2020-03-02,8.2,8.87,8.1,8.5,0.375,67900,
2020-03-03,8.48,8.695,8.48,8.6,0.09999999999999964,5300,
2020-03-04,8.55,8.78,8.544,8.78,0.17999999999999972,5100,
2020-03-05,8.85,9.0952,8.79,9.04,0.2599999999999998,28700,
2020-03-06,8.54,8.91,8.51,8.83,-0.20999999999999908,900,
2020-03-09,7.5501,7.5501,7.5501,7.5501,-1.2799000000000005,400,
2020-03-10,8.01,8.01,7.91,8,0.4499000000000004,6600,
2020-03-12,7.73,7.8,7.53,7.6,-0.40000000000000036,18800,
2020-03-13,7.54,7.95,7.05,7.27,-0.33000000000000007,8700,
2020-03-16,5.24,7.35,5.24,7.105,-0.16499999999999915,17000,
2020-03-17,7,7,6.41,6.5,-0.6050000000000004,5000,
2020-03-18,5.85,5.85,5,5.1001,-1.3998999999999997,19400,
2020-03-19,5.07,6.09,4.76,6.09,0.9898999999999996,6100,
2020-03-20,6.01,6.66,5.41,6,-0.08999999999999986,5700,
2020-03-23,5.1379,5.76,5.1379,5.49,-0.5099999999999998,6200,
2020-03-24,5.6517,5.6517,5.37,5.4,-0.08999999999999986,4700,
2020-03-25,5.31,5.59,5.26,5.59,0.1899999999999995,3000,
2020-03-26,5.684,6.2389,5.684,6.17,0.5800000000000001,21600,
2020-03-27,5.99,6.685,5.9,6.3984,0.22839999999999971,11500,
2020-03-30,5.96,6.21,5.62,5.71,-0.6883999999999997,1200,
2020-03-31,6.07,6.07,5.34,5.84,0.1299999999999999,2200,
2020-04-01,5.36,5.56,5.29,5.56,-0.28000000000000025,700,
2020-04-02,5.31,5.9527,5.31,5.9,0.34000000000000075,5500,
2020-04-03,5.85,5.9,5.8,5.9,0,6400,
2020-04-06,6.25,6.2527,5.8,5.9,0,10200,
2020-04-07,5.9,5.98,5.88,5.98,0.08000000000000007,9500,
2020-04-09,6.27,6.27,6.27,6.27,0.28999999999999915,1900,
2020-04-14,6.13,6.13,5.41,6,-0.2699999999999996,11900,
2020-04-15,5.5394,5.5394,5.5394,5.5394,-0.46060000000000034,1500,
2020-04-16,5.55,5.59,5.5,5.5,-0.03939999999999966,1500,
2020-04-17,5.5,6,5.5,5.8,0.2999999999999998,1200,
2020-04-20,5.51,5.605,5.51,5.605,-0.1949999999999994,1100,
2020-04-21,5.5,5.5,4.95,4.95,-0.6550000000000002,800,
2020-04-22,5.25,5.25,5.25,5.25,0.2999999999999998,500,
2020-04-23,5.1726,5.4978,5.15,5.4978,0.2477999999999998,1700,
2020-04-24,5.16,5.16,5.16,5.16,-0.33779999999999966,200,
2020-04-27,5.45,5.45,5.45,5.45,0.29000000000000004,200,
2020-04-28,5.32,5.32,5.32,5.32,-0.1299999999999999,200,
2020-04-29,5.4314,5.5027,5.2067,5.5027,0.18269999999999964,1100,
2020-05-01,5.5,5.6238,5.5,5.6238,0.12110000000000021,300,
2020-05-04,5.5973,5.6,5.5,5.565,-0.05879999999999974,1000,
2020-05-05,5.5,5.52,5.5,5.5,-0.06500000000000039,800,
2020-05-06,5.41,5.45,5.25,5.35,-0.15000000000000036,6800,
2020-05-07,5.2501,5.425,5.25,5.425,0.07500000000000018,9400,
2020-05-11,5.15,6.15,5.15,6.15,0.7250000000000005,4100,
2020-05-12,5.55,5.55,5.55,5.55,-0.6000000000000005,200,
2020-05-15,5.79,5.79,5.6,5.6,0.04999999999999982,800,
2020-05-18,5.1,5.75,5.1,5.75,0.15000000000000036,2900,
2020-05-19,5.74,5.75,5.74,5.74,-0.009999999999999787,1800,
2020-05-20,5.75,5.79,5.63,5.72,-0.020000000000000462,3300,
2020-05-21,5.8,5.8,5.5001,5.55,-0.16999999999999993,6400,
2020-05-22,6.08,6.08,5.63,5.68,0.1299999999999999,3600,
2020-05-26,5.75,5.79,5.75,5.79,0.11000000000000032,900,
2020-05-27,5.5,5.675,5.5,5.6681,-0.12190000000000012,1300,
2020-05-28,5.609,5.609,5.51,5.51,-0.15810000000000013,1500,
2020-05-29,5.5,5.6,5.11,5.45,-0.05999999999999961,2100,
2020-06-01,5.41,5.6,5.41,5.6,0.14999999999999947,3800,
2020-06-03,5.6,5.6,5.6,5.6,0,500,
2020-06-04,6.48,6.6295,6.15,6.3,0.7000000000000002,13000,
2020-06-05,6.5,6.75,6.15,6.41,0.11000000000000032,6200,
2020-06-08,6.78,7.24,6.78,7.24,0.8300000000000001,5700,
2020-06-09,8.5,8.775,7.58,8.35,1.1099999999999994,41300,
2020-06-10,8.68,8.68,8.36,8.4,0.05000000000000071,5100,
2020-06-11,7.52,7.78,7.01,7.01,-1.3900000000000006,1200,
2020-06-12,7.31,7.31,7.31,7.31,0.2999999999999998,500,
2020-06-15,7.15,7.31,7.15,7.31,0,500,
2020-06-16,7.775,8.5,7.775,8.5,1.1900000000000004,11600,
2020-06-17,8.5,8.5,7.96,8.2933,-0.20669999999999966,6000,
2020-06-18,7.65,8.02,7.65,8,-0.29330000000000034,2200,
2020-06-19,7.68,7.95,7.68,7.95,-0.04999999999999982,2500,
2020-06-22,7.82,7.82,7.8177,7.8177,-0.13229999999999986,700,
2020-06-23,7.97,7.97,7.97,7.97,0.15229999999999944,700,
2020-06-24,7.79,7.79,7.79,7.79,-0.17999999999999972,400,
2020-06-25,7.36,7.5878,7.34,7.5722,-0.21780000000000044,3900,
2020-06-26,8,8,7.325,7.5,-0.0721999999999996,3100,
2020-06-29,8,8,8,8,0.5,1000,
2020-06-30,8.05,8.05,7.4,7.4,-0.5999999999999996,1000,
2020-07-01,7.41,7.75,7.4,7.45,0.04999999999999982,2800,
2020-07-02,7.5,7.5101,7.5,7.5101,0.060100000000000264,1600,
2020-07-06,7.8,7.8,7.4,7.4,-0.11010000000000009,3500,
2020-07-07,7.3,7.5,7.28,7.5,0.09999999999999964,1900,
2020-07-08,7.35,7.5,7.35,7.5,0,700,
2020-07-09,7.75,8.75,7.75,8.39,0.8900000000000006,38100,
2020-07-10,8.06,8.35,7.914,8.3,-0.08999999999999986,33600,
2020-07-13,7.9,8.5,7.754,8.45,0.14999999999999858,44200,
2020-07-14,8.39,8.75,8.1387,8.3,-0.14999999999999858,60200,
2020-07-15,8.6,8.77,8.3,8.41,0.10999999999999943,61900,
2020-07-17,8.2,8.2,8.2,8.2,-0.21000000000000085,2700,
2020-07-20,8.38,8.39,8.2,8.2,0,10500,
2020-07-21,8.18,8.18,8.15,8.15,-0.049999999999998934,600,
2020-07-22,8.385,8.385,8.2,8.2,0.049999999999998934,3300,
2020-07-23,8.2,8.4799,8.2,8.21,0.010000000000001563,900,
2020-07-24,8.33,8.3612,8.17,8.3612,0.15119999999999933,700,
2020-07-27,8.2,8.3,8.2,8.3,-0.06119999999999948,1100,
2020-07-28,8.2,8.2,8.2,8.2,-0.10000000000000142,400,
2020-07-30,8.62,8.6232,8.409,8.409,0.2090000000000014,1400,
2020-07-31,8.23,8.31,8.15,8.16,-0.24900000000000055,1000,
2020-08-03,8.15,8.47,8.15,8.47,0.3100000000000005,1000,
2020-08-04,8.18,8.18,8.18,8.18,-0.2900000000000009,300,
2020-08-05,7.8,8.12,7.8,8,-0.17999999999999972,2200,
2020-08-06,8,8.1998,7.8874,7.8874,-0.11259999999999959,1300,
2020-08-07,7.83,8.5,7.67,8.5,0.6125999999999996,45200,
2020-08-10,8.29,8.475,8,8.32,-0.17999999999999972,8000,
2020-08-11,8.3,8.4811,8.21,8.21,-0.10999999999999943,8300,
2020-08-12,8.22,8.4,8.22,8.4,0.1899999999999995,3700,
2020-08-13,8.22,8.4,8.22,8.4,0,800,
2020-08-14,8.53,8.54,8.4,8.4,0,6300,
2020-08-19,8.05,8.21,8.05,8.21,-0.1899999999999995,5600,
2020-08-20,8,8.16,8,8.02,-0.19000000000000128,4700,
2020-08-21,8.1,8.1124,8.01,8.09,0.07000000000000028,17500,
2020-08-24,8.03,8.11,8,8.02,-0.07000000000000028,30600,
2020-08-25,8.145,8.195,8.1,8.1,0.08000000000000007,5700,
2020-08-26,8.05,8.06,8.05,8.06,-0.03999999999999915,1800,
2020-08-31,8.02,8.05,8.02,8.05,-0.009999999999999787,800,
2020-09-01,8.06,8.0601,8.06,8.0601,0.010099999999999554,800,
2020-09-03,7.9,8.0407,7.9,8.0407,-0.019400000000000972,1100,
2020-09-04,7.83,7.83,7.83,7.83,-0.21069999999999922,100,
2020-09-08,7.8,7.9899,7.65,7.75,-0.08000000000000007,11900,
2020-09-09,7.77,8.09,7.77,7.8,0.04999999999999982,4800,
2020-09-10,7.6,7.65,7.6,7.65,-0.14999999999999947,3200,
2020-09-11,7.6,7.6,7.55,7.6,-0.05000000000000071,3000,
2020-09-14,6.94,7.3,6.94,7.01,-0.5899999999999999,14700,
2020-09-15,7.16,7.25,7.047,7.17,0.16000000000000014,10800,
2020-09-16,7.25,7.64,7.25,7.49,0.3200000000000003,4500,
2020-09-17,7.3,7.61,7.26,7.49,0,6000,
2020-09-18,7.26,7.77,7.26,7.77,0.27999999999999936,17400,
2020-09-21,7.46,8.15,7.44,7.45,-0.3199999999999994,2300,
2020-09-22,7.45,7.825,7.12,7.57,0.1200000000000001,1400,
2020-09-23,7.98,7.98,7.14,7.14,-0.4300000000000006,1500,
2020-09-24,7.352,7.48,7.352,7.46,0.3200000000000003,4200,
2020-09-25,7.995,7.995,7.4,7.4,-0.05999999999999961,2300,
2020-09-28,7.685,7.685,7.38,7.52,0.11999999999999922,4800,
2020-09-30,7.25,7.39,7.25,7.27,-0.25,1600,
2020-10-01,7.36,7.37,7.35,7.35,0.08000000000000007,1000,
2020-10-02,7.25,7.25,7.25,7.25,-0.09999999999999964,200,
2020-10-05,7.26,7.26,6.94,7.1,-0.15000000000000036,4000,
2020-10-06,7.1,7.11,7.1,7.11,0.010000000000000675,700,
2020-10-08,7.25,7.25,7.25,7.25,0.13999999999999968,400,
2020-10-09,7.25,7.25,7.25,7.25,0,200,
2020-10-13,7.46,7.57,7.46,7.57,0.3200000000000003,1600,
2020-10-14,7.41,7.5,7.41,7.5,-0.07000000000000028,1400,
2020-10-15,7.45,7.9,7.45,7.9,0.40000000000000036,4100,
2020-10-16,7.6,7.81,7.6,7.8,-0.10000000000000053,5500,
2020-10-19,7.54,7.8435,7.54,7.8435,0.04349999999999987,5100,
2020-10-20,7.87,7.9237,7.8,7.82,-0.02349999999999941,1700,
2020-10-21,7.8,7.85,7.8,7.85,0.02999999999999936,1300,
2020-10-22,7.8,7.96,7.8,7.81,-0.040000000000000036,2200,
2020-10-23,7.83,7.83,7.83,7.83,0.020000000000000462,200,
2020-10-27,7.8,7.8,7.8,7.8,-0.03000000000000025,600,
2020-10-28,7.8,7.98,7.8,7.98,0.1800000000000006,3600,
2020-10-29,7.8,7.895,7.75,7.75,-0.23000000000000043,4300,
2020-10-30,8.01,8.01,8.01,8.01,0.2599999999999998,1500,
2020-11-02,8.11,8.19,8.11,8.15,0.14000000000000057,2200,
2020-11-03,8.1,8.1,7.55,7.95,-0.20000000000000018,2300,
2020-11-04,8.06,8.11,8.06,8.11,0.15999999999999925,600,
2020-11-05,8.25,8.325,7.91,7.91,-0.1999999999999993,16400,
2020-11-06,7.96,8.045,7.8,7.8,-0.11000000000000032,3800,
2020-11-09,8,8.14,7.86,7.86,0.0600000000000005,3200,
2020-11-10,7.86,8,7.86,7.87,0.009999999999999787,2200,
2020-11-11,7.8,8.01,7.8,8,0.1299999999999999,18000,
2020-11-12,8.05,8.17,7.89,8,0,52800,
2020-11-13,8.1499,8.3497,8.05,8.26,0.2599999999999998,24300,
2020-11-16,8.31,8.405,7.75,7.79,-0.46999999999999975,35200,
2020-11-17,8.1307,8.1307,7.6571,7.84,0.04999999999999982,9600,
2020-11-18,7.8,8.06,7.8,7.8,-0.040000000000000036,4400,
2020-11-19,7.93,8.04,7.7501,7.8,0,5100,
2020-11-20,7.73,8.02,7.73,7.91,0.11000000000000032,5400,
2020-11-23,7.9,7.9,7.71,7.76,-0.15000000000000036,5700,
2020-11-24,7.71,7.97,7.61,7.74,-0.019999999999999574,11900,
2020-11-25,7.82,7.84,7.7,7.7,-0.040000000000000036,1900,
2020-11-27,7.82,7.87,7.71,7.87,0.16999999999999993,6200,
2020-11-30,7.79,7.79,7.6,7.6,-0.27000000000000046,8600,
2020-12-01,7.64,7.78,7.48,7.48,-0.11999999999999922,18000,
2020-12-02,7.44,7.495,7.15,7.34,-0.14000000000000057,21200,
2020-12-03,7.35,7.58,7.22,7.51,0.16999999999999993,14800,
2020-12-04,7.54,7.72,7.54,7.72,0.20999999999999996,1800,
2020-12-07,7.5,7.87,7.5,7.84,0.1200000000000001,8000,
2020-12-08,7.5235,8,7.5235,7.97,0.1299999999999999,6200,
2020-12-09,7.99,8.54,7.86,8.25,0.28000000000000025,6900,
2020-12-10,8.5,8.5499,8.19,8.346,0.09600000000000009,53800,
2020-12-11,8.41,8.54,8.1952,8.49,0.14400000000000013,5400,
2020-12-14,8.13,8.54,8.13,8.46,-0.02999999999999936,9900,
2020-12-15,8.45,8.645,8.24,8.55,0.08999999999999986,3400,
2020-12-16,8.49,8.65,8.28,8.3,-0.25,13000,
2020-12-17,8.3,8.46,8.18,8.18,-0.120000000000001,9900,
2020-12-18,8.25,8.25,7.54,7.54,-0.6399999999999997,33600,
2020-12-21,7.75,8.18,7.75,7.78,0.2400000000000002,28900,
2020-12-22,8.25,8.25,7.75,7.75,-0.03000000000000025,12200,
2020-12-23,7.91,8.23,7.8,7.9,0.15000000000000036,10900,
2020-12-24,8.04,8.23,8.04,8.23,0.33000000000000007,1500,
2020-12-28,8.23,8.3,8.15,8.15,-0.08000000000000007,9600,
2020-12-29,8.02,8.15,8.02,8.15,0,500,
2020-12-30,8.06,8.61,8.0506,8.32,0.16999999999999993,8100,
2020-12-31,8.28,8.61,8.03,8.38,0.0600000000000005,3700,
2021-01-04,8.535,8.57,8.405,8.48,0.09999999999999964,1200,
2021-01-05,8.48,8.55,8.37,8.4,-0.08000000000000007,4000,
2021-01-06,8.5,8.51,8.37,8.37,-0.030000000000001137,6400,
2021-01-07,8.46,8.46,8.22,8.38,0.010000000000001563,6000,
2021-01-08,8.34,8.34,8.28,8.34,-0.040000000000000924,700,
2021-01-11,8.25,8.29,8.25,8.28,-0.0600000000000005,3800,
2021-01-12,8.24,8.24,8.24,8.24,-0.03999999999999915,400,
2021-01-13,8.252,8.4099,8.235,8.2508,0.010799999999999699,6300,
2021-01-15,8.39,8.57,8.32,8.4,0.14920000000000044,12900,
2021-01-19,8.68,9.06,8.36,8.85,0.4499999999999993,43500,
2021-01-20,8.7973,9.33,8.7973,8.97,0.120000000000001,6600,
2021-01-21,8.98,9.59,8.7534,9.18,0.20999999999999908,3200,
2021-01-22,8.74,9.45,8.74,8.79,-0.39000000000000057,800,
2021-01-25,8.59,8.59,8.59,8.59,-0.1999999999999993,1500,
2021-01-26,9.13,9.5,8.925,9.24,0.6500000000000004,12600,
2021-01-27,8.91,9.58,8.91,9.58,0.33999999999999986,2300,
2021-01-28,9.35,9.35,9.07,9.09,-0.4900000000000002,2000,
2021-01-29,9.065,9.31,8.8209,9.18,0.08999999999999986,8800,
2021-02-01,9.05,9.0999,8.91,8.9928,-0.18719999999999892,7300,
2021-02-02,8.96,9.07,8.87,9.04,0.047199999999998354,3200,
2021-02-03,9.19,10.4928,9.19,10.2727,1.2327000000000012,37500,
2021-02-04,10.25,10.3,10.25,10.25,-0.022700000000000387,7300,
2021-02-05,10.25,10.9999,10.04,10.8,0.5500000000000007,24300,
2021-02-08,11.14,11.49,10.79,10.84,0.03999999999999915,40400,
2021-02-09,10.93,10.9492,10.28,10.66,-0.17999999999999972,9200,
2021-02-10,10.73,10.75,10.58,10.74,0.08000000000000007,26300,
2021-02-11,10.7,10.85,10.61,10.69,-0.05000000000000071,16500,
2021-02-12,10.8,10.8,10.61,10.65,-0.03999999999999915,1500,
2021-02-16,10.7,10.86,10.69,10.74,0.08999999999999986,18700,
2021-02-17,10.74,10.78,10.7,10.73,-0.009999999999999787,3100,
2021-02-18,10.75,10.84,10.62,10.62,-0.11000000000000121,5600,
2021-02-19,10.615,10.83,10.615,10.83,0.21000000000000085,3400,
2021-02-22,10.85,10.85,10.68,10.76,-0.07000000000000028,3300,
2021-02-23,10.6,10.7871,10.1424,10.6651,-0.0948999999999991,10700,
2021-02-24,10.7,10.7,10.4985,10.4985,-0.16660000000000075,1000,
2021-02-25,10.45,10.45,10.09,10.34,-0.15850000000000009,2200,
2021-02-26,10.1,10.5704,10.1,10.26,-0.08000000000000007,2600,
2021-03-01,10.51,10.72,10.24,10.64,0.3800000000000008,5200,
2021-03-02,10.47,10.96,10.33,10.54,-0.10000000000000142,1600,
2021-03-03,10.7135,10.7135,10.5001,10.575,0.03500000000000014,2100,
2021-03-04,10.75,10.75,10.49,10.49,-0.08499999999999908,2700,
2021-03-05,10.57,10.67,10.45,10.61,0.11999999999999922,5700,
2021-03-08,10.55,10.6,10.49,10.6,-0.009999999999999787,2100,
2021-03-09,10.5,10.5,10.5,10.5,-0.09999999999999964,700,
2021-03-10,10.74,10.89,10.53,10.755,0.2550000000000008,5000,
2021-03-11,10.9156,10.9599,10.5,10.86,0.10499999999999865,6800,
2021-03-12,10.86,10.86,10.6826,10.75,-0.10999999999999943,9500,
2021-03-15,10.46,10.98,10.43,10.81,0.0600000000000005,3800,
2021-03-16,10.7058,10.7058,10.63,10.66,-0.15000000000000036,10400,
2021-03-17,10.8153,10.8599,10.65,10.65,-0.009999999999999787,17700,
2021-03-18,10.7,10.8129,10.53,10.65,0,6100,
2021-03-19,10.7,10.81,10.65,10.65,0,6900,
2021-03-22,10.65,10.65,10.53,10.53,-0.120000000000001,4800,
2021-03-23,10.52,10.94,10.5,10.5,-0.02999999999999936,15700,
2021-03-24,10.51,10.585,10.5,10.5,0,13800,
2021-03-25,10.4201,10.61,10.4201,10.61,0.10999999999999943,2400,
2021-03-26,10.55,10.55,10.4685,10.49,-0.11999999999999922,1500,
2021-03-29,10.62,10.62,10.47,10.49,0,1700,
2021-03-30,10.5,10.5,10.45,10.45,-0.040000000000000924,1500,
2021-03-31,10.46,10.57,10.44,10.57,0.120000000000001,5300,
2021-04-01,10.45,10.54,10.337,10.45,-0.120000000000001,12500,
2021-04-05,10.37,10.67,10.37,10.67,0.22000000000000064,1100,
2021-04-06,10.5799,10.5799,10.43,10.51,-0.16000000000000014,6900,
2021-04-07,10.51,10.51,10.51,10.51,0,300,
2021-04-08,10.48,10.49,10.44,10.45,-0.0600000000000005,4000,
2021-04-09,10.42,10.525,10.42,10.5,0.05000000000000071,2600,
2021-04-12,10.46,10.53,10.46,10.52,0.019999999999999574,2000,
2021-04-13,10.42,10.51,10.42,10.42,-0.09999999999999964,2500,
2021-04-14,10.5999,10.5999,10.55,10.55,0.13000000000000078,2600,
2021-04-15,10.5299,10.59,10.52,10.5658,0.015799999999998704,4400,
2021-04-16,10.5857,10.7999,10.55,10.57,0.00420000000000087,4000,
2021-04-19,10.6,10.6,10.45,10.45,-0.120000000000001,3700,
2021-04-20,10.46,10.46,10.45,10.45,0,1700,
2021-04-21,10.49,10.5,10.48,10.48,0.030000000000001137,2700,
2021-04-22,10.45,10.475,10.45,10.475,-0.005000000000000782,1500,
2021-04-23,10.42,10.455,10.42,10.42,-0.054999999999999716,3000,
2021-04-26,10.42,10.45,10.42,10.45,0.02999999999999936,6100,
2021-04-27,10.3,10.3001,10.29,10.3,-0.14999999999999858,6000,
2021-04-28,10.29,10.4,10.29,10.4,0.09999999999999964,3000,
2021-04-29,10.37,10.4326,10.35,10.35,-0.05000000000000071,2700,
2021-04-30,10.4,10.5,10.2417,10.41,0.0600000000000005,2100,
2021-05-03,10.49,10.5,10.36,10.47,0.0600000000000005,2700,
2021-05-04,10.35,10.4141,10.35,10.36,-0.11000000000000121,2100,
2021-05-05,10.34,10.4,10.2,10.3,-0.05999999999999872,16300,
2021-05-06,10.35,10.49,10.22,10.32,0.019999999999999574,1600,
2021-05-07,10.27,10.3,10.27,10.3,-0.019999999999999574,2700,
2021-05-10,10.5,10.5,10.36,10.38,0.08000000000000007,4900,
2021-05-11,10.2861,10.2861,10.2861,10.2861,-0.09390000000000143,400,
2021-05-12,10.25,10.3,10.25,10.27,-0.01609999999999978,3600,
2021-05-13,10.3299,10.3299,10.26,10.26,-0.009999999999999787,1800,
2021-05-14,10.25,10.33,10.25,10.33,0.07000000000000028,1500,
2021-05-17,10.25,10.37,10.25,10.37,0.03999999999999915,400,
2021-05-18,10.27,10.3999,10.27,10.3,-0.06999999999999851,3300,
2021-05-19,10.47,10.4899,10.25,10.25,-0.05000000000000071,1600,
2021-05-20,10.4899,10.4899,10.4899,10.4899,0.23990000000000045,1200,
2021-05-21,10.48,10.48,10.26,10.26,-0.22990000000000066,2200,
2021-05-25,10.27,10.49,10.25,10.25,-0.009999999999999787,1500,
2021-05-26,10.27,10.49,10.25,10.37,0.11999999999999922,6400,
2021-05-27,10.25,10.4,10.25,10.31,-0.05999999999999872,5200,
2021-05-28,10.3,10.56,10.26,10.5,0.1899999999999995,23100,
2021-06-01,10.42,10.9399,10.42,10.92,0.41999999999999993,6200,
2021-06-02,10.56,10.9028,10.4551,10.61,-0.3100000000000005,22600,
2021-06-03,10.58,10.8489,10.49,10.5,-0.10999999999999943,8900,
2021-06-04,10.67,11.46,10.67,11.08,0.5800000000000001,95700,
2021-06-07,10.99,11.35,10.7101,11.34,0.2599999999999998,102100,
2021-06-08,11.84,11.84,11,11.05,-0.28999999999999915,41100,
2021-06-09,11.38,11.38,11,11.21,0.16000000000000014,48900,
2021-06-10,11.43,11.43,11.1033,11.28,0.06999999999999851,16100,
2021-06-11,11.4,11.85,11.4,11.49,0.21000000000000085,13200,
2021-06-14,11.59,11.59,11.4,11.42,-0.07000000000000028,26800,
2021-06-15,11.3999,11.4312,11.22,11.35,-0.07000000000000028,13300,
2021-06-16,11.4468,11.5301,11.25,11.5,0.15000000000000036,51500,
2021-06-17,11.1682,11.481,11.1682,11.47,-0.02999999999999936,9800,
2021-06-18,11.21,11.5,11.2,11.5,0.02999999999999936,7800,
2021-06-21,11.49,11.49,11.13,11.44,-0.0600000000000005,7400,
2021-06-22,11.35,11.355,11.0201,11.33,-0.10999999999999943,7300,
2021-06-23,11.35,11.3892,11.06,11.34,0.009999999999999787,3400,
2021-06-24,11.47,11.47,11.1,11.18,-0.16000000000000014,19300,
2021-06-25,11.25,11.49,11.157,11.47,0.2900000000000009,36800,
2021-06-28,11.48,11.53,11.21,11.49,0.019999999999999574,24100,
2021-06-29,11.18,11.49,11.17,11.28,-0.21000000000000085,6700,
2021-06-30,11.13,11.3,11.11,11.2,-0.08000000000000007,5400,
2021-07-01,11.21,11.21,11.19,11.21,0.010000000000001563,1200,
2021-07-02,11.2999,11.2999,11.16,11.18,-0.030000000000001137,1100,
2021-07-06,11.2,11.3999,11.2,11.3676,0.18759999999999977,1200,
2021-07-07,11.4,11.4,11.23,11.23,-0.13759999999999906,2100,
2021-07-08,11.22,11.3159,11.11,11.11,-0.120000000000001,1000,
2021-07-09,11.11,11.14,11.11,11.1201,0.01010000000000133,3700,
2021-07-12,11.31,11.32,11.31,11.32,0.19989999999999952,1600,
2021-07-14,11.21,11.43,11.19,11.23,-0.08999999999999986,11400,
2021-07-15,11.43,11.4597,11.16,11.27,0.03999999999999915,2100,
2021-07-16,11.4537,11.4537,11.13,11.13,-0.1399999999999988,6100,
2021-07-19,11.13,11.2,10.9,10.96,-0.16999999999999993,8100,
2021-07-20,11.11,11.1986,11,11,0.03999999999999915,11500,
2021-07-21,11.0733,11.0733,10.96,10.96,-0.03999999999999915,1600,
2021-07-22,10.81,10.9,10.81,10.9,-0.0600000000000005,4000,
2021-07-23,10.8049,11.02,10.8049,11.02,0.11999999999999922,3800,
2021-07-26,11.02,11.11,11.02,11.09,0.07000000000000028,2600,
2021-07-27,11.09,11.09,10.75,10.75,-0.33999999999999986,16100,
2021-07-28,10.76,10.98,10.53,10.98,0.23000000000000043,21000,
2021-07-29,10.7,11.01,10.66,10.75,-0.23000000000000043,11800,
2021-07-30,10.98,10.9904,10.85,10.9,0.15000000000000036,7300,
2021-08-02,10.85,10.85,10.85,10.85,-0.05000000000000071,1400,
2021-08-03,10.97,11.5882,10.9,11.36,0.5099999999999998,18200,
2021-08-04,11.1209,11.55,11.1209,11.355,-0.004999999999999005,43600,
2021-08-05,11.34,11.5,11.02,11.15,-0.20500000000000007,65600,
2021-08-06,11.43,11.43,11.17,11.41,0.2599999999999998,27500,
2021-08-09,11.41,11.73,11.35,11.44,0.02999999999999936,35100,
2021-08-10,11.42,11.6,11.24,11.35,-0.08999999999999986,14100,
2021-08-11,11.36,11.55,11.36,11.43,0.08000000000000007,37000,
2021-08-12,11.37,11.94,11.25,11.5801,0.15010000000000012,40500,
2021-08-13,11.6,11.6,11.18,11.18,-0.4001000000000001,5200,
2021-08-16,10.76,11.6,10.31,11.45,0.2699999999999996,74800,
2021-08-17,11.31,11.55,11.31,11.36,-0.08999999999999986,29300,
2021-08-18,11.45,11.807,11.45,11.65,0.2900000000000009,100500,
2021-08-19,11.81,12.5,11.81,12.07,0.41999999999999993,23800,
2021-08-20,12.14,12.14,11.41,11.79,-0.28000000000000114,38700,
2021-08-23,11.72,12.14,11.72,11.95,0.16000000000000014,14900,
2021-08-24,11.96,12.2371,11.6,11.88,-0.06999999999999851,4200,
2021-08-25,11.78,12.11,11.725,11.83,-0.05000000000000071,4500,
2021-08-26,11.46,11.79,11.46,11.79,-0.040000000000000924,1800,
2021-08-27,11.72,12.01,11.58,11.66,-0.129999999999999,2500,
2021-08-30,11.71,11.71,11.62,11.7,0.03999999999999915,1200,
2021-08-31,11.78,12.27,11.55,11.58,-0.11999999999999922,2900,
2021-09-01,11.66,11.66,11.59,11.6,0.019999999999999574,2100,
2021-09-02,11.54,12.04,11.54,11.85,0.25,11600,
2021-09-03,11.77,11.77,11.595,11.62,-0.23000000000000043,2400,
2021-09-07,11.54,11.54,11.2527,11.4,-0.21999999999999886,9300,
2021-09-08,11.25,11.25,11.25,11.25,-0.15000000000000036,800,
2021-09-09,10.9239,10.9239,10.9239,10.9239,-0.3261000000000003,1884,
2021-09-10,11.14,11.4873,11.14,11.48,0.5561000000000007,3200,
2021-09-13,11.45,11.45,11.3,11.3,-0.17999999999999972,4300,
2021-09-14,11.36,11.36,11.105,11.36,0.05999999999999872,1700,
2021-09-15,11.21,11.53,11.05,11.53,0.16999999999999993,10200,
2021-09-16,11.06,11.89,11.06,11.86,0.33000000000000007,18800,
2021-09-17,11.75,11.86,11.2,11.61,-0.25,20800,
2021-09-20,11.11,11.89,11,11.89,0.28000000000000114,21300,
2021-09-21,11.83,12.18,11.4,12.18,0.28999999999999915,21600,
2021-09-22,12.15,12.4482,11.85,12,-0.17999999999999972,8100,
2021-09-23,12.08,12.3,12,12,0,4800,
2021-09-24,12.075,12.1313,12,12.075,0.07499999999999929,2600,
2021-09-27,12.15,12.15,12.05,12.05,-0.02499999999999858,3400,
2021-09-28,12.13,12.336,12.1,12.11,0.05999999999999872,2000,
2021-09-29,12.22,12.27,12.12,12.15,0.040000000000000924,3100,
2021-09-30,12.28,12.29,12.15,12.29,0.1399999999999988,1400,
2021-10-01,12.3,12.48,12,12.16,-0.129999999999999,7500,
2021-10-04,12.12,12.14,12.1,12.14,-0.019999999999999574,2000,
2021-10-05,12.13,12.365,12.13,12.26,0.11999999999999922,900,
2021-10-06,12.18,12.25,12.18,12.25,-0.009999999999999787,2800,
2021-10-07,12.15,12.15,12,12.02,-0.23000000000000043,3600,
2021-10-11,12,12.08,12,12.023,0.0030000000000001137,2600,
2021-10-12,12.03,12.25,12.01,12.25,0.2270000000000003,1500,
2021-10-13,12.33,12.3866,12.065,12.065,-0.1850000000000005,5700,
2021-10-14,11.46,12.26,11.46,12.26,0.19500000000000028,1300,
2021-10-15,12.15,12.15,12.02,12.05,-0.20999999999999908,2300,
2021-10-18,12.1,12.1,11.91,11.97,-0.08000000000000007,32000,
2021-10-19,11.97,12.11,11.97,12.11,0.1399999999999988,1500,
2021-10-20,12.1,12.1,12,12,-0.10999999999999943,1000,
2021-10-21,11.96,12.38,11.91,12,0,11000,
2021-10-22,11.7002,11.905,11.7002,11.77,-0.23000000000000043,1000,
2021-10-25,11.75,11.86,11.75,11.7678,-0.002200000000000202,8400,
2021-10-26,12.1351,12.3416,12.0274,12.15,0.382200000000001,6600,
2021-10-27,11.86,12.03,11.84,11.89,-0.2599999999999998,1300,
2021-10-28,11.8201,11.9053,11.8201,11.9,0.009999999999999787,6100,
2021-10-29,12.05,12.37,11.81,11.9,0,4100,
2021-11-01,11.625,12,11.625,11.84,-0.0600000000000005,2800,
2021-11-02,11.99,11.99,11.75,11.94,0.09999999999999964,1000,
2021-11-03,11.82,11.85,11.755,11.85,-0.08999999999999986,800,
2021-11-04,11.98,12,11.81,12,0.15000000000000036,11200,
2021-11-05,11.86,11.86,11.86,11.86,-0.14000000000000057,500,
2021-11-08,12,12.15,11.96,12,0.14000000000000057,12500,
2021-11-10,12,12.1,11.9,12.0999,0.09989999999999988,10500,
2021-11-11,12,12.5,12,12.15,0.05010000000000048,16100,
2021-11-12,12.02,12.4,11.88,12.19,0.03999999999999915,2300,
2021-11-15,12.25,12.2577,11.9173,12.01,-0.17999999999999972,8400,
2021-11-16,12.05,12.11,12,12,-0.009999999999999787,5100,
2021-11-17,12,12.0898,11.7851,11.92,-0.08000000000000007,7900,
2021-11-18,11.95,11.95,11.69,11.76,-0.16000000000000014,3200,
2021-11-19,12.0451,12.2047,12.0451,12.1,0.33999999999999986,7500,
2021-11-22,12.2,12.28,12,12,-0.09999999999999964,1000,
2021-11-23,12.02,12.03,12.02,12.02,0.019999999999999574,900,
2021-11-24,12.05,12.18,12.03,12.18,0.16000000000000014,400,
2021-11-26,12.06,12.217,12,12.02,-0.16000000000000014,1700,
2021-11-29,12,12.3,12,12,-0.019999999999999574,3600,
2021-11-30,12.085,12.085,11.85,11.88,-0.11999999999999922,5300,
2021-12-01,11.88,11.88,11.6101,11.8,-0.08000000000000007,7400,
2021-12-02,11.8,11.88,11.8,11.88,0.08000000000000007,4200,
2021-12-03,11.88,11.88,11.64,11.87,-0.010000000000001563,2700,
2021-12-06,11.88,11.88,11.63,11.8,-0.06999999999999851,2700,
2021-12-07,12.033,12.0412,12.033,12.0412,0.2411999999999992,900,
2021-12-08,11.95,11.95,11.76,11.76,-0.2812000000000001,1100,
2021-12-09,11.65,11.66,11.65,11.66,-0.09999999999999964,1600,
2021-12-10,12.005,12.005,11.61,11.685,0.025000000000000355,1700,
2021-12-13,11.6295,11.6295,11.3601,11.37,-0.3150000000000013,4700,
2021-12-14,11,11.61,10.95,11.61,0.2400000000000002,1200,
2021-12-15,11.47,11.47,11.16,11.17,-0.4399999999999995,3000,
2021-12-16,11.17,11.53,10.99,11.53,0.35999999999999943,3900,
2021-12-17,11.56,11.78,11.03,11.78,0.25,8300,
2021-12-20,11.4,11.4,11.18,11.3,-0.47999999999999865,1600,
2021-12-21,11.16,11.87,11.16,11.87,0.5699999999999985,3500,
2021-12-22,11.18,11.91,11.18,11.34,-0.5299999999999994,3100,
2021-12-23,11.5,11.5,11.35,11.35,0.009999999999999787,2200,
2021-12-27,11.27,11.37,11.27,11.37,0.019999999999999574,2900,
2021-12-29,11.32,11.3307,11.32,11.33,-0.03999999999999915,1800,
2021-12-30,11.4,11.5099,11.35,11.385,0.054999999999999716,3000,
2021-12-31,11.52,11.79,11.385,11.79,0.40499999999999936,5600,
2022-01-03,11.47,11.51,11.45,11.5,-0.28999999999999915,5100,
2022-01-04,11.5,11.53,11.5,11.51,0.009999999999999787,4200,
2022-01-05,11.7696,11.8,11.655,11.75,0.2400000000000002,7200,
2022-01-06,11.93,11.93,11.62,11.62,-0.13000000000000078,1500,
2022-01-07,11.77,11.77,11.65,11.69,0.07000000000000028,2500,
2022-01-10,11.75,11.75,11.57,11.57,-0.11999999999999922,7400,
2022-01-11,11.28,11.6722,11.28,11.67,0.09999999999999964,2100,
2022-01-12,11.69,11.74,11.55,11.55,-0.11999999999999922,6300,
2022-01-13,11.43,11.75,11.43,11.6,0.049999999999998934,5500,
2022-01-14,11.39,11.74,11.36,11.7192,0.11920000000000108,10500,
2022-01-18,11.584,11.7199,11.58,11.7199,0.000700000000000145,2900,
2022-01-19,11.53,11.66,11.5,11.66,-0.05990000000000073,2500,
2022-01-20,11.43,11.57,11.43,11.51,-0.15000000000000036,1700,
2022-01-21,11.6799,11.6799,10.85,11.165,-0.34500000000000064,63100,
2022-01-24,10.86,11.262,10.86,11.16,-0.004999999999999005,3200,
2022-01-25,10.9,11.06,10.9,11.05,-0.10999999999999943,1600,
2022-01-26,10.89,11,10.89,11,-0.05000000000000071,1400,
2022-01-27,10.95,11.31,10.67,10.95,-0.05000000000000071,11100,
2022-01-28,11.33,11.535,10.68,10.96,0.010000000000001563,11000,
2022-01-31,10.97,11.7154,10.61,10.75,-0.21000000000000085,19700,
2022-02-01,10.99,11.04,10.99,11.04,0.28999999999999915,1000,
2022-02-02,11.56,11.56,10.77,10.77,-0.2699999999999996,3500,
2022-02-03,11,11.17,11,11.1,0.33000000000000007,7300,
2022-02-04,10.71,11.0799,10.71,10.74,-0.35999999999999943,1600,
2022-02-07,10.8801,11.2,10.8801,11.1,0.35999999999999943,5500,
2022-02-08,10.87,10.87,10.87,10.87,-0.23000000000000043,300,
2022-02-09,10.98,11.51,10.98,11.5,0.6300000000000008,13900,
2022-02-10,11.06,11.88,11.06,11.78,0.27999999999999936,7400,
2022-02-11,11.37,11.8,11.36,11.79,0.009999999999999787,2800,
2022-02-14,11.58,11.8,11.43,11.57,-0.21999999999999886,7100,
2022-02-15,11.6,11.8,11.47,11.665,0.09499999999999886,1200,
2022-02-16,11.21,11.88,11.21,11.8,0.13500000000000156,5200,
2022-02-17,10.8411,11.49,10.8411,11.49,-0.3100000000000005,900,
2022-02-18,11.57,11.58,11.57,11.57,0.08000000000000007,1600,
2022-02-22,11.23,11.47,11.04,11.42,-0.15000000000000036,3600,
2022-02-23,11.39,11.582,11.39,11.44,0.019999999999999574,5600,
2022-02-24,11.36,11.6685,11.17,11.17,-0.2699999999999996,5900,
2022-02-25,11.255,11.49,11.255,11.49,0.3200000000000003,2300,
2022-02-28,11.1101,11.625,11.1101,11.16,-0.33000000000000007,3000,
2022-03-01,11.43,11.6579,11.21,11.46,0.3000000000000007,6800,
2022-03-02,11.74,11.74,11.31,11.74,0.27999999999999936,5200,
2022-03-03,11.55,11.71,11.5,11.65,-0.08999999999999986,2500,
2022-03-04,11.49,11.49,11.06,11.23,-0.41999999999999993,3800,
2022-03-07,11.24,11.54,11.002,11.23,0,4900,
2022-03-08,11.11,11.26,11.11,11.26,0.02999999999999936,3200,
2022-03-09,11.14,11.44,11.14,11.37,0.10999999999999943,3300,
2022-03-10,11.79,11.79,11.19,11.42,0.05000000000000071,4100,
2022-03-11,11.32,11.34,11.15,11.2,-0.22000000000000064,2500,
2022-03-14,11.07,11.45,11.07,11.33,0.13000000000000078,3500,
2022-03-15,11.25,11.4,11.23,11.4,0.07000000000000028,2900,
2022-03-16,11.27,11.3,10.87,10.87,-0.5300000000000011,19500,
2022-03-17,10.85,10.91,10.67,10.67,-0.1999999999999993,3700,
2022-03-18,10.74,10.88,9.5,10.88,0.21000000000000085,47600,
2022-03-21,10.75,10.75,9.99,10.4,-0.4800000000000004,38700,
2022-03-22,10.57,10.57,10.11,10.19,-0.21000000000000085,6000,
2022-03-23,10.09,10.09,10.05,10.08,-0.10999999999999943,500,
2022-03-24,10.1,10.26,10.1,10.22,0.14000000000000057,2500,
2022-03-25,10.16,10.5,10.0616,10.19,-0.030000000000001137,11800,
2022-03-28,10.1,10.29,10.1,10.29,0.09999999999999964,1900,
2022-03-29,10.1,10.34,10.1,10.17,-0.11999999999999922,2000,
2022-03-30,10.24,10.735,10.2,10.37,0.1999999999999993,4400,
2022-03-31,10.25,10.25,10.25,10.25,-0.11999999999999922,1200,
2022-04-01,10.23,10.58,10.23,10.52,0.2699999999999996,3800,
2022-04-04,10.21,10.31,10.16,10.22,-0.29999999999999893,1700,
2022-04-05,10.6909,10.6909,10.45,10.45,0.22999999999999865,3200,
2022-04-06,10.25,10.65,10.23,10.42,-0.02999999999999936,3900,
2022-04-07,10.22,10.28,10.22,10.28,-0.14000000000000057,200,
2022-04-08,10.42,10.42,10.26,10.33,0.05000000000000071,1000,
2022-04-11,10.2245,10.2245,10.15,10.15,-0.17999999999999972,1400,
2022-04-12,10.15,10.17,10.15,10.17,0.019999999999999574,300,
2022-04-14,10.29,10.29,10.29,10.29,0.11999999999999922,500,
2022-04-18,10.18,10.2,10.12,10.12,-0.16999999999999993,2500,
2022-04-19,10.67,10.67,10.35,10.35,0.23000000000000043,15700,
2022-04-20,10.55,10.64,10.41,10.62,0.2699999999999996,6300,
2022-04-22,10.16,10.16,10.12,10.12,-0.5,2700,
2022-04-25,10.05,10.39,10.05,10.37,0.25,4100,
2022-04-26,10.1627,10.1627,10.1627,10.1627,-0.20730000000000004,600,
2022-04-27,10.08,10.08,10.08,10.08,-0.08269999999999911,100,
2022-04-29,10.0878,10.2623,10.0878,10.13,0.05000000000000071,2400,
2022-05-02,10.41,10.41,10.14,10.14,0.009999999999999787,1600,
2022-05-03,10.15,10.4957,10.09,10.11,-0.030000000000001137,4300,
2022-05-04,10.31,10.75,10.29,10.75,0.6400000000000006,2500,
2022-05-05,10.59,10.59,10.03,10.36,-0.39000000000000057,3500,
2022-05-06,10.36,10.38,10.2279,10.25,-0.10999999999999943,2300,
2022-05-09,10.3,10.3,10.095,10.095,-0.15499999999999936,1100,
2022-05-10,10.144,10.144,10.14,10.14,0.04499999999999993,1200,
2022-05-11,9.94,9.94,9,9.2,-0.9400000000000013,6400,
2022-05-12,8.5,8.71,8.5,8.71,-0.48999999999999844,14000,
2022-05-13,8.9082,9.05,8.7611,8.7611,0.05109999999999992,3800,
2022-05-16,8.56,8.8662,8.56,8.85,0.08889999999999887,9500,
2022-05-17,9,9.32,8.85,9.18,0.33000000000000007,12300,
2022-05-18,8.81,9.37,8.81,9.3,0.120000000000001,2800,
2022-05-19,9.2,9.5,9.2,9.5,0.1999999999999993,8000,
2022-05-20,9.2,9.66,9.2,9.26,-0.2400000000000002,1000,
2022-05-23,9.26,9.53,9.26,9.53,0.2699999999999996,1500,
2022-05-24,9.52,9.52,9.02,9.02,-0.5099999999999998,400,
2022-05-25,9.22,9.5,9.22,9.39,0.370000000000001,2400,
2022-05-26,9.49,9.75,9.305,9.375,-0.015000000000000568,10300,
2022-05-27,9.5,10,9.4999,9.75,0.375,10300,
2022-05-31,10.0686,10.085,9.01,9.29,-0.46000000000000085,11900,
2022-06-01,8.85,9.7,8.85,9.48,0.19000000000000128,2400,
2022-06-02,9.45,10.01,9.315,9.805,0.3249999999999993,12900,
2022-06-03,10.15,10.1564,9.68,9.68,-0.125,1000,
2022-06-06,9.92,10.19,9.68,10,0.3200000000000003,4100,
2022-06-07,9.5,9.96,9.5,9.96,-0.03999999999999915,2700,
2022-06-08,9.99,10.395,9.56,10.08,0.11999999999999922,3200,
2022-06-09,10.2,10.52,10.185,10.5,0.41999999999999993,2700,
2022-06-10,10.5,10.738,10.185,10.2,-0.3000000000000007,222600,
2022-06-13,10.19,10.19,9.4808,9.9032,-0.2967999999999993,1900,
2022-06-14,9.99,10.2683,9.94,9.995,0.09179999999999922,2200,
2022-06-15,9.8334,10.08,9.53,9.865,-0.129999999999999,3900,
2022-06-16,10.37,10.37,9.9,9.9,0.03500000000000014,1800,
2022-06-17,9.54,9.9,9.06,9.07,-0.8300000000000001,32800,
2022-06-21,9.1,9.35,8.9,9.135,0.0649999999999995,2900,
2022-06-22,8.85,9.45,8.85,9.07,-0.0649999999999995,5000,
2022-06-23,9.12,9.5,8.84,9.04,-0.030000000000001137,11700,
2022-06-24,9.17,9.47,8.93,9.47,0.4300000000000015,10400,
2022-06-27,9.23,9.29,9.02,9.29,-0.1800000000000015,2500,
2022-06-28,9.3,9.3,8.88,9.09,-0.1999999999999993,1900,
2022-06-29,9.04,9.31,9.04,9.085,-0.004999999999999005,1000,
2022-06-30,9.09,9.3299,9.09,9.32,0.23499999999999943,4000,
2022-07-01,9.11,9.11,9.11,9.11,-0.21000000000000085,400,
2022-07-05,8.8982,9.15,8.8982,9.15,0.040000000000000924,1300,
2022-07-06,9.29,9.34,8.96,9.11,-0.040000000000000924,2700,
2022-07-07,9,9.205,8.84,9.12,0.009999999999999787,5300,
2022-07-08,8.91,9.1,8.91,9.1,-0.019999999999999574,4700,
2022-07-11,9.24,9.32,9.23,9.32,0.22000000000000064,2600,
2022-07-12,9.04,9.06,9.04,9.06,-0.2599999999999998,600,
2022-07-13,9.39,9.53,8.9474,8.9474,-0.11260000000000048,2000,
2022-07-14,9.11,9.83,9.11,9.83,0.8826,9500,
2022-07-15,9.67,10.1632,9.525,9.525,-0.3049999999999997,4600,
2022-07-18,9.8,9.8,9.2,9.46,-0.0649999999999995,3400,
2022-07-19,9.56,9.73,9.485,9.61,0.14999999999999858,3600,
2022-07-20,9.6,10.08,9.55,9.55,-0.05999999999999872,4100,
2022-07-21,9.22,9.64,9.22,9.64,0.08999999999999986,1300,
2022-07-22,9.55,9.55,9.41,9.51,-0.13000000000000078,4100,
2022-07-25,9.9,9.9,9.39,9.55,0.040000000000000924,1300,
2022-07-26,9.43,9.525,9.43,9.45,-0.10000000000000142,900,
2022-07-27,9.45,9.59,9.45,9.59,0.14000000000000057,600,
2022-07-28,9.31,9.49,9.2423,9.3,-0.28999999999999915,1900,
2022-07-29,9.41,9.41,9.41,9.41,0.10999999999999943,900,
2022-08-01,9.21,9.46,9.06,9.4,-0.009999999999999787,2100,
2022-08-03,9.29,9.41,9.23,9.23,-0.16999999999999993,2300,
2022-08-04,9.19,9.2994,8.9636,9.25,0.019999999999999574,5500,
2022-08-05,9.06,9.265,9.06,9.265,0.015000000000000568,1500,
2022-08-08,9.31,9.46,9.27,9.46,0.19500000000000028,2000,
2022-08-09,9.23,9.23,9.23,9.23,-0.23000000000000043,900,
2022-08-10,9.3234,9.5513,9.23,9.23,0,1200,
2022-08-11,9.21,9.48,9.21,9.48,0.25,1300,
2022-08-12,9.34,9.41,9.23,9.31,-0.16999999999999993,800,
2022-08-15,9.0295,9.31,9.0295,9.31,0,1000,
2022-08-16,9.5847,9.5847,9.22,9.22,-0.08999999999999986,3000,
2022-08-17,9.2,9.2,9.2,9.2,-0.02000000000000135,700,
2022-08-18,9.2,9.22,9.2,9.22,0.02000000000000135,1300,
2022-08-19,9.1,9.1,9.1,9.1,-0.120000000000001,700,
2022-08-22,9.02,9.021,9.02,9.021,-0.07899999999999885,1000,
2022-08-23,8.95,8.9578,8.93,8.9578,-0.06320000000000014,1300,
2022-08-24,8.9973,9.11,8.9899,9.11,0.15219999999999878,6800,
2022-08-25,8.9,9.22,8.8501,8.87,-0.2400000000000002,4000,
2022-08-26,8.91,9.237,8.91,9,0.13000000000000078,1800,
2022-08-29,9.29,9.29,8.9101,8.9101,-0.08990000000000009,1900,
2022-08-30,8.84,8.84,8.84,8.84,-0.07010000000000005,700,
2022-08-31,9.2974,9.2974,8.96,8.96,0.120000000000001,1400,
2022-09-02,8.96,8.96,8.62,8.75,-0.21000000000000085,4500,
2022-09-06,8.75,8.75,8.55,8.6,-0.15000000000000036,4300,
2022-09-07,8.65,8.65,8.25,8.305,-0.29499999999999993,7000,
2022-09-08,8.4,8.4986,8.1,8.17,-0.1349999999999998,5200,
2022-09-09,7.95,8.34,7.95,8.3299,0.15990000000000038,2800,
2022-09-12,8.33,8.33,8.04,8.04,-0.28990000000000116,1700,
2022-09-13,7.95,7.995,7.75,7.77,-0.2699999999999996,10700,
2022-09-14,7.71,7.71,7.18,7.2,-0.5699999999999994,9300,
2022-09-15,7.36,7.4533,7.02,7.29,0.08999999999999986,4400,
2022-09-16,7.18,7.1819,6.97,6.97,-0.3200000000000003,23100,
2022-09-19,6.5581,6.93,6.515,6.93,-0.040000000000000036,2700,
2022-09-20,6.93,6.93,6.38,6.52,-0.41000000000000014,15600,
2022-09-21,6.46,6.8,6.4,6.47,-0.04999999999999982,30700,
2022-09-22,6.11,6.32,6,6.12,-0.34999999999999964,15200,
2022-09-23,6.1,6.15,5.75,5.75,-0.3700000000000001,13800,
2022-09-26,5.79,5.95,5.58,5.87,0.1200000000000001,6700,
2022-09-27,6,6.3129,5.94,5.98,0.11000000000000032,16400,
2022-09-28,6.16,6.345,5.97,6.19,0.20999999999999996,5900,
2022-09-29,6.25,6.26,5.7,5.7,-0.4900000000000002,20700,
2022-09-30,5.55,6.07,5.54,5.69,-0.009999999999999787,2300,
2022-10-03,5.72,5.72,5.72,5.72,0.02999999999999936,700,
2022-10-04,5.96,6.16,5.78,5.78,0.0600000000000005,11400,
2022-10-05,5.81,6.05,5.67,5.67,-0.11000000000000032,3600,
2022-10-06,5.71,5.9894,5.23,5.49,-0.17999999999999972,44200,
2022-10-07,5.34,5.53,5.34,5.4,-0.08999999999999986,7200,
2022-10-10,5.4,5.52,5.24,5.29,-0.11000000000000032,5800,
2022-10-11,5.29,5.44,5.23,5.35,0.05999999999999961,24600,
2022-10-12,5.4799,5.4799,5.35,5.35,0,1000,
2022-10-13,5.3749,5.5101,5.25,5.5,0.15000000000000036,4500,
2022-10-14,5.37,5.6899,5.26,5.51,0.009999999999999787,28800,
2022-10-17,5.6277,5.9,5.6257,5.8,0.29000000000000004,3900,
2022-10-18,5.89,6.18,5.89,6.02,0.21999999999999975,2900,
2022-10-19,6.01,6.27,6.01,6.02,0,4500,
2022-10-20,5.96,6.27,5.96,6.27,0.25,3100,
2022-10-21,6.41,6.41,6.06,6.06,-0.20999999999999996,2700,
2022-10-24,6.22,6.37,5.95,6.37,0.3100000000000005,5900,
2022-10-25,6.37,6.99,6.02,6.99,0.6200000000000001,8800,
2022-10-26,6.74,7.31,6.71,6.76,-0.23000000000000043,15100,
2022-10-27,6.66,6.94,6.44,6.62,-0.13999999999999968,3600,
2022-10-28,6.52,7.23,6.52,6.8,0.17999999999999972,4500,
2022-10-31,6.59,7.5732,6.59,7.06,0.2599999999999998,10500,
2022-11-01,6.96,7.24,6.96,7.21,0.15000000000000036,5400,
2022-11-02,7.15,7.3,6.76,6.9776,-0.23240000000000016,7800,
2022-11-03,6.62,7.01,6.62,6.62,-0.3575999999999997,6400,
2022-11-04,6.62,6.945,6.12,6.69,0.07000000000000028,19800,
2022-11-07,6.64,6.92,6.38,6.53,-0.16000000000000014,2200,
2022-11-08,6.9,7.02,6.5,6.53,0,7500,
2022-11-09,6.35,6.65,6.35,6.52,-0.010000000000000675,2500,
2022-11-10,6.51,6.67,5.93,6.345,-0.17499999999999982,15300,
2022-11-11,6.3,6.725,5.92,6.68,0.33499999999999996,10600,
2022-11-14,6.7,6.73,6.33,6.4,-0.27999999999999936,4700,
2022-11-15,6.52,6.695,6.42,6.695,0.29499999999999993,1800,
2022-11-16,6.75,6.79,6.5,6.79,0.09499999999999975,5900,
2022-11-17,6.85,6.85,6.42,6.61,-0.17999999999999972,8100,
2022-11-18,6.65,6.75,6.04,6.04,-0.5700000000000003,59100,
2022-11-21,6.27,6.53,6.2376,6.53,0.4900000000000002,7500,
2022-11-22,6.56,6.8,6.5028,6.62,0.08999999999999986,3500,
2022-11-28,6.95,6.95,6.55,6.55,-0.07000000000000028,700,
2022-11-29,6.74,6.74,6.53,6.53,-0.019999999999999574,1700,
2022-11-30,6.53,6.8542,6.43,6.8542,0.3241999999999994,2200,
2022-12-01,6.48,6.518,6.48,6.518,-0.33619999999999983,600,
2022-12-02,6.45,6.68,6.45,6.68,0.16199999999999992,800,
2022-12-05,6.46,6.5514,6.4,6.55,-0.1299999999999999,1900,
2022-12-06,6.43,6.7,6.43,6.66,0.11000000000000032,1000,
2022-12-07,6.43,6.43,6.43,6.43,-0.23000000000000043,700,
2022-12-08,6.45,6.5,6.31,6.31,-0.1200000000000001,700,
2022-12-09,6.32,6.66,6.32,6.66,0.35000000000000053,2300,
2022-12-12,6.36,6.63,6.36,6.63,-0.03000000000000025,900,
2022-12-13,6.44,6.44,6.44,6.44,-0.1899999999999995,400,
2022-12-14,6.35,6.35,6.27,6.3,-0.14000000000000057,2300,
2022-12-15,6.1,6.55,6.1,6.54,0.2400000000000002,7400,
2022-12-16,6.49,6.54,6.21,6.36,-0.17999999999999972,6200,
2022-12-19,6.2,6.3,5.98,6.05,-0.3100000000000005,9300,
2022-12-20,6.05,6.45,6.05,6.25,0.20000000000000018,3200,
2022-12-21,6.27,6.27,6.27,6.27,0.019999999999999574,1100,
2022-12-22,5.7601,6.36,5.7601,6.03,-0.23999999999999932,7400,
2022-12-23,6,6.06,5.93,6.02,-0.010000000000000675,3800,
2022-12-27,6.12,6.21,6.05,6.21,0.1900000000000004,1200,
2022-12-28,6.02,6.22,5.8,6.11,-0.09999999999999964,7500,
2022-12-29,6.315,6.315,6.315,6.315,0.20500000000000007,500,
2022-12-30,6.61,6.61,6.3,6.3,-0.015000000000000568,1200,
2023-01-03,6.1,6.1,6.03,6.03,-0.2699999999999996,300,
2023-01-04,6.1,6.3,6.1,6.1,0.0699999999999994,3300,
2023-01-06,6.11,6.11,6.1,6.1,0,200,
2023-01-09,6.125,6.34,6.125,6.34,0.2400000000000002,1700,
2023-01-10,6.12,6.12,6.12,6.12,-0.21999999999999975,300,
2023-01-11,6.12,6.335,6.12,6.335,0.21499999999999986,601,
2023-01-12,5.91,5.91,5.91,5.91,-0.4249999999999998,700,
2023-01-13,6.4423,6.4423,6.26,6.33,0.41999999999999993,5400,
2023-01-17,6.04,6.44,6.04,6.23,-0.09999999999999964,16100,
2023-01-18,6.07,6.4,6.07,6.37,0.13999999999999968,1500,
2023-01-19,6.18,6.18,6.14,6.14,-0.23000000000000043,1200,
2023-01-23,6.06,6.31,6.06,6.127,-0.0129999999999999,1800,
2023-01-24,6.2,6.2,6.2,6.2,0.0730000000000004,500,
2023-01-25,6.21,6.25,6.21,6.25,0.04999999999999982,900,
2023-01-26,7.03,7.03,6.35,6.4,0.15000000000000036,2900,
2023-01-27,6.2,6.21,6.2,6.21,-0.1900000000000004,500,
2023-01-30,6.8299,6.8299,6.5,6.5,0.29000000000000004,1100,
2023-02-01,6.4,6.4,6.18,6.26,-0.2400000000000002,3800,
2023-02-02,6.28,6.35,6.21,6.21,-0.04999999999999982,900,
2023-02-03,6.36,7.25,6.36,6.92,0.71,5500,
2023-02-06,6.92,7.45,6.85,7.275,0.3550000000000004,15700,
2023-02-07,7.53,8.55,6.9,8.55,1.2750000000000004,23900,
2023-02-08,8.35,8.5669,7.79,7.8,-0.7500000000000009,19700,
2023-02-09,7.84,8,7.69,7.75,-0.04999999999999982,16000,
2023-02-10,7.6027,7.7,7.6027,7.7,-0.04999999999999982,4600,
2023-02-13,7.81,7.935,7.5,7.5,-0.20000000000000018,9700,
2023-02-14,7.18,7.5368,7.18,7.4,-0.09999999999999964,3300,
2023-02-15,7.37,7.37,7.01,7.29,-0.11000000000000032,15000,
2023-02-16,7.1,7.1,6.94,6.94,-0.34999999999999964,10200,
2023-02-17,6.95,7.01,6.62,6.66,-0.28000000000000025,6100,
2023-02-21,6.62,6.71,6.5,6.51,-0.15000000000000036,3900,
2023-02-22,6.6,6.7,6.06,6.06,-0.4500000000000002,8100,
2023-02-23,6.215,6.5176,6.1,6.39,0.33000000000000007,21300,
2023-02-24,6.39,6.51,6.15,6.2,-0.1899999999999995,12800,
2023-02-27,6.9924,6.9924,6.3,6.5,0.2999999999999998,2100,
2023-02-28,6.32,6.36,6.32,6.33,-0.16999999999999993,3900,
2023-03-01,6.35,6.45,6.35,6.37,0.040000000000000036,3700,
2023-03-02,6.42,6.42,6.2,6.2,-0.16999999999999993,1700,
2023-03-03,6.4,6.4,6.16,6.21,0.009999999999999787,6000,
2023-03-06,6.2,6.2,5.99,5.99,-0.21999999999999975,4100,
2023-03-07,5.99,6.42,5.88,6.05,0.05999999999999961,29400,
2023-03-08,5.95,6.165,5.69,6.165,0.11500000000000021,10600,
2023-03-09,6.14,6.14,6.14,6.14,-0.025000000000000355,1100,
2023-03-10,5.93,5.95,5.6001,5.69,-0.4499999999999993,5700,
2023-03-13,5.55,5.98,5.442,5.84,0.14999999999999947,9300,
2023-03-14,5.97,6.8,5.87,5.91,0.07000000000000028,24000,
2023-03-15,5.83,5.83,5.83,5.83,-0.08000000000000007,800,
2023-03-17,5.79,5.8972,5.33,5.36,-0.46999999999999975,12500,
2023-03-20,5.22,5.7147,5.22,5.475,0.11499999999999932,5300,
2023-03-21,5.66,5.66,5.5999,5.5999,0.12490000000000023,4300,
2023-03-22,5.45,5.575,5.0601,5.16,-0.43989999999999974,10700,
2023-03-23,5.4,5.565,5.15,5.21,0.04999999999999982,29600,
2023-03-24,5.15,5.43,5.09,5.37,0.16000000000000014,6400,
2023-03-27,5.5,5.951,5.4287,5.86,0.4900000000000002,24300,
2023-03-28,5.79,5.9458,5.595,5.67,-0.1900000000000004,24300,
2023-03-29,5.76,5.95,5.6,5.93,0.2599999999999998,9900,
2023-03-30,5.85,5.85,5.85,5.85,-0.08000000000000007,700,
2023-03-31,6.1471,6.1471,6.1471,6.1471,0.29710000000000036,200,
2023-04-03,6.41,6.41,5.77,5.77,-0.37710000000000043,3300,
2023-04-04,5.83,5.83,5.35,5.56,-0.20999999999999996,5400,
2023-04-05,5.41,5.8376,5.4,5.6941,0.1341000000000001,9100,
2023-04-06,5.52,5.9064,5.32,5.66,-0.034099999999999575,4100,
2023-04-11,5.69,5.69,5.37,5.4,-0.2599999999999998,5200,
2023-04-12,5.44,5.48,5.1135,5.15,-0.25,9600,
2023-04-13,5.22,5.3,5.04,5.25,0.09999999999999964,3300,
2023-04-14,5.13,5.15,5,5,-0.25,19000,
2023-04-17,5,5.2,4.95,5.05,0.04999999999999982,7400,
2023-04-18,4.99,5.21,4.9508,5.15,0.10000000000000053,18800,
2023-04-19,5.05,5.1322,4.97,5,-0.15000000000000036,13000,
2023-04-20,5,5.1572,5,5,0,11700,
2023-04-21,4.96,5.01,4.9209,4.94,-0.05999999999999961,4900,
2023-04-24,4.95,5.12,4.95,5.12,0.17999999999999972,1100,
2023-04-25,4.96,4.99,4.96,4.98,-0.13999999999999968,1600,
2023-04-26,4.8,4.995,4.8,4.84,-0.14000000000000057,3000,
2023-04-27,5,5.47,4.92,5.09,0.25,1200,
2023-04-28,5.08,5.08,5.08,5.08,-0.009999999999999787,400,
2023-05-01,5.3765,5.3765,4.72,4.75,-0.33000000000000007,22600,
2023-05-02,4.75,4.96,4.6,4.6,-0.15000000000000036,4300,
2023-05-03,4.73,4.75,4.55,4.55,-0.04999999999999982,4000,
2023-05-04,4.6,4.6,4.45,4.48,-0.0699999999999994,10700,
2023-05-05,4.8399,4.8399,4.37,4.51,0.02999999999999936,5300,
2023-05-08,4.7,4.7,4.45,4.45,-0.05999999999999961,3700,
2023-05-09,4.5,4.719,4.5,4.5,0.04999999999999982,6200,
2023-05-10,4.51,4.52,4.5027,4.52,0.019999999999999574,2400,
2023-05-11,4.54,4.72,4.51,4.6822,0.16220000000000034,4900,
2023-05-12,4.73,4.75,4.68,4.68,-0.002200000000000202,3200,
2023-05-15,4.58,4.625,4.5601,4.615,-0.0649999999999995,4200,
2023-05-16,4.62,4.62,4.51,4.51,-0.10500000000000043,800,
2023-05-17,4.44,4.54,4.44,4.495,-0.01499999999999968,4600,
2023-05-18,4.55,4.66,4.55,4.66,0.16500000000000004,300,
2023-05-19,4.5501,4.655,4.55,4.55,-0.11000000000000032,1300,
2023-05-22,4.5627,4.82,4.5627,4.81,0.2599999999999998,4800,
2023-05-23,4.76,4.8,4.7,4.8,-0.009999999999999787,1300,
2023-05-24,4.7273,4.775,4.71,4.775,-0.024999999999999467,1100,
2023-05-25,4.79,4.85,4.78,4.85,0.07499999999999929,800,
2023-05-26,4.73,5,4.7,4.95,0.10000000000000053,3000,
2023-05-30,4.72,4.8473,4.72,4.8473,-0.10270000000000046,700,
2023-05-31,4.7,4.7,4.6,4.63,-0.21729999999999983,2000,
2023-06-01,4.62,4.82,4.58,4.74,0.11000000000000032,8500,
2023-06-02,4.8,4.94,4.71,4.94,0.20000000000000018,900,
2023-06-05,4.76,4.99,4.71,4.71,-0.23000000000000043,1600,
2023-06-06,4.94,4.998,4.68,4.68,-0.03000000000000025,1200,
2023-06-07,4.8,5,4.8,5,0.3200000000000003,1200,
2023-06-08,4.85,4.9,4.85,4.9,-0.09999999999999964,900,
2023-06-09,4.97,4.99,4.85,4.95,0.04999999999999982,25400,
2023-06-12,4.785,4.8918,4.725,4.85,-0.10000000000000053,2300,
2023-06-13,4.71,4.9,4.71,4.8,-0.04999999999999982,4700,
2023-06-14,4.74,5,4.6886,4.83,0.03000000000000025,12700,
2023-06-15,4.9973,5.3,4.925,5.3,0.46999999999999975,8000,
2023-06-16,5.16,5.32,4.89,5.3,0,9400,
2023-06-20,5.7765,5.7765,5,5.03,-0.2699999999999996,3200,
2023-06-21,5.07,5.1806,5.07,5.1806,0.15059999999999985,500,
2023-06-22,5.26,5.26,5.25,5.25,0.0693999999999999,900,
2023-06-23,5.262,5.262,5.262,5.262,0.011999999999999567,3200,
2023-06-26,5.16,5.16,4.84,5,-0.26199999999999957,3100,
2023-06-27,5.07,5.07,4.925,5,0,4400,
2023-06-28,5,5.13,5,5.01,0.009999999999999787,16400,
2023-06-29,5.1,5.23,5,5.23,0.22000000000000064,500,
2023-06-30,5.02,5.02,4.8856,5,-0.23000000000000043,6500,
2023-07-03,5.04,5.04,4.86,4.86,-0.13999999999999968,12400,
2023-07-05,4.88,5.1553,4.88,4.975,0.11499999999999932,9400,
2023-07-06,4.88,5.1758,4.88,5,0.025000000000000355,9300,
2023-07-07,5.0367,5.0367,4.9124,4.975,-0.025000000000000355,3000,
2023-07-10,5.01,5.1044,4.8802,4.95,-0.024999999999999467,52900,
2023-07-11,5.05,5.16,5,5,0.04999999999999982,31200,
2023-07-12,5.4301,5.4301,4.9292,4.9292,-0.0708000000000002,400,
2023-07-13,4.97,5.058,4.845,4.93,0.0007999999999999119,97801,
2023-07-14,4.93,5.01,4.93,5,0.07000000000000028,27700,
2023-07-17,4.87,5,4.87,5,0,500,
2023-07-18,4.99,5.05,4.95,5.01,0.009999999999999787,10500,
2023-07-19,5.0868,5.0868,5,5.01,0,5500,
2023-07-20,5.02,5.035,4.92,4.98,-0.02999999999999936,10300,
2023-07-21,5,5,5,5,0.019999999999999574,11700,
2023-07-24,4.95,4.96,4.95,4.96,-0.040000000000000036,400,
2023-07-25,5.03,5.03,4.88,4.88,-0.08000000000000007,1000,
2023-07-26,4.92,5.1,4.92,5.1,0.21999999999999975,800,
2023-07-27,5.1,5.1,4.86,5,-0.09999999999999964,10100,
2023-07-28,5,5.08,4.84,4.84,-0.16000000000000014,3200,
2023-07-31,4.93,5.0466,4.8569,4.9,0.0600000000000005,2200,
2023-08-01,4.9,5,4.9,5,0.09999999999999964,1300,
2023-08-02,4.93,5,4.9,4.9,-0.09999999999999964,2600,
2023-08-03,5,5.08,4.9,4.9,0,5300,
2023-08-04,5.105,5.21,5.005,5.005,0.10499999999999954,3300,
2023-08-07,5.1,5.1,4.86,4.88,-0.125,3900,
2023-08-08,4.9,4.91,4.9,4.9,0.020000000000000462,3400,
2023-08-09,4.698,5.11,4.698,4.9,0,5000,
2023-08-10,4.82,4.94,4.82,4.88,-0.020000000000000462,6000,
2023-08-11,4.75,4.9,4.74,4.75,-0.1299999999999999,7100,
2023-08-14,4.71,4.76,4.605,4.74,-0.009999999999999787,7300,
2023-08-15,4.6,4.86,4.6,4.695,-0.04499999999999993,4400,
2023-08-16,4.55,4.73,4.5,4.73,0.03500000000000014,31100,
2023-08-17,4.73,5.005,4.73,4.76,0.02999999999999936,6100,
2023-08-18,4.87,5.05,4.81,4.83,0.07000000000000028,1500,
2023-08-21,4.9056,4.9056,4.69,4.75,-0.08000000000000007,12200,
2023-08-22,4.76,4.76,4.76,4.76,0.009999999999999787,400,
2023-08-23,4.93,4.94,4.54,4.94,0.1800000000000006,18700,
2023-08-24,4.92,5.0688,4.81,4.99,0.04999999999999982,20200,
2023-08-25,4.9,4.99,4.81,4.99,0,4600,
2023-08-28,4.9802,5,4.925,5,0.009999999999999787,3700,
2023-08-29,5,5.07,4.99,5.068,0.06799999999999962,8400,
2023-08-30,5.07,5.2099,5.035,5.1,0.03200000000000003,21400,
2023-08-31,5.23,5.27,5,5.03,-0.0699999999999994,4100,
2023-09-01,5.11,5.1442,5.002,5.07,0.040000000000000036,5200,
2023-09-05,5.15,5.2992,5.0075,5.05,-0.020000000000000462,5600,
2023-09-06,5.02,5.03,4.81,4.95,-0.09999999999999964,12800,
2023-09-07,4.76,4.92,4.76,4.8448,-0.10519999999999996,9500,
2023-09-08,4.8,4.85,4.72,4.75,-0.09480000000000022,2300,
2023-09-11,4.93,4.93,4.73,4.84,0.08999999999999986,2000,
2023-09-12,4.9353,4.9353,4.76,4.76,-0.08000000000000007,900,
2023-09-13,4.85,4.9,4.72,4.73,-0.02999999999999936,13700,
2023-09-14,4.825,4.888,4.8,4.8199,0.0898999999999992,1900,
2023-09-15,4.93,4.93,4.67,4.84,0.02010000000000023,16900,
2023-09-18,4.75,4.89,4.71,4.89,0.04999999999999982,5400,
2023-09-19,4.89,4.89,4.6601,4.6601,-0.22989999999999977,6000,
2023-09-20,4.74,4.865,4.74,4.75,0.08990000000000009,2200,
2023-09-21,4.8,4.8,4.7,4.77,0.019999999999999574,13100,
2023-09-22,4.8001,4.9772,4.6882,4.8222,0.052200000000000024,4200,
2023-09-25,4.85,4.9656,4.73,4.73,-0.09219999999999917,11600,
2023-09-26,4.825,4.825,4.7,4.7,-0.03000000000000025,4800,
2023-09-27,4.82,4.848,4.74,4.78,0.08000000000000007,2600,
2023-09-28,4.78,4.8473,4.78,4.78,0,1000,
2023-09-29,4.79,4.8212,4.6301,4.7801,0.00009999999999976694,2800,
2023-10-02,4.71,4.85,4.7,4.83,0.049900000000000055,1900,
2023-10-03,4.76,4.95,4.64,4.64,-0.1900000000000004,3300,
2023-10-04,4.71,4.71,4.52,4.64,0,2400,
2023-10-05,4.59,4.79,4.59,4.62,-0.019999999999999574,5100,
2023-10-06,4.69,4.75,4.6001,4.7473,0.12729999999999997,10000,
2023-10-09,4.78,4.78,4.736,4.7581,0.010799999999999699,400,
2023-10-10,4.8,4.83,4.7,4.7,-0.058099999999999596,1900,
2023-10-11,4.81,4.81,4.59,4.63,-0.07000000000000028,6200,
2023-10-12,4.96,4.96,4.64,4.65,0.020000000000000462,12800,
2023-10-13,4.76,4.76,4.6734,4.69,0.040000000000000036,4300,
2023-10-16,4.65,4.65,4.53,4.53,-0.16000000000000014,10200,
2023-10-17,4.55,4.685,4.5,4.5,-0.03000000000000025,9000,
2023-10-18,4.42,4.62,4.42,4.5,0,7000,
2023-10-19,4.6,4.68,4.59,4.59,0.08999999999999986,1200,
2023-10-20,4.56,4.8198,4.56,4.57,-0.019999999999999574,1400,
2023-10-23,4.5,4.51,4.44,4.51,-0.0600000000000005,8500,
2023-10-24,4.54,4.54,4.41,4.45,-0.05999999999999961,4100,
2023-10-25,4.4302,4.64,4.4201,4.48,0.03000000000000025,4500,
2023-10-26,4.5,4.7,4.45,4.7,0.21999999999999975,1600,
2023-10-27,4.5087,4.65,4.5087,4.51,-0.1900000000000004,1900,
2023-10-30,4.64,4.7592,4.45,4.7592,0.2492000000000001,1100,
2023-10-31,4.64,4.7,4.51,4.7,-0.0591999999999997,600,
2023-11-01,4.76,4.76,4.57,4.74,0.040000000000000036,4600,
2023-11-02,4.63,4.74,4.62,4.74,0,3000,
2023-11-03,4.73,4.768,4.5637,4.61,-0.1299999999999999,6300,
2023-11-06,4.71,4.71,4.52,4.54,-0.07000000000000028,1600,
2023-11-07,4.7,4.7,4.37,4.46,-0.08000000000000007,1200,
2023-11-08,4.48,4.59,4.4,4.47,0.009999999999999787,5500,
2023-11-09,4.55,4.55,4.48,4.48,0.010000000000000675,1700,
2023-11-10,4.47,4.5,4.42,4.45,-0.03000000000000025,3400,
2023-11-13,4.45,4.5285,4.45,4.5285,0.07850000000000001,1800,
2023-11-14,4.7,5.44,4.6,5.44,0.9115000000000002,39000,
2023-11-15,6.65,7.18,6.14,6.69,1.25,100200,
2023-11-16,6.69,6.82,6.3,6.75,0.05999999999999961,26300,
2023-11-17,6.82,6.98,6.4124,6.6,-0.15000000000000036,6000,
2023-11-20,6.61,6.74,6.545,6.545,-0.054999999999999716,4800,
2023-11-21,6.47,6.74,6.45,6.47,-0.07500000000000018,7900,
2023-11-22,6.72,6.75,6.42,6.45,-0.019999999999999574,11300,
2023-11-24,6.53,6.905,6.53,6.84,0.3899999999999997,2400,
2023-11-27,6.74,6.75,6.55,6.55,-0.29000000000000004,11400,
2023-11-28,6.625,6.8239,6.48,6.8239,0.27390000000000025,5600,
2023-11-29,6.9,7.12,6.9,7.05,0.22609999999999975,11200,
2023-11-30,6.82,7.135,6.82,7.135,0.08499999999999996,13900,
2023-12-01,7.34,7.34,7.1,7.1,-0.03500000000000014,20100,
2023-12-04,7.24,7.45,7.08,7.25,0.15000000000000036,2400,
2023-12-05,7.24,7.24,7.1575,7.18,-0.07000000000000028,4300,
2023-12-06,7.0001,7.125,7.0001,7.02,-0.16000000000000014,3100,
2023-12-07,7.1,7.17,7.1,7.1,0.08000000000000007,1400,
2023-12-08,7.0201,7.0904,6.662,6.84,-0.2599999999999998,6000,
2023-12-11,6.76,6.87,6.76,6.87,0.03000000000000025,2000,
2023-12-12,6.87,7.03,6.8101,6.83,-0.040000000000000036,8000,
2023-12-13,6.84,7,6.8,6.9,0.07000000000000028,8800,
2023-12-14,6.96,7.0001,6.96,7,0.09999999999999964,6800,
2023-12-15,6.92,7.12,6.69,6.69,-0.3099999999999996,53700,
2023-12-18,6.6,6.91,6.6,6.78,0.08999999999999986,2700,
2023-12-19,6.71,6.875,6.6505,6.795,0.01499999999999968,14700,
2023-12-20,6.56,6.8,6.475,6.5,-0.29499999999999993,6500,
2023-12-21,6.5,6.89,6.446,6.86,0.3600000000000003,16000,
2023-12-22,7.1,7.1,6.89,6.92,0.05999999999999961,6000,
2023-12-26,7,7.0043,6.7701,6.88,-0.040000000000000036,6200,
2023-12-27,6.82,6.95,6.82,6.95,0.07000000000000028,6100,
2023-12-28,6.81,7.2185,6.81,7.2,0.25,24700,
2023-12-29,7.19,7.2,6.85,6.9,-0.2999999999999998,6600,
2024-01-02,7.13,7.1652,6.85,7,0.09999999999999964,12600,
2024-01-03,7,7.095,6.8401,6.99,-0.009999999999999787,6700,
2024-01-04,7,7.08,7,7.08,0.08999999999999986,15300,
2024-01-05,7.01,7.0215,7,7,-0.08000000000000007,8800,
2024-01-08,7.01,7.072,7,7,0,1600,
2024-01-09,7,7,6.83,6.965,-0.03500000000000014,9700,
2024-01-10,6.93,7.25,6.93,7,0.03500000000000014,8200,
2024-01-11,6.98,7.03,6.98,7,0,10500,
2024-01-12,7.01,7.01,6.9,7,0,4700,
2024-01-16,6.9134,7,6.8301,6.99,-0.009999999999999787,8300,
2024-01-17,7,7.01,6.88,7.01,0.019999999999999574,6800,
2024-01-18,7,7.01,6.865,6.915,-0.09499999999999975,3100,
2024-01-19,6.98,7,6.955,6.955,0.040000000000000036,3500,
2024-01-22,6.98,7.0095,6.91,6.91,-0.04499999999999993,5100,
2024-01-23,7,7,6.98,6.98,0.07000000000000028,8300,
2024-01-24,6.93,7,6.8301,7,0.019999999999999574,1900,
2024-01-25,7.01,7.15,7,7.13,0.1299999999999999,4000,
2024-01-26,7.22,7.22,6.99,7.02,-0.11000000000000032,4900,
2024-01-29,7.0499,7.155,7.0499,7.085,0.06500000000000039,2100,
2024-01-30,7,7.2661,7,7.02,-0.06500000000000039,4700,
2024-01-31,7.3757,7.3757,7.03,7.06,0.040000000000000036,3600,
2024-02-01,7.062,7.2669,7.06,7.06,0,2300,
2024-02-02,7.01,7.1199,7.01,7.05,-0.009999999999999787,2200,
2024-02-05,7.02,7.15,6.915,7.15,0.10000000000000053,8300,
2024-02-06,6.87,7.1,6.87,7.1,-0.05000000000000071,2300,
2024-02-07,7.01,7.3,7.0011,7.25,0.15000000000000036,4800,
2024-02-08,7.1,7.12,7.1,7.12,-0.1299999999999999,1300,
2024-02-09,7,7.17,7,7.17,0.04999999999999982,1500,
2024-02-12,7.15,7.15,7.15,7.15,-0.019999999999999574,1900,
2024-02-13,7.01,7.01,6.84,6.9999,-0.15010000000000012,20600,
2024-02-14,7.01,7.132,6.97,6.97,-0.029900000000000482,5900,
2024-02-15,6.84,7,6.83,6.85,-0.1200000000000001,2500,
2024-02-16,7,7,6.82,6.94,0.09000000000000075,19400,
2024-02-20,6.915,6.9501,6.82,6.82,-0.1200000000000001,6000,
2024-02-21,6.89,7,6.83,6.83,0.009999999999999787,6900,
2024-02-22,6.93,6.99,6.82,6.98,0.15000000000000036,14500,
2024-02-23,6.98,7.35,6.92,7.09,0.10999999999999943,26200,
2024-02-26,6.88,7.1,6.88,7.025,-0.0649999999999995,6200,
2024-02-27,6.97,7.01,6.9,6.9,-0.125,1000,
2024-02-28,6.99,6.99,6.99,6.99,0.08999999999999986,400,
2024-02-29,6.93,7.1,6.93,6.95,-0.040000000000000036,3200,
2024-03-01,6.91,6.91,6.82,6.82,-0.1299999999999999,6300,
2024-03-04,6.85,6.87,6.85,6.87,0.04999999999999982,900,
2024-03-05,7.03,7.03,6.85,6.85,-0.020000000000000462,19200,
2024-03-06,7,7.01,6.93,6.95,0.10000000000000053,21900,
2024-03-07,7,7,6.915,6.983,0.032999999999999474,2100,
2024-03-08,6.9683,6.9999,6.835,6.88,-0.10299999999999976,3500,
2024-03-11,6.88,6.88,6.88,6.88,0,1400,
2024-03-12,6.991,6.991,6.83,6.87,-0.009999999999999787,2700,
2024-03-13,6.98,6.98,6.87,6.87,0,4000,
2024-03-14,6.9304,6.9304,6.9304,6.9304,0.060399999999999565,300,
2024-03-15,6.84,6.94,6.84,6.94,0.009600000000000719,3100,
2024-03-18,6.9138,6.915,6.86,6.86,-0.08000000000000007,2900,
2024-03-19,6.97,6.99,6.84,6.9,0.040000000000000036,2500,
2024-03-20,6.84,6.95,6.84,6.95,0.04999999999999982,2400,
2024-03-21,6.9808,6.9999,6.84,6.86,-0.08999999999999986,3600,
2024-03-22,6.91,6.9799,6.84,6.92,0.05999999999999961,2200,
2024-03-25,6.8201,6.9318,6.69,6.69,-0.22999999999999954,4200,
2024-03-26,6.59,6.71,6.54,6.54,-0.15000000000000036,3100,
2024-03-27,6.665,6.8,6.665,6.76,0.21999999999999975,3700,
2024-03-28,6.65,6.788,6.65,6.76,0,4300,
2024-04-01,6.5384,6.81,6.5384,6.735,-0.024999999999999467,4400,
2024-04-02,6.8196,6.8399,6.67,6.75,0.01499999999999968,3600,
2024-04-03,6.6701,6.825,6.6701,6.825,0.07500000000000018,600,
2024-04-04,6.75,6.84,6.75,6.84,0.01499999999999968,700,
2024-04-05,6.69,6.83,6.69,6.83,-0.009999999999999787,900,
2024-04-08,6.68,6.75,6.68,6.68,-0.15000000000000036,2100,
2024-04-09,6.67,6.94,6.67,6.82,0.14000000000000057,10400,
2024-04-10,6.81,6.92,6.81,6.92,0.09999999999999964,1100,
2024-04-11,6.92,6.92,6.7,6.82,-0.09999999999999964,1100,
2024-04-12,6.805,6.94,6.805,6.94,0.1200000000000001,700,
2024-04-15,6.805,6.94,6.805,6.94,0,1500,
2024-04-16,6.805,6.918,6.73,6.918,-0.02200000000000024,1900,
2024-04-17,6.805,6.886,6.805,6.886,-0.03200000000000003,700,
2024-04-18,6.73,6.9,6.635,6.74,-0.1459999999999999,9600,
2024-04-19,6.72,6.88,6.63,6.63,-0.11000000000000032,900,
2024-04-22,6.96,6.96,6.3901,6.3901,-0.23989999999999956,6400,
2024-04-24,6.8,6.8,6.55,6.59,0.19989999999999952,2000,
2024-04-25,6.31,6.68,6.31,6.68,0.08999999999999986,800,
2024-04-26,6.628,6.75,6.628,6.75,0.07000000000000028,500,
2024-04-29,6.82,6.82,6.36,6.695,-0.054999999999999716,1900,
2024-04-30,6.29,6.56,6.05,6.4399,-0.25510000000000055,9400,
2024-05-01,6.7134,6.7134,6.7134,6.7134,0.2735000000000003,400,
2024-05-02,7,7.31,6.8677,6.8677,0.1543000000000001,2100,
2024-05-03,7.55,7.55,6.8,7.06,0.19229999999999947,5400,
2024-05-06,6.89,7.03,6.63,6.63,-0.4299999999999997,2900,
2024-05-07,7,7.0001,6.85,6.85,0.21999999999999975,3200,
2024-05-08,6.49,6.5,6.4,6.4,-0.4499999999999993,10700,
2024-05-09,6.92,7.01,6.7294,6.7294,0.3293999999999997,12200,
2024-05-10,6.7966,6.7966,6.7966,6.7966,0.0671999999999997,300,
2024-05-14,6.5236,6.5236,6.5236,6.5236,-0.2729999999999997,700,
2024-05-15,6.61,6.61,6.55,6.55,0.026399999999999757,900,
2024-05-16,6.62,6.8,6.53,6.54,-0.009999999999999787,4000,
2024-05-17,6.5299,6.7,6.5299,6.59,0.04999999999999982,6200,
2024-05-22,6.55,6.55,6.55,6.55,-0.040000000000000036,100,
2024-05-23,6.56,6.77,6.5501,6.5501,0.00009999999999976694,1400,
2024-05-28,6.64,6.7265,6.56,6.7,0.1499000000000006,1700,
2024-05-29,6.615,6.6799,6.615,6.615,-0.08499999999999996,600,
2024-05-30,6.675,6.675,6.5501,6.56,-0.055000000000000604,1800,
2024-05-31,6.79,6.7999,6.57,6.57,0.010000000000000675,2500,
2024-06-03,6.68,6.74,6.55,6.74,0.16999999999999993,3800,
2024-06-04,6.584,6.675,6.55,6.6,-0.14000000000000057,4600,
2024-06-05,6.5681,6.5752,6.36,6.5,-0.09999999999999964,27800,
2024-06-06,6.2538,6.5,6.2538,6.5,0,1100,
2024-06-07,6.2601,6.4,6.2601,6.33,-0.16999999999999993,2000,
2024-06-10,6.25,6.7,6.25,6.34,0.009999999999999787,2300,
2024-06-11,6.26,6.33,6.25,6.33,-0.009999999999999787,20500,
2024-06-12,6.45,6.58,6.27,6.58,0.25,1300,
2024-06-13,6.38,6.38,6.38,6.38,-0.20000000000000018,300,
2024-06-14,6.45,6.45,6.25,6.36,-0.019999999999999574,6200,
2024-06-17,6.6561,6.6561,6.3347,6.45,0.08999999999999986,7000,
2024-06-18,6.64,6.69,6.341,6.6,0.14999999999999947,12500,
2024-06-20,6.35,6.65,6.35,6.59,-0.009999999999999787,11400,
2024-06-21,6.6,6.61,6.4001,6.59,0,7400,
2024-06-24,6.41,6.6,6.41,6.43,-0.16000000000000014,3400,
2024-06-25,6.5,6.655,6.4299,6.6,0.16999999999999993,5600,
2024-06-26,6.5,6.645,6.46,6.57,-0.02999999999999936,6500,
2024-06-27,6.44,6.6,6.44,6.57,0,5300,
2024-06-28,6.57,6.57,6.4501,6.57,0,4100,
2024-07-01,6.45,6.55,6.45,6.45,-0.1200000000000001,1600,
2024-07-02,6.67,6.67,6.41,6.41,-0.040000000000000036,18500,
2024-07-05,6.43,6.5,6.38,6.47,0.05999999999999961,2400,
2024-07-08,6.27,6.47,6.27,6.47,0,500,
2024-07-09,6.26,6.43,6.25,6.26,-0.20999999999999996,37100,
2024-07-10,6.26,6.4,6.26,6.27,0.009999999999999787,26900,
2024-07-11,6.3718,6.3718,6.35,6.35,0.08000000000000007,800,
2024-07-12,6.35,6.37,6.27,6.37,0.020000000000000462,1000,
2024-07-15,6.29,6.2903,6.26,6.26,-0.11000000000000032,3400,
2024-07-16,6.27,6.35,6.25,6.31,0.04999999999999982,19200,
2024-07-17,6.35,6.6,6.35,6.6,0.29000000000000004,6100,
2024-07-18,6.36,6.69,6.32,6.42,-0.17999999999999972,24000,
2024-07-19,6.31,6.4,6.31,6.36,-0.05999999999999961,3100,
2024-07-22,6.35,6.5792,6.3284,6.47,0.10999999999999943,6700,
2024-07-23,6.4,6.7,6.35,6.35,-0.1200000000000001,8500,
2024-07-24,6.37,6.69,6.31,6.4999,0.1499000000000006,38000,
2024-07-25,6.33,6.3647,6.33,6.3647,-0.1352000000000002,1300,
2024-07-26,6.32,6.33,6.32,6.33,-0.03469999999999995,4000,
2024-07-29,6.32,6.48,6.3,6.3719,0.04190000000000005,35900,
2024-07-30,6.505,6.505,6.3,6.3,-0.0719000000000003,28900,
2024-07-31,6.33,6.48,6.3,6.3211,0.021100000000000563,23000,
2024-08-01,6.35,6.36,5.9,5.9,-0.42110000000000003,13000,
2024-08-02,6.18,6.18,6.11,6.11,0.20999999999999996,500,
2024-08-05,5.9701,5.99,5.9701,5.99,-0.1200000000000001,900,
2024-08-06,6.05,6.07,6.012,6.07,0.08000000000000007,14000,
2024-08-07,6.09,6.31,6.09,6.28,0.20999999999999996,7600,
2024-08-08,6.11,6.3,6.1,6.1849,-0.0951000000000004,7600,
2024-08-09,6.2,6.38,6.12,6.18,-0.0049000000000001265,1300,
2024-08-12,6.3,6.3,6.09,6.13,-0.04999999999999982,10100,
2024-08-13,6.15,6.38,6.12,6.13,0,10000,
2024-08-14,6.3,6.3,6.15,6.185,0.054999999999999716,10400,
2024-08-15,6.15,6.32,6.15,6.26,0.07500000000000018,1100,
2024-08-16,6.23,6.35,6.16,6.16,-0.09999999999999964,8600,
2024-08-19,6.3,6.3,6.3,6.3,0.13999999999999968,400,
2024-08-20,6.23,6.3,6.16,6.17,-0.1299999999999999,5700,
2024-08-21,6.216,6.216,6.216,6.216,0.04600000000000026,1200,
2024-08-22,5.71,6.11,5.31,6,-0.2160000000000002,8200,
2024-08-23,6.01,6.15,5.57,5.57,-0.4299999999999997,1500,
2024-08-26,5.77,6.1624,5.68,5.86,0.29000000000000004,22600,
2024-08-27,5.37,5.738,5.37,5.55,-0.3100000000000005,2800,
2024-08-28,5.9,5.93,5.5001,5.89,0.33999999999999986,4500,
2024-08-29,5.2901,5.9,5.2901,5.7999,-0.09009999999999962,1500,
2024-08-30,5.59,5.8,5.59,5.76,-0.03990000000000027,2100,
2024-09-03,5.995,6.245,5.8,5.95,0.1900000000000004,7300,
2024-09-04,5.71,6.19,5.6168,5.785,-0.16500000000000004,12400,
2024-09-05,6.04,6.17,5.97,6.04,0.2549999999999999,17400,
2024-09-06,6.08,6.08,6.01,6.02,-0.020000000000000462,2300,
2024-09-09,6.06,6.07,6.06,6.07,0.05000000000000071,700,
2024-09-10,6.03,6.135,6.025,6.025,-0.04499999999999993,6100,
2024-09-11,6.01,6.075,6,6.06,0.034999999999999254,1400,
2024-09-12,6,6.121,6,6.1,0.040000000000000036,4600,
2024-09-13,6.12,6.2,6.1,6.13,0.03000000000000025,15300,
2024-09-16,6.13,6.15,6.1,6.1,-0.03000000000000025,17000,
2024-09-17,5.95,6.1,5.91,5.94,-0.15999999999999925,11900,
2024-09-18,5.91,6.07,5.9,5.9,-0.040000000000000036,20600,
2024-09-19,5.9,6.08,5.9,6.01,0.10999999999999943,7100,
2024-09-20,6.01,6.86,6.01,6.75,0.7400000000000002,47200,
2024-09-23,6.555,6.68,6.005,6.235,-0.5149999999999997,16900,
2024-09-24,6.12,6.15,6.05,6.05,-0.1850000000000005,7700,
2024-09-25,6.1,6.13,6.09,6.125,0.07500000000000018,4000,
2024-09-26,6.1,6.24,6.1,6.2,0.07500000000000018,7300,
2024-09-27,6.06,6.2,6.06,6.19,-0.009999999999999787,4500,
Downloaded from Barchart.com as of 12-06-2025 12:39pm CST