"Symbol: QUMU",,,,,,"Study: VOL (LikeMain)",
"Date Time","Open","High","Low","Close","Change","Volume","Open Interest"
2018-01-04,2.31,2.38,2.31,2.38,0,1000,
2018-01-05,2.36,2.39,2.36,2.39,0.010000000000000231,1000,
2018-01-08,2.37,2.38,2.3,2.38,-0.010000000000000231,700,
2018-01-09,2.37,2.44,2.35,2.35,-0.029999999999999805,400,
2018-01-10,2.32,2.32,2.06,2.28,-0.07000000000000028,46400,
2018-01-11,2.24,2.33,2.17,2.29,0.010000000000000231,36300,
2018-01-12,2.17,2.31,2.17,2.29,0,15500,
2018-01-16,2.28,2.31,2.18,2.29,0,18800,
2018-01-17,2.3,2.3,2.19,2.25,-0.040000000000000036,38300,
2018-01-18,2.24,2.24,2.1,2.14,-0.10999999999999988,35400,
2018-01-19,2.12,2.13,2.1,2.11,-0.03000000000000025,13000,
2018-01-22,2.14,2.14,2.12,2.12,0.010000000000000231,7300,
2018-01-23,2.13,2.13,2.01,2.08,-0.040000000000000036,33700,
2018-01-24,2.1,2.1,2,2.02,-0.06000000000000005,49600,
2018-01-25,2,2.01,1.91,2.01,-0.010000000000000231,38700,
2018-01-26,2,2.01,1.93,2,-0.009999999999999787,16900,
2018-01-29,1.97,1.97,1.9,1.91,-0.09000000000000008,10200,
2018-01-30,1.91,1.95,1.85,1.87,-0.039999999999999813,6900,
2018-01-31,1.86,1.89,1.82,1.82,-0.050000000000000044,5300,
2018-02-01,1.83,1.88,1.8,1.88,0.05999999999999983,20800,
2018-02-02,1.83,2,1.83,1.99,0.1100000000000001,80300,
2018-02-05,1.96,1.96,1.8,1.9,-0.09000000000000008,12300,
2018-02-06,1.86,1.93,1.81,1.85,-0.04999999999999982,17200,
2018-02-07,1.93,1.99,1.83,1.99,0.1399999999999999,7800,
2018-02-08,1.98,2.08,1.89,2.02,0.030000000000000027,59200,
2018-02-09,2.01,2.24,2,2.24,0.2200000000000002,18900,
2018-02-12,2.01,2.05,1.81,1.87,-0.3700000000000001,111500,
2018-02-13,1.91,1.95,1.8,1.8,-0.07000000000000006,39200,
2018-02-14,1.81,1.83,1.77,1.8,0,10600,
2018-02-15,1.8,1.94,1.77,1.9,0.09999999999999987,53500,
2018-02-16,1.84,1.9,1.77,1.8,-0.09999999999999987,74700,
2018-02-20,1.81,1.91,1.64,1.72,-0.08000000000000007,38300,
2018-02-21,1.7,1.74,1.65,1.74,0.020000000000000018,6600,
2018-02-22,1.71,1.72,1.65,1.7,-0.040000000000000036,4300,
2018-02-23,1.69,1.97,1.62,1.94,0.24,42800,
2018-02-26,1.98,1.98,1.85,1.91,-0.030000000000000027,4400,
2018-02-27,1.91,2,1.86,1.99,0.08000000000000007,5400,
2018-02-28,1.98,2.01,1.86,1.91,-0.08000000000000007,28600,
2018-03-01,1.92,1.95,1.81,1.86,-0.04999999999999982,15800,
2018-03-02,1.78,1.89,1.78,1.86,0,25500,
2018-03-05,2.02,2.02,1.68,1.74,-0.1200000000000001,109400,
2018-03-06,1.73,1.79,1.55,1.56,-0.17999999999999994,47200,
2018-03-07,1.6,1.75,1.54,1.61,0.050000000000000044,50700,
2018-03-08,1.5,1.61,1.5,1.52,-0.09000000000000008,12800,
2018-03-09,1.49,1.55,1.45,1.45,-0.07000000000000006,25900,
2018-03-12,1.49,1.66,1.49,1.61,0.16000000000000014,97100,
2018-03-13,1.57,1.65,1.55,1.55,-0.06000000000000005,23400,
2018-03-14,1.55,1.6,1.42,1.54,-0.010000000000000009,53600,
2018-03-15,1.59,1.7,1.5,1.64,0.09999999999999987,58000,
2018-03-16,1.64,1.75,1.6,1.72,0.08000000000000007,36200,
2018-03-19,1.69,1.72,1.66,1.7,-0.020000000000000018,12500,
2018-03-20,1.71,1.74,1.65,1.72,0.020000000000000018,36400,
2018-03-21,1.71,1.74,1.61,1.67,-0.050000000000000044,28000,
2018-03-22,1.71,1.78,1.69,1.72,0.050000000000000044,32100,
2018-03-23,1.75,1.84,1.62,1.64,-0.08000000000000007,11900,
2018-03-26,1.67,1.73,1.63,1.7,0.06000000000000005,17300,
2018-03-27,1.69,1.7,1.61,1.61,-0.08999999999999986,22000,
2018-03-28,1.62,1.85,1.62,1.73,0.11999999999999988,45400,
2018-03-29,1.72,1.86,1.72,1.76,0.030000000000000027,2100,
2018-04-02,1.75,1.86,1.74,1.86,0.10000000000000009,13600,
2018-04-03,1.78,1.84,1.72,1.72,-0.14000000000000012,1800,
2018-04-04,1.71,1.78,1.7,1.78,0.06000000000000005,10700,
2018-04-05,1.79,1.8,1.79,1.79,0.010000000000000009,400,
2018-04-06,1.8,1.82,1.8,1.82,0.030000000000000027,2300,
2018-04-09,1.82,1.85,1.8,1.81,-0.010000000000000009,6400,
2018-04-10,1.83,1.89,1.8,1.82,0.010000000000000009,23700,
2018-04-11,1.85,1.9,1.84,1.88,0.05999999999999983,34200,
2018-04-12,1.88,1.89,1.87,1.87,-0.009999999999999787,500,
2018-04-13,1.81,1.88,1.8,1.81,-0.06000000000000005,12500,
2018-04-16,1.83,1.89,1.83,1.85,0.040000000000000036,2600,
2018-04-17,1.88,1.89,1.85,1.88,0.029999999999999805,3100,
2018-04-18,1.89,1.89,1.88,1.88,0,2700,
2018-04-19,1.9,1.9,1.81,1.88,0,3500,
2018-04-20,1.82,1.84,1.78,1.79,-0.08999999999999986,27400,
2018-04-23,1.75,1.786,1.6,1.665,-0.125,48100,
2018-04-24,1.66,1.85,1.65,1.85,0.18500000000000005,6500,
2018-04-25,1.73,1.85,1.73,1.85,0,500,
2018-04-26,1.79,1.83,1.78,1.83,-0.020000000000000018,3500,
2018-04-27,1.8,1.8,1.78,1.78,-0.050000000000000044,8300,
2018-04-30,1.8,1.85,1.78,1.82,0.040000000000000036,4200,
2018-05-01,1.8,1.83,1.8,1.83,0.010000000000000009,5300,
2018-05-02,1.79,1.79,1.61,1.76,-0.07000000000000006,34700,
2018-05-03,1.8,1.85,1.74,1.84,0.08000000000000007,85200,
2018-05-04,1.78,1.85,1.78,1.84,0,18800,
2018-05-07,1.85,1.85,1.78,1.84,0,19200,
2018-05-08,1.81,1.84,1.8,1.8,-0.040000000000000036,12000,
2018-05-09,2,2.86,1.88,2.02,0.21999999999999997,1604600,
2018-05-10,1.9,2.3,1.9,2.17,0.1499999999999999,256400,
2018-05-11,2.19,2.26,2.13,2.19,0.020000000000000018,27600,
2018-05-14,2.18,2.18,2.11,2.15,-0.040000000000000036,19300,
2018-05-15,2.15,2.4,2.12,2.28,0.1299999999999999,137900,
2018-05-16,2.28,2.5,2.21,2.31,0.03000000000000025,47400,
2018-05-17,2.31,2.44,2.24,2.31,0,47400,
2018-05-18,2.25,2.45,2.19,2.39,0.08000000000000007,53900,
2018-05-21,2.42,2.45,2.37,2.45,0.06000000000000005,42200,
2018-05-22,2.42,2.48,2.25,2.41,-0.040000000000000036,27000,
2018-05-23,2.42,2.63,2.32,2.49,0.08000000000000007,72400,
2018-05-24,2.45,2.5,2.4,2.44,-0.050000000000000266,8500,
2018-05-25,2.4,2.48,2.4,2.48,0.040000000000000036,5100,
2018-05-29,2.45,2.48,2.3,2.36,-0.1200000000000001,61900,
2018-05-30,2.42,2.48,2.32,2.32,-0.040000000000000036,19700,
2018-05-31,2.34,2.34,2.19,2.29,-0.029999999999999805,27000,
2018-06-01,2.36,2.36,2.23,2.23,-0.06000000000000005,6300,
2018-06-04,2.2,2.26,2.16,2.22,-0.009999999999999787,26100,
2018-06-05,2.21,2.22,2.06,2.18,-0.040000000000000036,74700,
2018-06-06,2.15,2.24,2.14,2.21,0.029999999999999805,13600,
2018-06-07,2.19,2.24,2.16,2.24,0.03000000000000025,10000,
2018-06-08,2.22,2.22,2.15,2.15,-0.0900000000000003,5200,
2018-06-11,2.16,2.2,2.15,2.15,0,7500,
2018-06-12,2.11,2.23,2.04,2.05,-0.10000000000000009,31800,
2018-06-13,2.12,2.2,2.06,2.2,0.15000000000000036,25400,
2018-06-14,2.16,2.22,2.16,2.21,0.009999999999999787,4500,
2018-06-15,2.21,2.25,2.195,2.25,0.040000000000000036,9300,
2018-06-18,2.25,2.35,2.18,2.26,0.009999999999999787,28700,
2018-06-19,2.39,2.39,2.25,2.3,0.040000000000000036,16000,
2018-06-20,2.31,2.4,2.28,2.28,-0.020000000000000018,7700,
2018-06-21,2.22,2.28,2.15,2.28,0,13700,
2018-06-22,2.27,2.27,2.15,2.15,-0.1299999999999999,800,
2018-06-25,2.15,2.21,2.1,2.19,0.040000000000000036,34600,
2018-06-26,2.16,2.21,2.15,2.19,0,10400,
2018-06-27,2.17,2.21,2.17,2.19,0,5600,
2018-06-28,2.1,2.19,2.1,2.14,-0.04999999999999982,19300,
2018-06-29,2.15,2.22,2.13,2.2,0.06000000000000005,7000,
2018-07-02,2.13,2.4,2.13,2.4,0.19999999999999973,24400,
2018-07-03,2.21,2.38,2.21,2.22,-0.17999999999999972,8700,
2018-07-05,2.21,2.37,2.18,2.18,-0.040000000000000036,7800,
2018-07-06,2.24,2.4,2.24,2.35,0.16999999999999993,15000,
2018-07-09,2.38,2.38,2.17,2.3,-0.050000000000000266,13400,
2018-07-10,2.27,2.52,2.27,2.38,0.08000000000000007,32200,
2018-07-11,2.35,2.66,2.35,2.51,0.1299999999999999,36300,
2018-07-12,2.56,2.92,2.54,2.78,0.27,108300,
2018-07-13,2.76,2.805,2.49,2.68,-0.09999999999999964,32300,
2018-07-16,2.68,2.87,2.42,2.66,-0.020000000000000018,25700,
2018-07-17,2.61,2.81,2.57,2.57,-0.0900000000000003,12600,
2018-07-18,2.61,2.66,2.47,2.65,0.08000000000000007,27100,
2018-07-19,2.6,2.68,2.51,2.65,0,29400,
2018-07-20,2.67,2.68,2.52,2.62,-0.029999999999999805,9000,
2018-07-23,2.63,2.73,2.58,2.67,0.04999999999999982,8600,
2018-07-24,2.69,2.75,2.54,2.58,-0.08999999999999986,22900,
2018-07-25,2.63,2.74,2.62,2.67,0.08999999999999986,19000,
2018-07-26,2.7,2.72,2.6,2.72,0.050000000000000266,7700,
2018-07-27,2.7,2.78,2.68,2.76,0.03999999999999959,7600,
2018-07-30,2.76,2.76,2.54,2.54,-0.21999999999999975,12500,
2018-07-31,2.66,2.68,2.45,2.45,-0.08999999999999986,29700,
2018-08-01,2.75,3.15,2.61,2.8,0.34999999999999964,292100,
2018-08-02,2.76,3.04,2.7,2.88,0.08000000000000007,94700,
2018-08-03,2.87,2.91,2.54,2.79,-0.08999999999999986,28300,
2018-08-06,2.66,2.78,2.66,2.735,-0.05500000000000016,19400,
2018-08-07,2.73,2.753,2.545,2.7,-0.0349999999999997,6800,
2018-08-08,2.63,2.7,2.5,2.55,-0.15000000000000036,23700,
2018-08-09,2.56,2.7,2.56,2.65,0.10000000000000009,18400,
2018-08-10,2.65,2.77,2.54,2.75,0.10000000000000009,8700,
2018-08-13,2.65,2.71,2.56,2.65,-0.10000000000000009,22800,
2018-08-14,2.63,2.65,2.54,2.6,-0.04999999999999982,13600,
2018-08-15,2.56,2.56,2.4,2.5,-0.10000000000000009,14100,
2018-08-16,2.48,2.54,2.48,2.54,0.040000000000000036,1700,
2018-08-17,2.58,2.59,2.49,2.49,-0.04999999999999982,2900,
2018-08-20,2.5,2.51,2.41,2.41,-0.08000000000000007,4800,
2018-08-21,2.43,2.58,2.4,2.5,0.08999999999999986,3200,
2018-08-22,2.51,2.59,2.47,2.48,-0.020000000000000018,7000,
2018-08-23,2.39,2.48,2.39,2.48,0,500,
2018-08-24,2.47,2.73,2.46,2.59,0.10999999999999988,23600,
2018-08-27,2.6,2.6,2.45,2.57,-0.020000000000000018,9900,
2018-08-28,2.45,2.53,2.34,2.42,-0.1499999999999999,20400,
2018-08-29,2.44,2.45,2.41,2.45,0.03000000000000025,3600,
2018-08-30,2.46,2.46,2.4,2.44,-0.010000000000000231,2600,
2018-08-31,2.52,2.59,2.43,2.43,-0.009999999999999787,15500,
2018-09-04,2.43,2.55,2.41,2.55,0.11999999999999966,18600,
2018-09-05,2.55,2.57,2.39,2.41,-0.13999999999999968,16700,
2018-09-06,2.43,2.47,2.43,2.47,0.06000000000000005,2700,
2018-09-07,2.49,2.53,2.49,2.52,0.04999999999999982,2500,
2018-09-10,2.6,2.65,2.53,2.6,0.08000000000000007,22700,
2018-09-11,2.55,2.69,2.535,2.6,0,21200,
2018-09-12,2.61,2.69,2.55,2.65,0.04999999999999982,54200,
2018-09-13,2.62,2.7,2.56,2.68,0.03000000000000025,13100,
2018-09-14,2.61,2.69,2.55,2.6,-0.08000000000000007,10000,
2018-09-17,2.57,2.625,2.5,2.5,-0.10000000000000009,26000,
2018-09-18,2.51,2.59,2.51,2.53,0.029999999999999805,6500,
2018-09-19,2.64,2.68,2.62,2.62,0.0900000000000003,8000,
2018-09-20,2.62,2.85,2.62,2.82,0.19999999999999973,49800,
2018-09-21,2.85,2.95,2.62,2.95,0.13000000000000034,39700,
2018-09-24,2.95,2.95,2.62,2.62,-0.33000000000000007,10400,
2018-09-25,2.6,2.78,2.55,2.7,0.08000000000000007,4700,
2018-09-26,2.73,2.73,2.7,2.7,0,800,
2018-09-27,2.7,2.735,2.7,2.7,0,9600,
2018-09-28,2.7,2.79,2.7,2.7,0,2500,
2018-10-01,2.77,2.77,2.73,2.74,0.040000000000000036,2300,
2018-10-02,2.67,2.74,2.67,2.74,0,5000,
2018-10-03,2.67,2.84,2.67,2.83,0.08999999999999986,11400,
2018-10-04,2.65,2.72,2.65,2.72,-0.10999999999999988,1100,
2018-10-05,2.62,2.84,2.62,2.71,-0.010000000000000231,1900,
2018-10-08,2.7,2.7,2.62,2.62,-0.08999999999999986,14400,
2018-10-09,2.73,2.73,2.63,2.63,0.009999999999999787,1200,
2018-10-10,2.71,2.81,2.62,2.62,-0.009999999999999787,7900,
2018-10-11,2.62,2.62,2.5,2.6,-0.020000000000000018,10300,
2018-10-12,2.6,2.685,2.58,2.682,0.08199999999999985,37300,
2018-10-15,2.68,2.68,2.6,2.6,-0.08199999999999985,12900,
2018-10-16,2.615,2.71,2.615,2.63,0.029999999999999805,9500,
2018-10-17,2.59,2.595,2.56,2.56,-0.06999999999999984,700,
2018-10-18,2.57,2.61,2.5,2.51,-0.050000000000000266,14300,
2018-10-19,2.46,2.62,2.41,2.41,-0.09999999999999964,18700,
2018-10-22,2.4,2.57,2.35,2.5,0.08999999999999986,12800,
2018-10-23,2.45,2.48,2.45,2.45,-0.04999999999999982,9100,
2018-10-24,2.42,2.49,2.41,2.41,-0.040000000000000036,5300,
2018-10-25,2.47,2.47,2.39,2.4,-0.010000000000000231,1300,
2018-10-26,2.42,2.42,2.42,2.42,0.020000000000000018,200,
2018-10-29,2.44,2.44,2.42,2.42,0,1900,
2018-10-30,2.43,2.56,2.41,2.45,0.03000000000000025,31100,
2018-10-31,2.51,2.51,2.32,2.32,-0.13000000000000034,28100,
2018-11-01,2.4,2.42,2.34,2.34,0.020000000000000018,39000,
2018-11-02,2.35,2.4,2.35,2.35,0.010000000000000231,32000,
2018-11-05,2.25,2.56,2.25,2.56,0.20999999999999996,8500,
2018-11-06,2.54,2.56,2.49,2.51,-0.050000000000000266,7700,
2018-11-07,2.52,2.531,2.3,2.465,-0.04499999999999993,54000,
2018-11-08,2.22,2.58,2.22,2.58,0.11500000000000021,24800,
2018-11-09,2.52,2.64,2.5,2.6,0.020000000000000018,43500,
2018-11-12,2.61,2.61,2.48,2.49,-0.10999999999999988,3900,
2018-11-13,2.41,2.46,2.22,2.39,-0.10000000000000009,30600,
2018-11-14,2.36,2.36,2.31,2.32,-0.07000000000000028,7700,
2018-11-15,2.3,2.34,2.28,2.34,0.020000000000000018,7600,
2018-11-16,2.3,2.36,2.25,2.32,-0.020000000000000018,27900,
2018-11-19,2.27,2.305,2.27,2.3,-0.020000000000000018,4800,
2018-11-20,2.28,2.29,2.25,2.255,-0.04499999999999993,14100,
2018-11-21,2.28,2.33,2.28,2.33,0.07500000000000018,3100,
2018-11-23,2.3,2.32,2.3,2.32,-0.010000000000000231,1100,
2018-11-26,2.28,2.32,2.28,2.3,-0.020000000000000018,11900,
2018-11-27,2.31,2.4,2.22,2.34,0.040000000000000036,32000,
2018-11-28,2.25,2.37,2.25,2.28,-0.06000000000000005,19500,
2018-11-29,2.27,2.27,2.19,2.2,-0.07999999999999963,29500,
2018-11-30,2.14,2.2,2.11,2.11,-0.0900000000000003,24200,
2018-12-03,2.1,2.13,2,2,-0.10999999999999988,52200,
2018-12-04,2.01,2.05,1.98,2,0,27900,
2018-12-06,2,2.14,2,2.1,0.10000000000000009,8900,
2018-12-07,2.11,2.12,2.1,2.1,0,1500,
2018-12-10,2.09,2.13,2.06,2.13,0.029999999999999805,11300,
2018-12-11,2.13,2.14,2.12,2.14,0.010000000000000231,6600,
2018-12-12,2.12,2.2,2.09,2.09,-0.050000000000000266,14000,
2018-12-13,2.22,2.22,2.09,2.15,0.06000000000000005,1800,
2018-12-14,2.16,2.16,2.14,2.16,0.010000000000000231,2500,
2018-12-17,2.12,2.22,2.05,2.1,-0.06000000000000005,12100,
2018-12-18,2.12,2.12,2,2.11,0.009999999999999787,18400,
2018-12-19,2.01,2.04,1.98,1.99,-0.11999999999999988,18100,
2018-12-20,1.94,2.05,1.94,2,0.010000000000000009,22600,
2018-12-21,2.09,2.09,1.98,2,0,20700,
2018-12-24,2,2.06,1.98,2.05,0.04999999999999982,24300,
2018-12-26,2.01,2.22,1.97,2.03,-0.020000000000000018,40300,
2018-12-27,2.03,2.03,1.85,1.98,-0.04999999999999982,82100,
2018-12-28,1.98,2.23,1.98,1.98,0,15500,
2018-12-31,1.98,2.03,1.9,1.9,-0.08000000000000007,27400,
2019-01-02,1.9,2.13,1.9,2.13,0.22999999999999998,24800,
2019-01-03,2.08,2.08,1.95,1.99,-0.1399999999999999,4300,
2019-01-04,1.98,2.23,1.95,2.1,0.1100000000000001,7000,
2019-01-07,2.05,2.11,2,2.09,-0.010000000000000231,28100,
2019-01-08,2.06,2.11,2.03,2.05,-0.040000000000000036,2100,
2019-01-09,2.07,2.07,2.07,2.07,0.020000000000000018,200,
2019-01-10,2.23,2.24,2.1,2.17,0.10000000000000009,19000,
2019-01-11,2.12,2.24,2.12,2.15,-0.020000000000000018,11600,
2019-01-14,2.23,2.23,2.15,2.18,0.03000000000000025,600,
2019-01-15,2.24,2.25,2.22,2.23,0.04999999999999982,9500,
2019-01-16,2.2,2.2,2.05,2.13,-0.10000000000000009,8200,
2019-01-17,2.01,2.19,2.01,2.12,-0.009999999999999787,14000,
2019-01-18,2.13,2.25,2.13,2.215,0.09499999999999975,400,
2019-01-22,2.15,2.29,2.15,2.22,0.0050000000000003375,12900,
2019-01-23,2.3,2.4,2.26,2.4,0.17999999999999972,6300,
2019-01-24,2.44,2.44,2.17,2.17,-0.22999999999999998,56600,
2019-01-25,2.25,2.38,2.21,2.31,0.14000000000000012,11200,
2019-01-28,2.35,2.42,2.35,2.42,0.10999999999999988,8400,
2019-01-29,2.42,2.42,2.26,2.4,-0.020000000000000018,12700,
2019-01-30,2.4,2.4,2.35,2.35,-0.04999999999999982,2500,
2019-01-31,2.3,2.44,2.3,2.35,0,13500,
2019-02-01,2.33,2.44,2.3,2.3,-0.050000000000000266,2700,
2019-02-04,2.34,2.35,2.31,2.31,0.010000000000000231,8200,
2019-02-05,2.3,2.35,2.3,2.3,-0.010000000000000231,1800,
2019-02-06,2.2,2.35,2.2,2.34,0.040000000000000036,600,
2019-02-07,2.29,2.31,2.15,2.15,-0.18999999999999995,10200,
2019-02-08,2.2,2.2,2.15,2.19,0.040000000000000036,7300,
2019-02-11,2.17,2.2,2.15,2.15,-0.040000000000000036,7100,
2019-02-12,2.21,2.22,2.18,2.19,0.040000000000000036,3100,
2019-02-13,2.17,2.21,2.16,2.2,0.010000000000000231,7400,
2019-02-14,2.19,2.21,2.15,2.15,-0.050000000000000266,2400,
2019-02-15,2.15,2.15,2.15,2.15,0,700,
2019-02-19,2.15,2.2,2.14,2.18,0.03000000000000025,32800,
2019-02-20,2.18,2.2,2.18,2.18,0,2800,
2019-02-21,2.17,2.29,2.17,2.29,0.10999999999999988,6000,
2019-02-22,2.2,2.335,2.2,2.31,0.020000000000000018,19300,
2019-02-25,2.32,2.32,2.26,2.26,-0.050000000000000266,3700,
2019-02-26,2.31,2.4,2.3,2.35,0.0900000000000003,20500,
2019-02-27,2.3,2.4,2.3,2.4,0.04999999999999982,2600,
2019-02-28,2.3,2.37,2.3,2.355,-0.04499999999999993,21100,
2019-03-01,2.38,2.38,2.28,2.36,0.004999999999999893,26700,
2019-03-04,2.38,2.38,2.23,2.32,-0.040000000000000036,7400,
2019-03-05,2.28,2.3,2.2672,2.3,-0.020000000000000018,4600,
2019-03-06,2.15,2.9348,2.15,2.51,0.20999999999999996,143100,
2019-03-07,2.49,2.49,2.3862,2.4,-0.10999999999999988,33500,
2019-03-08,2.3216,2.48,2.3101,2.41,0.010000000000000231,22700,
2019-03-11,2.57,2.59,2.42,2.42,0.009999999999999787,16400,
2019-03-12,2.56,2.7874,2.45,2.52,0.10000000000000009,24300,
2019-03-13,2.7513,2.7513,2.4328,2.64,0.1200000000000001,3200,
2019-03-14,2.59,2.65,2.5,2.5,-0.14000000000000012,14800,
2019-03-15,2.5,2.62,2.37,2.38,-0.1200000000000001,6100,
2019-03-18,2.4,2.57,2.35,2.35,-0.029999999999999805,7700,
2019-03-19,2.38,2.49,2.34,2.35,0,7600,
2019-03-21,2.43,2.58,2.39,2.41,0.06000000000000005,3200,
2019-03-22,2.56,2.56,2.42,2.42,0.009999999999999787,2400,
2019-03-25,2.52,2.52,2.37,2.37,-0.04999999999999982,1000,
2019-03-26,2.34,2.56,2.34,2.43,0.06000000000000005,4700,
2019-03-27,2.43,2.5599,2.3718,2.485,0.054999999999999716,7100,
2019-03-28,2.54,2.56,2.5,2.51,0.02499999999999991,2700,
2019-03-29,2.52,2.53,2.42,2.45,-0.05999999999999961,12000,
2019-04-01,2.5226,2.6765,2.52,2.6765,0.2264999999999997,3200,
2019-04-02,2.74,2.74,2.6079,2.6468,-0.02970000000000006,600,
2019-04-03,2.72,2.72,2.5201,2.5874,-0.059399999999999675,5100,
2019-04-04,2.55,2.55,2.55,2.55,-0.03740000000000032,100,
2019-04-05,2.53,2.6709,2.53,2.6709,0.12090000000000023,5500,
2019-04-08,2.7,2.7,2.57,2.6963,0.025399999999999867,11600,
2019-04-09,2.61,2.715,2.61,2.71,0.013700000000000045,16500,
2019-04-10,2.61,2.89,2.61,2.775,0.06499999999999995,42900,
2019-04-11,2.83,2.94,2.685,2.94,0.16500000000000004,44700,
2019-04-12,2.85,2.85,2.66,2.79,-0.1499999999999999,18800,
2019-04-15,2.6614,2.76,2.6614,2.74,-0.04999999999999982,2100,
2019-04-16,2.75,2.8,2.71,2.72,-0.020000000000000018,9400,
2019-04-17,2.71,2.83,2.71,2.79,0.06999999999999984,4400,
2019-04-18,2.71,2.95,2.71,2.84,0.04999999999999982,74500,
2019-04-22,2.9799,2.9799,2.79,2.87,0.03000000000000025,45900,
2019-04-23,2.92,3.05,2.7505,2.9,0.029999999999999805,66500,
2019-04-24,2.86,3.45,2.8599,3.15,0.25,94600,
2019-04-25,3.27,3.29,2.95,3.08,-0.06999999999999984,116700,
2019-04-26,3.08,3.15,2.89,3.1,0.020000000000000018,38500,
2019-04-29,3.1,3.28,3,3.28,0.17999999999999972,36500,
2019-04-30,3.23,3.29,2.9701,3.15,-0.1299999999999999,36500,
2019-05-01,3.5,3.89,3.29,3.65,0.5,230700,
2019-05-02,3.8,4.25,3.7001,4.01,0.3599999999999999,385200,
2019-05-03,4.03,4.75,4.03,4.6,0.5899999999999999,630400,
2019-05-06,4.18,4.54,4.15,4.5,-0.09999999999999964,251600,
2019-05-07,4.5,4.78,4.24,4.35,-0.15000000000000036,128100,
2019-05-08,4.3,4.37,4.19,4.35,0,127100,
2019-05-09,4.27,4.64,4.07,4.42,0.07000000000000028,99700,
2019-05-10,4.36,4.42,3.76,4.02,-0.40000000000000036,106500,
2019-05-13,3.9,4.0364,3.7561,3.98,-0.03999999999999959,25600,
2019-05-14,3.97,4.18,3.93,4.14,0.1599999999999997,14100,
2019-05-15,4.07,4.34,3.89,4.24,0.10000000000000053,40200,
2019-05-16,4.2,4.24,3.9098,3.97,-0.27,33700,
2019-05-17,3.92,3.9785,3.7601,3.8,-0.17000000000000037,24100,
2019-05-20,3.82,3.9,3.65,3.7,-0.09999999999999964,23400,
2019-05-21,3.72,3.88,3.5,3.6,-0.10000000000000009,36200,
2019-05-22,3.63,3.99,3.5,3.99,0.3900000000000001,31100,
2019-05-23,3.9,3.98,3.5,3.58,-0.41000000000000014,207800,
2019-05-24,3.57,3.73,3.505,3.55,-0.03000000000000025,62400,
2019-05-28,3.55,3.74,3.48,3.48,-0.06999999999999984,38100,
2019-05-29,3.51,3.815,3.31,3.5,0.020000000000000018,11900,
2019-05-30,3.29,3.4361,3.07,3.23,-0.27,32700,
2019-05-31,3.22,3.27,3.06,3.23,0,14700,
2019-06-03,3.19,3.25,3,3,-0.22999999999999998,22100,
2019-06-04,3.07,3.08,2.87,3.08,0.08000000000000007,31300,
2019-06-05,3.05,3.16,2.95,3.16,0.08000000000000007,20100,
2019-06-06,3.06,3.15,2.94,3.03,-0.13000000000000034,25900,
2019-06-07,3.07,3.13,3.02,3.04,0.010000000000000231,23100,
2019-06-10,3.15,3.15,2.83,2.85,-0.18999999999999995,31400,
2019-06-11,2.96,2.9773,2.86,2.9,0.04999999999999982,10000,
2019-06-12,3.1,3.1,2.72,3.06,0.16000000000000014,49000,
2019-06-13,3.01,3.23,3.01,3.2,0.14000000000000012,23200,
2019-06-14,3.2,3.2,3.01,3.01,-0.1900000000000004,3000,
2019-06-17,3.01,3.2106,3.01,3.19,0.18000000000000016,18600,
2019-06-18,3.48,3.48,3.25,3.25,0.06000000000000005,22300,
2019-06-19,3.25,3.42,3.0854,3.37,0.1200000000000001,14000,
2019-06-20,3.54,3.95,3.4,3.6,0.22999999999999998,16800,
2019-06-21,3.66,4.23,3.63,3.8,0.19999999999999973,196600,
2019-06-24,3.82,3.9909,3.4572,3.7,-0.09999999999999964,90100,
2019-06-25,3.83,3.85,3.71,3.71,0.009999999999999787,17300,
2019-06-26,3.62,3.75,3.45,3.62,-0.08999999999999986,29900,
2019-06-27,3.69,4.06,3.54,4.06,0.4399999999999995,18000,
2019-06-28,3.96,4.15,3.8291,4.15,0.09000000000000075,71400,
2019-07-01,4.12,4.46,3.9,4.2,0.04999999999999982,90100,
2019-07-02,4.2,4.54,4.15,4.39,0.1899999999999995,150300,
2019-07-03,4.31,4.44,4.17,4.42,0.03000000000000025,29600,
2019-07-05,4.59,4.59,4.02,4.48,0.0600000000000005,27900,
2019-07-08,4.4554,4.4554,4.2,4.36,-0.1200000000000001,30900,
2019-07-09,4.35,4.49,4.06,4.35,-0.010000000000000675,60900,
2019-07-10,4.34,4.6,4.2244,4.45,0.10000000000000053,110600,
2019-07-11,4.5,4.5,4.16,4.4,-0.04999999999999982,72800,
2019-07-12,4.37,4.59,4.21,4.3,-0.10000000000000053,3700,
2019-07-15,4.28,4.3985,4.175,4.25,-0.04999999999999982,6800,
2019-07-16,4.29,4.34,4.11,4.11,-0.13999999999999968,26400,
2019-07-17,4.17,4.281,3.97,3.97,-0.14000000000000012,26100,
2019-07-18,3.9,3.95,3.675,3.84,-0.13000000000000034,80100,
2019-07-19,3.81,3.85,3.62,3.785,-0.054999999999999716,16000,
2019-07-22,3.74,3.81,3.6924,3.8,0.01499999999999968,14500,
2019-07-23,3.8,3.8,3.72,3.79,-0.009999999999999787,14600,
2019-07-24,3.8,3.82,3.63,3.81,0.020000000000000018,28500,
2019-07-25,3.76,4.25,3.71,4.25,0.43999999999999995,26800,
2019-07-26,4.26,4.6579,4.26,4.5399,0.28990000000000027,46500,
2019-07-29,4.5,4.5,4.39,4.43,-0.10990000000000055,26800,
2019-07-30,4.4,4.5,4.32,4.5,0.07000000000000028,32500,
2019-07-31,4.1,4.2,3.65,3.72,-0.7799999999999998,120500,
2019-08-01,3.77,3.93,3.53,3.55,-0.17000000000000037,32500,
2019-08-02,3.55,3.59,3.3,3.35,-0.19999999999999973,56100,
2019-08-05,3.3,3.31,3.1,3.15,-0.20000000000000018,145700,
2019-08-06,3.14,3.155,3,3.06,-0.08999999999999986,78600,
2019-08-07,3.0332,3.35,3.0332,3.35,0.29000000000000004,8500,
2019-08-08,3.37,3.37,3.0001,3.23,-0.1200000000000001,27800,
2019-08-09,3.0701,3.33,3.0701,3.31,0.08000000000000007,7100,
2019-08-12,3.1372,3.24,3.1352,3.24,-0.06999999999999984,3700,
2019-08-13,3.07,3.1,3.02,3.02,-0.2200000000000002,37800,
2019-08-14,3.06,3.08,3.04,3.04,0.020000000000000018,21000,
2019-08-15,3.09,3.1,2.941,3.04,0,35000,
2019-08-16,3.1,3.1,3.01,3.08,0.040000000000000036,4300,
2019-08-19,3.1,3.14,2.92,2.96,-0.1200000000000001,13900,
2019-08-20,2.87,3.02,2.87,3.02,0.06000000000000005,8900,
2019-08-21,2.98,3.16,2.968,3,-0.020000000000000018,30300,
2019-08-22,3,3,2.9246,3,0,12000,
2019-08-27,2.92,3.04,2.55,2.82,-0.18000000000000016,20100,
2019-08-28,2.9,2.91,2.82,2.82,0,4300,
2019-08-29,2.74,3.04,2.74,2.89,0.07000000000000028,12700,
2019-08-30,2.99,3.1,2.9,3.05,0.1599999999999997,11000,
2019-09-03,3.14,3.18,3.04,3.18,0.13000000000000034,2600,
2019-09-04,2.84,3.03,2.84,3.03,-0.15000000000000036,6000,
2019-09-05,3.09,3.3499,3.09,3.1429,0.11290000000000022,1200,
2019-09-06,3.3295,3.3295,2.86,3.26,0.11709999999999976,4300,
2019-09-09,3.03,3.09,2.95,3,-0.2599999999999998,12000,
2019-09-10,2.98,3.1515,2.92,3.1515,0.15149999999999997,1500,
2019-09-11,3.15,3.15,3.09,3.124,-0.027499999999999858,10400,
2019-09-12,3.11,3.12,3,3.09,-0.03400000000000025,13100,
2019-09-13,3.11,3.25,3.02,3.17,0.08000000000000007,21700,
2019-09-16,3.17,3.22,3.16,3.18,0.010000000000000231,16600,
2019-09-17,3.27,3.4,3.16,3.18,0,5000,
2019-09-18,3.18,3.4474,3.15,3.19,0.009999999999999787,13000,
2019-09-19,3.22,3.3135,3.15,3.24,0.050000000000000266,15500,
2019-09-20,3.22,3.45,3.15,3.4,0.1599999999999997,28600,
2019-09-23,3.33,3.35,3.18,3.18,-0.21999999999999975,9200,
2019-09-24,3.18,3.28,3.18,3.2,0.020000000000000018,24000,
2019-09-25,3.37,3.37,3.2,3.2,0,7100,
2019-09-26,3.25,3.3,3.2,3.23,0.029999999999999805,6000,
2019-09-27,3.2,3.32,3.2,3.32,0.08999999999999986,12100,
2019-09-30,3.26,3.32,3.2,3.26,-0.06000000000000005,6600,
2019-10-01,3.21,3.31,3.21,3.29,0.03000000000000025,6000,
2019-10-02,3.33,3.33,3.05,3.05,-0.2400000000000002,8800,
2019-10-03,3.1,3.24,2.92,3.24,0.1900000000000004,53500,
2019-10-04,3.23,3.24,3.1,3.23,-0.010000000000000231,1600,
2019-10-07,3.1,3.23,3.1,3.23,0,5500,
2019-10-08,3.24,3.24,3.11,3.11,-0.1200000000000001,300,
2019-10-09,3.11,3.24,3.0125,3.24,0.13000000000000034,1800,
2019-10-10,3.11,3.22,3.1,3.1,-0.14000000000000012,7200,
2019-10-11,3.18,3.19,2.99,3.11,0.009999999999999787,15100,
2019-10-14,2.92,3.1,2.9,2.9,-0.20999999999999996,29600,
2019-10-15,2.7668,3.07,2.7668,2.89,-0.009999999999999787,28300,
2019-10-16,2.81,2.86,2.66,2.66,-0.22999999999999998,17200,
2019-10-17,2.65,2.77,2.65,2.7,0.040000000000000036,24300,
2019-10-18,2.67,3.15,2.67,2.87,0.16999999999999993,60700,
2019-10-21,2.87,2.99,2.75,2.86,-0.010000000000000231,39700,
2019-10-22,2.88,2.92,2.75,2.82,-0.040000000000000036,6300,
2019-10-23,2.94,2.95,2.8,2.89,0.07000000000000028,16200,
2019-10-24,2.97,2.97,2.855,2.9,0.009999999999999787,1100,
2019-10-25,2.91,3.04,2.77,2.77,-0.1299999999999999,11600,
2019-10-28,2.84,3.01,2.795,3.01,0.23999999999999977,12400,
2019-10-29,3.01,3.11,3.01,3.01,0,1500,
2019-10-30,3.03,3.15,2.88,3.15,0.14000000000000012,9400,
2019-10-31,3.2,3.2,2.8419,2.97,-0.17999999999999972,11900,
2019-11-01,3.15,3.15,2.9824,3.15,0.17999999999999972,22200,
2019-11-04,3.2,3.2,2.93,3,-0.1499999999999999,8700,
2019-11-05,3,3,2.7848,2.85,-0.1499999999999999,13200,
2019-11-06,2.86,2.86,2.75,2.8,-0.050000000000000266,44000,
2019-11-07,2.7,2.7,2.52,2.52,-0.2799999999999998,365100,
2019-11-08,2.54,2.6,2.5,2.6,0.08000000000000007,106000,
2019-11-11,2.6,2.608,2.52,2.53,-0.07000000000000028,11400,
2019-11-12,2.62,2.62,2.45,2.45,-0.07999999999999963,34800,
2019-11-13,2.49,2.5899,2.42,2.47,0.020000000000000018,21600,
2019-11-14,2.33,2.5715,2.33,2.53,0.05999999999999961,128300,
2019-11-15,2.57,2.59,2.46,2.5,-0.029999999999999805,43700,
2019-11-18,2.5,2.6,2.5,2.6,0.10000000000000009,127500,
2019-11-19,2.65,2.75,2.6,2.75,0.1499999999999999,14700,
2019-11-20,2.75,2.78,2.52,2.55,-0.20000000000000018,37200,
2019-11-21,2.7185,2.7185,2.52,2.55,0,30900,
2019-11-22,2.57,2.66,2.5,2.5,-0.04999999999999982,9100,
2019-11-25,2.52,2.64,2.42,2.5,0,72300,
2019-11-26,2.57,2.58,2.5399,2.58,0.08000000000000007,10000,
2019-11-27,2.58,2.59,2.53,2.53,-0.050000000000000266,8400,
2019-11-29,2.51,2.5627,2.51,2.5627,0.03270000000000017,2000,
2019-12-02,2.55,2.59,2.53,2.58,0.017300000000000093,14900,
2019-12-03,2.5538,2.5799,2.45,2.56,-0.020000000000000018,43300,
2019-12-04,2.56,2.59,2.53,2.53,-0.03000000000000025,19700,
2019-12-05,2.6,2.62,2.53,2.53,0,25500,
2019-12-06,2.51,2.6,2.51,2.56,0.03000000000000025,11900,
2019-12-09,2.56,2.65,2.56,2.63,0.06999999999999984,42800,
2019-12-10,2.61,2.622,2.57,2.61,-0.020000000000000018,58400,
2019-12-11,2.65,2.67,2.6,2.62,0.010000000000000231,23400,
2019-12-12,2.66,2.66,2.57,2.65,0.029999999999999805,20400,
2019-12-13,2.68,2.73,2.65,2.65,0,18000,
2019-12-16,2.66,2.66,2.56,2.59,-0.06000000000000005,24600,
2019-12-17,2.62,2.67,2.45,2.53,-0.06000000000000005,58300,
2019-12-18,2.5319,2.77,2.5226,2.55,0.020000000000000018,14600,
2019-12-19,2.6,2.665,2.6,2.63,0.08000000000000007,30700,
2019-12-20,2.7,2.74,2.55,2.55,-0.08000000000000007,207900,
2019-12-23,2.58,2.6,2.49,2.5,-0.04999999999999982,55000,
2019-12-24,2.58,2.62,2.55,2.6,0.10000000000000009,24600,
2019-12-26,2.59,2.7615,2.5025,2.61,0.009999999999999787,20600,
2019-12-27,2.61,2.71,2.58,2.62,0.010000000000000231,4300,
2019-12-30,2.6308,2.665,2.5688,2.58,-0.040000000000000036,14100,
2019-12-31,2.63,2.74,2.61,2.61,0.029999999999999805,42700,
2020-01-02,2.75,2.75,2.55,2.6,-0.009999999999999787,58900,
2020-01-03,2.78,2.78,2.575,2.575,-0.02499999999999991,7800,
2020-01-06,2.5799,2.7,2.535,2.54,-0.03500000000000014,19200,
2020-01-07,2.5182,2.66,2.5182,2.65,0.10999999999999988,3200,
2020-01-08,2.5901,2.69,2.5901,2.65,0,8900,
2020-01-09,2.6,2.67,2.5129,2.67,0.020000000000000018,10000,
2020-01-10,2.65,2.65,2.51,2.56,-0.10999999999999988,14900,
2020-01-13,2.54,2.59,2.47,2.57,0.009999999999999787,45800,
2020-01-14,2.58,2.6,2.56,2.56,-0.009999999999999787,6700,
2020-01-15,2.58,2.61,2.51,2.51,-0.050000000000000266,10000,
2020-01-16,2.62,2.62,2.5276,2.54,0.03000000000000025,2900,
2020-01-21,2.5444,2.62,2.5444,2.62,0.08000000000000007,13500,
2020-01-22,2.53,2.53,2.51,2.52,-0.10000000000000009,13700,
2020-01-23,2.62,2.63,2.51,2.51,-0.010000000000000231,9200,
2020-01-24,2.51,2.51,2.51,2.51,0,100,
2020-01-27,2.51,2.63,2.51,2.51,0,4700,
2020-01-28,2.63,2.63,2.51,2.51,0,2400,
2020-01-29,2.52,2.535,2.45,2.46,-0.04999999999999982,13200,
2020-01-30,2.47,2.4774,2.3392,2.41,-0.04999999999999982,14100,
2020-01-31,2.36,2.56,2.36,2.48,0.06999999999999984,1100,
2020-02-03,2.42,2.52,2.41,2.41,-0.06999999999999984,6800,
2020-02-04,2.53,2.53,2.512,2.512,0.10199999999999987,8100,
2020-02-05,2.51,2.53,2.43,2.43,-0.08199999999999985,7100,
2020-02-06,2.47,2.47,2.47,2.47,0.040000000000000036,300,
2020-02-07,2.46,2.5,2.42,2.5,0.029999999999999805,5500,
2020-02-10,2.5384,2.5384,2.5,2.52,0.020000000000000018,1700,
2020-02-11,2.57,2.6,2.0957,2.16,-0.3599999999999999,509500,
2020-02-12,2.19,2.2,2.1,2.17,0.009999999999999787,421400,
2020-02-13,2.17,2.2,1.95,2,-0.16999999999999993,214400,
2020-02-14,2.01,2.09,1.955,1.98,-0.020000000000000018,126200,
2020-02-18,2.02,2.06,1.9,2.03,0.04999999999999982,99300,
2020-02-19,1.99,2,1.91,1.91,-0.11999999999999988,49600,
2020-02-20,1.94,1.9941,1.92,1.95,0.040000000000000036,78000,
2020-02-21,1.91,1.91,1.86,1.86,-0.08999999999999986,68800,
2020-02-24,1.82,1.86,1.72,1.7805,-0.07950000000000013,146600,
2020-02-25,1.79,1.8499,1.7,1.7,-0.08050000000000002,115800,
2020-02-26,1.71,1.8,1.7,1.73,0.030000000000000027,53400,
2020-02-27,1.7,1.74,1.69,1.7,-0.030000000000000027,26600,
2020-02-28,1.68,1.75,1.5817,1.7,0,336900,
2020-03-02,1.67,1.78,1.67,1.71,0.010000000000000009,320200,
2020-03-03,1.7,1.77,1.63,1.77,0.06000000000000005,42900,
2020-03-04,1.74,1.9,1.74,1.78,0.010000000000000009,573600,
2020-03-05,1.8,1.82,1.7,1.76,-0.020000000000000018,318900,
2020-03-06,1.76,1.88,1.7531,1.79,0.030000000000000027,78600,
2020-03-09,1.74,1.75,1.6303,1.7,-0.09000000000000008,55700,
2020-03-10,1.73,1.8002,1.64,1.68,-0.020000000000000018,95100,
2020-03-11,1.7,1.7,1.6,1.6,-0.07999999999999985,34000,
2020-03-12,1.6,1.6029,1.4436,1.485,-0.11499999999999999,354500,
2020-03-13,1.77,1.79,1.4,1.44,-0.04500000000000015,72300,
2020-03-16,1.2501,1.46,1.2501,1.4,-0.040000000000000036,12000,
2020-03-17,1.44,1.5,1.25,1.38,-0.020000000000000018,88300,
2020-03-18,1.42,1.44,1.25,1.33,-0.04999999999999982,24200,
2020-03-19,1.3,1.3711,1.3,1.355,0.02499999999999991,68000,
2020-03-20,1.45,1.45,1.31,1.45,0.09499999999999997,64800,
2020-03-23,1.505,1.505,1.28,1.35,-0.09999999999999987,29600,
2020-03-24,1.42,1.45,1.35,1.4,0.04999999999999982,80200,
2020-03-25,1.35,1.4,1.2958,1.38,-0.020000000000000018,298500,
2020-03-26,1.4,1.41,1.39,1.395,0.015000000000000124,263600,
2020-03-27,1.4,1.4,1.35,1.39,-0.0050000000000001155,39000,
2020-03-30,1.41,1.45,1.37,1.37,-0.019999999999999796,39900,
2020-03-31,1.4,1.7837,1.4,1.66,0.2899999999999998,1218900,
2020-04-01,2.12,2.12,1.41,1.61,-0.04999999999999982,3794300,
2020-04-02,1.6,1.72,1.45,1.61,0,485700,
2020-04-03,1.61,1.6914,1.61,1.69,0.07999999999999985,189000,
2020-04-06,1.72,1.74,1.61,1.7,0.010000000000000009,118200,
2020-04-07,1.67,1.72,1.54,1.68,-0.020000000000000018,210300,
2020-04-08,1.66,1.67,1.57,1.67,-0.010000000000000009,87600,
2020-04-09,1.67,1.7,1.58,1.58,-0.08999999999999986,432900,
2020-04-13,1.62,1.97,1.62,1.96,0.3799999999999999,376400,
2020-04-14,2,2.1537,1.94,2.1,0.14000000000000012,807000,
2020-04-15,2.1,2.33,2.02,2.25,0.1499999999999999,386300,
2020-04-16,2.28,2.29,2.12,2.2,-0.04999999999999982,203400,
2020-04-17,2.2,2.28,2.16,2.28,0.07999999999999963,159600,
2020-04-20,2.21,2.325,2.12,2.2,-0.07999999999999963,233000,
2020-04-21,2.22,2.31,2.15,2.28,0.07999999999999963,123000,
2020-04-22,2.3,2.48,2.21,2.33,0.050000000000000266,247200,
2020-04-23,2.3,2.46,2.3,2.44,0.10999999999999988,81000,
2020-04-24,2.44,2.47,2.38,2.44,0,31600,
2020-04-27,2.45,2.52,2.43,2.46,0.020000000000000018,43800,
2020-04-28,2.4276,2.45,2.3216,2.41,-0.04999999999999982,34200,
2020-04-29,2.42,2.59,2.4,2.5,0.08999999999999986,106200,
2020-04-30,2.5,2.55,2.4434,2.54,0.040000000000000036,46900,
2020-05-01,2.48,2.54,2.33,2.54,0,143400,
2020-05-04,2.49,2.58,2.4379,2.49,-0.04999999999999982,253500,
2020-05-05,2.54,2.6,2.3,2.3,-0.1900000000000004,89500,
2020-05-06,2.25,2.3,1.88,2.3,0,221900,
2020-05-07,2.26,2.26,1.82,1.99,-0.30999999999999983,452200,
2020-05-08,1.96,2.1,1.92,2.01,0.019999999999999796,259300,
2020-05-11,2.07,2.44,2.07,2.4,0.3900000000000001,298500,
2020-05-12,2.44,2.5476,2.36,2.47,0.07000000000000028,167900,
2020-05-13,2.42,2.46,2.25,2.38,-0.0900000000000003,49000,
2020-05-14,2.38,2.5,2.295,2.5,0.1200000000000001,148100,
2020-05-15,2.5,2.5,2.33,2.33,-0.16999999999999993,17300,
2020-05-18,2.37,2.49,2.36,2.41,0.08000000000000007,21600,
2020-05-19,2.4,2.455,2.36,2.39,-0.020000000000000018,5500,
2020-05-20,2.44,2.63,2.41,2.63,0.23999999999999977,67900,
2020-05-21,2.61,2.62,2.3457,2.5,-0.1299999999999999,65100,
2020-05-22,2.58,2.58,2.45,2.56,0.06000000000000005,12200,
2020-05-26,2.55,2.6,2.35,2.4,-0.16000000000000014,64100,
2020-05-27,2.35,2.45,2.3,2.44,0.040000000000000036,41400,
2020-05-28,2.42,2.56,2.3658,2.51,0.06999999999999984,7500,
2020-05-29,2.5,2.6,2.4,2.46,-0.04999999999999982,41700,
2020-06-01,2.52,2.5761,2.4,2.4,-0.06000000000000005,30200,
2020-06-02,2.485,2.515,2.22,2.22,-0.17999999999999972,24500,
2020-06-03,2.27,2.4,2.11,2.4,0.17999999999999972,63300,
2020-06-04,2.25,2.25,2.04,2.18,-0.21999999999999975,82200,
2020-06-05,2.15,2.33,2.15,2.33,0.1499999999999999,30400,
2020-06-08,2.34,2.344,2.28,2.29,-0.040000000000000036,56200,
2020-06-09,2.28,2.3399,2.25,2.25,-0.040000000000000036,3400,
2020-06-10,2.3,2.3199,2.1601,2.23,-0.020000000000000018,42700,
2020-06-11,2.16,2.2308,2.15,2.18,-0.04999999999999982,46600,
2020-06-12,2.17,2.27,2.15,2.21,0.029999999999999805,10900,
2020-06-15,2.25,2.25,2.12,2.22,0.010000000000000231,37800,
2020-06-16,2.2,2.3236,2.2,2.275,0.054999999999999716,32200,
2020-06-17,2.24,2.35,2.24,2.34,0.06499999999999995,13700,
2020-06-18,2.3,2.365,2.265,2.31,-0.029999999999999805,36500,
2020-06-19,2.3515,2.3515,2.095,2.2,-0.10999999999999988,100600,
2020-06-22,2.15,2.27,2.15,2.27,0.06999999999999984,16200,
2020-06-23,2.26,2.45,2.26,2.45,0.18000000000000016,26500,
2020-06-24,2.5,2.525,2.35,2.45,0,70900,
2020-06-25,2.347,2.52,2.347,2.52,0.06999999999999984,76600,
2020-06-26,2.41,2.55,2.36,2.47,-0.04999999999999982,79900,
2020-06-29,2.49,2.55,2.39,2.4,-0.07000000000000028,40900,
2020-06-30,3,3.75,3,3.59,1.19,1542600,
2020-07-01,3.53,4.24,3.53,4.05,0.45999999999999996,778200,
2020-07-02,4.09,4.5,4.09,4.42,0.3700000000000001,478000,
2020-07-06,4.59,4.7,4.2701,4.54,0.1200000000000001,404700,
2020-07-07,4.51,4.54,4.24,4.31,-0.23000000000000043,205200,
2020-07-08,4.31,4.5,4.2492,4.47,0.16000000000000014,151100,
2020-07-09,4.49,4.56,4.25,4.28,-0.1899999999999995,56300,
2020-07-10,4.3,5.34,4.3,5.28,1,722700,
2020-07-13,5.34,5.5,4.93,5.17,-0.11000000000000032,363700,
2020-07-14,5.17,5.21,4.91,5.15,-0.019999999999999574,227700,
2020-07-15,5,5,3.79,4.54,-0.6100000000000003,842700,
2020-07-16,4.47,5.1152,4.45,4.91,0.3700000000000001,169900,
2020-07-17,4.6,5.35,4.6,5.04,0.1299999999999999,312500,
2020-07-20,5.04,5.05,4.68,4.86,-0.17999999999999972,148500,
2020-07-21,4.8,5.04,4.7363,4.97,0.10999999999999943,123000,
2020-07-22,5.12,5.12,4.78,4.9,-0.0699999999999994,76300,
2020-07-23,4.84,5,4.8,4.91,0.009999999999999787,59500,
2020-07-24,4.98,4.98,4.89,4.97,0.05999999999999961,8800,
2020-07-27,4.98,5,4.66,4.71,-0.2599999999999998,33300,
2020-07-28,4.71,4.94,4.58,4.75,0.040000000000000036,49900,
2020-07-29,4.75,4.85,4.62,4.75,0,98500,
2020-07-30,4.7,4.77,4.51,4.68,-0.07000000000000028,54400,
2020-07-31,4.71,4.78,4.5,4.67,-0.009999999999999787,90400,
2020-08-03,4.72,4.79,4.54,4.75,0.08000000000000007,119000,
2020-08-04,4.7,4.95,4.665,4.75,0,88500,
2020-08-05,4.72,4.95,4.55,4.74,-0.009999999999999787,39100,
2020-08-06,4.78,4.8,4.6,4.75,0.009999999999999787,50000,
2020-08-07,4.72,4.79,4.68,4.77,0.019999999999999574,28200,
2020-08-10,4.78,5,4.65,4.89,0.1200000000000001,215900,
2020-08-11,4.83,4.98,4.59,4.62,-0.2699999999999996,177700,
2020-08-12,4.75,4.9,4.68,4.89,0.2699999999999996,162600,
2020-08-13,4.79,4.98,4.76,4.91,0.020000000000000462,86400,
2020-08-14,4.95,5,4.84,4.92,0.009999999999999787,204600,
2020-08-17,5,5.97,4.9866,5.88,0.96,1793400,
2020-08-18,6.1,6.29,5.6301,6.01,0.1299999999999999,640200,
2020-08-19,5.9,5.99,5.023,5.19,-0.8199999999999994,683700,
2020-08-20,5.01,5.68,4.65,5.65,0.45999999999999996,358100,
2020-08-21,5.62,5.68,5.42,5.59,-0.0600000000000005,174500,
2020-08-24,5.33,5.715,5.3,5.6,0.009999999999999787,134800,
2020-08-25,5.61,5.7,5.45,5.6,0,105900,
2020-08-26,5.6,6.18,5.25,5.34,-0.2599999999999998,447600,
2020-08-27,5.23,5.58,4.92,5.5,0.16000000000000014,176000,
2020-08-28,5.5,5.75,5.3,5.56,0.05999999999999961,80300,
2020-08-31,5.52,5.67,5.1809,5.33,-0.22999999999999954,55200,
2020-09-01,5.42,5.8,5.419,5.56,0.22999999999999954,321600,
2020-09-02,5.5,5.65,5.385,5.56,0,88300,
2020-09-03,5.53,5.72,5.135,5.22,-0.33999999999999986,171400,
2020-09-04,5.21,5.34,4.5902,5.22,0,152500,
2020-09-08,5.1,5.43,5.0332,5.3,0.08000000000000007,26100,
2020-09-09,5.35,5.7799,5.3331,5.53,0.23000000000000043,177300,
2020-09-10,5.52,5.8,5.4574,5.56,0.02999999999999936,202600,
2020-09-11,5.64,5.84,5.48,5.71,0.15000000000000036,71200,
2020-09-14,5.73,5.73,5.52,5.66,-0.04999999999999982,167400,
2020-09-15,5.62,5.97,5.6,5.63,-0.03000000000000025,271900,
2020-09-16,5.55,5.91,5.5484,5.6,-0.03000000000000025,73700,
2020-09-17,5.5,5.74,5.17,5.65,0.05000000000000071,61600,
2020-09-18,5.6,5.72,5.2496,5.33,-0.3200000000000003,244000,
2020-09-21,5.25,5.2794,4.86,5.1,-0.23000000000000043,59300,
2020-09-22,5.13,5.21,4.6,4.91,-0.1899999999999995,99400,
2020-09-23,4.86,4.91,4.5,4.64,-0.27000000000000046,124500,
2020-09-24,4.65,4.89,4.53,4.54,-0.09999999999999964,62500,
2020-09-25,4.78,4.89,4.52,4.58,0.040000000000000036,53300,
2020-09-28,4.62,4.85,4.62,4.76,0.17999999999999972,36400,
2020-09-29,4.68,4.9,4.68,4.79,0.03000000000000025,29100,
2020-09-30,4.88,4.9,4.53,4.61,-0.17999999999999972,56500,
2020-10-01,4.61,4.9,4.61,4.82,0.20999999999999996,35100,
2020-10-02,4.9,4.9,4.61,4.72,-0.10000000000000053,42200,
2020-10-05,4.83,4.855,4.7,4.7,-0.019999999999999574,24100,
2020-10-06,4.7,4.8,4.28,4.3,-0.40000000000000036,60700,
2020-10-07,4.43,4.56,4.3,4.5,0.20000000000000018,49200,
2020-10-08,4.53,4.56,4.43,4.52,0.019999999999999574,19800,
2020-10-09,4.52,4.61,4.52,4.58,0.0600000000000005,16500,
2020-10-12,4.57,4.65,4.445,4.45,-0.1299999999999999,14300,
2020-10-13,4.422,4.5899,4.4,4.4,-0.04999999999999982,19000,
2020-10-14,4.475,4.8131,4.3,4.5,0.09999999999999964,43700,
2020-10-15,4.5,4.5767,4.32,4.39,-0.11000000000000032,49800,
2020-10-16,4.41,4.53,4.22,4.34,-0.04999999999999982,58400,
2020-10-19,4.3,4.51,4.3,4.51,0.16999999999999993,29800,
2020-10-20,4.51,4.6,4.34,4.59,0.08000000000000007,33900,
2020-10-21,4.5284,4.93,4.5284,4.7,0.11000000000000032,16500,
2020-10-22,4.71,4.8799,4.6468,4.8,0.09999999999999964,104500,
2020-10-23,4.8,5,4.7,4.96,0.16000000000000014,57700,
2020-10-26,4.98,4.98,4.77,4.77,-0.1900000000000004,31200,
2020-10-27,4.7,4.945,4.66,4.86,0.09000000000000075,60600,
2020-10-28,4.51,4.6623,4.3,4.49,-0.3700000000000001,139800,
2020-10-29,4.36,4.51,4.34,4.5,0.009999999999999787,92300,
2020-10-30,4.53,4.63,4.4,4.55,0.04999999999999982,84900,
2020-11-02,4.74,4.8,4.51,4.7,0.15000000000000036,52500,
2020-11-03,4.68,4.95,4.68,4.85,0.14999999999999947,59700,
2020-11-04,4.9,5,4.83,4.96,0.11000000000000032,38000,
2020-11-05,4.97,5,4.87,4.99,0.03000000000000025,74700,
2020-11-06,4.972,5.2499,4.95,5.21,0.21999999999999975,58100,
2020-11-09,5.26,5.39,4.87,4.92,-0.29000000000000004,193600,
2020-11-10,4.89,5.27,4.8,4.9,-0.019999999999999574,95800,
2020-11-11,4.94,5.04,4.9,4.9,0,102100,
2020-11-12,4.93,4.99,4.83,4.9,0,54100,
2020-11-13,4.92,5.15,4.9,4.9,0,65900,
2020-11-16,4.9,4.9253,4.75,4.81,-0.09000000000000075,54600,
2020-11-17,4.79,5,4.79,4.93,0.1200000000000001,50800,
2020-11-18,4.9,5.12,4.9,4.96,0.03000000000000025,118200,
2020-11-19,4.97,5.1,4.935,5.03,0.07000000000000028,35700,
2020-11-20,5.07,5.25,4.88,5.22,0.1899999999999995,50900,
2020-11-23,5.2,5.22,4.99,5.01,-0.20999999999999996,126700,
2020-11-24,4.98,5.08,4.61,4.72,-0.29000000000000004,95300,
2020-11-25,4.73,5.02,4.69,4.97,0.25,203500,
2020-11-27,4.96,5.01,4.85,5,0.03000000000000025,22900,
2020-11-30,5,5.05,4.76,4.85,-0.15000000000000036,71200,
2020-12-01,4.94,5.05,4.71,4.73,-0.11999999999999922,473500,
2020-12-02,4.75,5.05,4.5815,5.04,0.3099999999999996,170800,
2020-12-03,5,5.02,4.7801,5,-0.040000000000000036,217500,
2020-12-04,4.97,5,4.5701,4.99,-0.009999999999999787,362900,
2020-12-07,4.93,5.1,4.83,5.08,0.08999999999999986,607100,
2020-12-08,5,5.28,4.9526,5.2,0.1200000000000001,408600,
2020-12-09,5.22,5.5,5.17,5.5,0.2999999999999998,305200,
2020-12-10,5.5,5.74,5.45,5.56,0.05999999999999961,410300,
2020-12-11,5.355,5.88,5.355,5.74,0.1800000000000006,192700,
2020-12-14,5.85,6.04,5.7734,6,0.2599999999999998,337900,
2020-12-15,6,6.03,5.85,5.99,-0.009999999999999787,153100,
2020-12-16,6,6.11,5.57,5.99,0,124400,
2020-12-17,6.03,6.15,5.895,6.11,0.1200000000000001,142900,
2020-12-18,6.13,6.46,5.96,6.38,0.2699999999999996,221400,
2020-12-21,6.35,7.03,6.35,6.96,0.5800000000000001,208500,
2020-12-22,7.01,7.06,6.66,7.05,0.08999999999999986,221300,
2020-12-23,7.08,7.6,7.08,7.45,0.40000000000000036,165900,
2020-12-24,7.4,7.57,7.37,7.54,0.08999999999999986,147200,
2020-12-28,7.62,7.68,7.2,7.54,0,128000,
2020-12-29,7.54,7.8,7.42,7.74,0.20000000000000018,81100,
2020-12-30,7.82,7.93,7.3793,7.78,0.040000000000000036,101200,
2020-12-31,7.83,8.03,7.745,7.99,0.20999999999999996,96500,
2021-01-04,8.07,8.17,7.59,8.08,0.08999999999999986,245500,
2021-01-05,8.13,8.49,7.84,8.155,0.07499999999999929,113100,
2021-01-06,8.17,8.54,7.98,8.08,-0.07499999999999929,198800,
2021-01-07,8.22,8.4,8.13,8.23,0.15000000000000036,149500,
2021-01-08,8.28,8.39,8.12,8.3,0.07000000000000028,45600,
2021-01-11,8.26,8.43,8.2,8.34,0.03999999999999915,108300,
2021-01-12,8.33,8.52,8.1,8.33,-0.009999999999999787,138700,
2021-01-13,8.33,8.46,7.9101,8.1,-0.23000000000000043,65000,
2021-01-14,8.1,8.56,8.06,8.42,0.3200000000000003,104100,
2021-01-15,8.44,8.55,7.97,8.38,-0.03999999999999915,67700,
2021-01-19,8.42,8.63,8.403,8.54,0.15999999999999837,34700,
2021-01-20,8.62,8.7567,8.18,8.59,0.05000000000000071,117600,
2021-01-21,8.6532,8.805,8.3507,8.64,0.05000000000000071,109600,
2021-01-22,8.57,8.6226,8.43,8.53,-0.11000000000000121,20300,
2021-01-25,8.53,8.78,8.012,8.1,-0.4299999999999997,51300,
2021-01-26,8.01,8.28,7.3,7.46,-0.6399999999999997,190400,
2021-01-27,7.43,8.0153,7.35,7.49,0.03000000000000025,901900,
2021-01-28,7.43,7.7142,7.35,7.57,0.08000000000000007,201800,
2021-01-29,7.5501,7.935,7.5501,7.73,0.16000000000000014,81200,
2021-02-01,7.69,8.15,7.67,8.02,0.28999999999999915,65200,
2021-02-02,8.13,8.7,8.08,8.64,0.620000000000001,187700,
2021-02-03,8.85,9.5899,8.8,8.91,0.2699999999999996,500900,
2021-02-04,9,9.49,8.9251,9.24,0.33000000000000007,117800,
2021-02-05,9.34,9.39,9.1,9.2,-0.040000000000000924,92200,
2021-02-08,9.32,10.45,9.32,10.31,1.1100000000000012,367400,
2021-02-09,10.32,10.5,10.21,10.33,0.019999999999999574,244900,
2021-02-10,10.25,10.35,9.93,10.15,-0.17999999999999972,124900,
2021-02-11,10.12,10.43,9.36,9.38,-0.7699999999999996,177700,
2021-02-12,9.23,10.47,9.23,10.08,0.6999999999999993,92400,
2021-02-16,9.99,10.3917,9.6,9.68,-0.40000000000000036,172400,
2021-02-17,9.35,9.75,9.11,9.62,-0.0600000000000005,61000,
2021-02-18,9.42,9.67,8.8,9.04,-0.5800000000000001,122700,
2021-02-19,9.23,9.79,9.19,9.71,0.6700000000000017,125700,
2021-02-22,9.7,9.75,9.1,9.29,-0.4200000000000017,114500,
2021-02-23,9.19,9.3,8.06,9.19,-0.09999999999999964,200100,
2021-02-24,9.15,9.53,8.8548,9.02,-0.16999999999999993,33200,
2021-02-25,8.97,9.21,8.755,8.99,-0.02999999999999936,89200,
2021-02-26,8.93,9.44,8.8,8.97,-0.019999999999999574,94300,
2021-03-01,8.79,9.31,8.79,9.21,0.2400000000000002,45900,
2021-03-02,9.18,9.4953,8.755,8.89,-0.3200000000000003,89900,
2021-03-03,8.88,8.88,8.26,8.37,-0.5200000000000014,65200,
2021-03-04,8.35,8.6499,7.7464,7.87,-0.4999999999999991,98400,
2021-03-05,7.68,8.41,7.06,8.07,0.20000000000000018,104300,
2021-03-08,8.05,8.255,7.61,7.76,-0.3100000000000005,119900,
2021-03-09,7.85,8.52,7.62,7.92,0.16000000000000014,149700,
2021-03-10,7.74,8.03,7.53,7.78,-0.13999999999999968,288800,
2021-03-11,7.79,8.33,7.7738,8.26,0.47999999999999954,46200,
2021-03-12,8.19,8.4,8,8.19,-0.07000000000000028,44300,
2021-03-15,8.19,8.19,7.85,7.99,-0.1999999999999993,49000,
2021-03-16,7.94,8.3,7.9,8.03,0.03999999999999915,47400,
2021-03-17,7.99,8.14,7.67,7.81,-0.21999999999999975,56000,
2021-03-18,7.8,7.8,7.28,7.37,-0.4399999999999995,64600,
2021-03-19,7.37,8.38,7.24,7.38,0.009999999999999787,142300,
2021-03-22,7.51,7.7564,7.02,7.14,-0.2400000000000002,63000,
2021-03-23,7.14,7.14,6.57,6.78,-0.35999999999999943,95600,
2021-03-24,6.96,7.01,6.421,6.5,-0.28000000000000025,74600,
2021-03-25,6.36,6.57,6.15,6.44,-0.05999999999999961,146100,
2021-03-26,6.48,6.89,6.301,6.65,0.20999999999999996,31500,
2021-03-29,6.74,6.88,6.28,6.39,-0.2600000000000007,59600,
2021-03-30,6.35,6.74,6.28,6.74,0.35000000000000053,35300,
2021-03-31,6.66,6.98,6.66,6.76,0.019999999999999574,45900,
2021-04-01,6.76,7.0287,6.72,6.81,0.04999999999999982,42100,
2021-04-05,7.01,7.01,6.61,6.81,0,22100,
2021-04-06,6.79,6.79,6.5,6.55,-0.2599999999999998,25800,
2021-04-07,6.55,6.55,6.21,6.3,-0.25,42500,
2021-04-08,6.28,6.28,6,6.15,-0.14999999999999947,55500,
2021-04-09,6.1,6.17,5.9,5.9,-0.25,119700,
2021-04-12,5.9,6.15,5.89,6.15,0.25,88300,
2021-04-13,6.15,6.395,5.95,6.05,-0.10000000000000053,37500,
2021-04-14,6.01,6.05,5.87,5.93,-0.1200000000000001,33200,
2021-04-15,5.88,5.96,5.62,5.71,-0.21999999999999975,61900,
2021-04-16,5.8,5.93,5.5,5.9,0.1900000000000004,82200,
2021-04-19,5.81,5.81,5.6,5.73,-0.16999999999999993,25700,
2021-04-20,5.72,6.01,5.7,5.78,0.04999999999999982,48900,
2021-04-21,5.81,5.92,5.75,5.75,-0.03000000000000025,23100,
2021-04-22,5.7,6.01,5.7,5.93,0.17999999999999972,40200,
2021-04-23,5.93,6.08,5.75,5.85,-0.08000000000000007,36100,
2021-04-26,5.94,6.36,5.94,6.14,0.29000000000000004,38300,
2021-04-27,6.04,6.09,5.75,5.75,-0.3899999999999997,49000,
2021-04-28,5.74,6.17,5.64,6,0.25,15800,
2021-04-29,6,6.28,5.82,6,0,61700,
2021-04-30,5.55,5.935,5.47,5.5,-0.5,164600,
2021-05-03,5.5,5.68,5.3,5.56,0.05999999999999961,93500,
2021-05-04,5.5,5.6299,5.42,5.45,-0.10999999999999943,41200,
2021-05-05,5.47,5.58,5.41,5.44,-0.009999999999999787,66000,
2021-05-06,5.41,5.45,5.155,5.345,-0.09500000000000064,94000,
2021-05-07,5.36,5.45,5.21,5.4,0.055000000000000604,112100,
2021-05-10,5.35,5.3899,5.18,5.25,-0.15000000000000036,76700,
2021-05-11,5.11,5.285,5.11,5.15,-0.09999999999999964,48700,
2021-05-12,5.18,5.19,4.9191,5.02,-0.13000000000000078,66500,
2021-05-13,5,5.15,4.65,4.75,-0.2699999999999996,99600,
2021-05-14,4.77,5.01,4.64,4.91,0.16000000000000014,101000,
2021-05-17,4.88,4.88,4.55,4.65,-0.2599999999999998,105200,
2021-05-18,4.65,5.53,4.53,5.45,0.7999999999999998,111800,
2021-05-19,5.41,5.5,5.04,5.31,-0.14000000000000057,259500,
2021-05-20,5.36,5.42,5.07,5.07,-0.23999999999999932,36500,
2021-05-21,5.1,5.24,5.01,5.08,0.009999999999999787,11700,
2021-05-24,5.11,5.22,4.79,4.89,-0.1900000000000004,55600,
2021-05-25,4.97,4.98,4.68,4.76,-0.1299999999999999,92500,
2021-05-26,4.76,4.9039,4.61,4.61,-0.14999999999999947,41500,
2021-05-27,4.67,4.905,4.67,4.77,0.15999999999999925,43800,
2021-05-28,4.85,5.0506,4.62,4.69,-0.07999999999999918,41700,
2021-06-01,4.5,4.79,4.452,4.71,0.019999999999999574,54600,
2021-06-02,4.71,4.93,4.47,4.78,0.07000000000000028,304800,
2021-06-03,4.8,4.9195,4.605,4.65,-0.1299999999999999,38900,
2021-06-04,4.62,4.8499,4.62,4.64,-0.010000000000000675,24300,
2021-06-07,4.65,4.8099,4.5013,4.62,-0.019999999999999574,64600,
2021-06-08,4.62,4.67,4.51,4.52,-0.10000000000000053,63500,
2021-06-09,4.5,4.65,4.5,4.53,0.010000000000000675,74700,
2021-06-10,4.55,4.77,4.52,4.62,0.08999999999999986,148700,
2021-06-11,4.02,4.07,3.79,3.8,-0.8200000000000003,644500,
2021-06-14,3.9,3.971,3.35,3.39,-0.4099999999999997,561100,
2021-06-15,3.4,3.62,3.05,3.09,-0.30000000000000027,424300,
2021-06-16,3.13,3.5,3.05,3.05,-0.040000000000000036,429000,
2021-06-17,3.12,3.25,3.04,3.055,0.0050000000000003375,217400,
2021-06-18,3.05,3.09,2.94,2.95,-0.10499999999999998,252900,
2021-06-21,2.95,3,2.91,2.92,-0.03000000000000025,95500,
2021-06-22,2.95,2.96,2.88,2.89,-0.029999999999999805,196900,
2021-06-23,2.9,3,2.795,2.8,-0.0900000000000003,396100,
2021-06-24,2.83,2.98,2.82,2.95,0.15000000000000036,510400,
2021-06-25,3.02,3.15,2.9851,3.1,0.1499999999999999,615400,
2021-06-28,3.15,3.88,3.0798,3.71,0.6099999999999999,3698100,
2021-06-29,3.73,4.2,3.4,3.85,0.14000000000000012,4574300,
2021-06-30,3.26,3.29,2.81,2.88,-0.9700000000000002,1320400,
2021-07-01,2.9,3.06,2.81,2.83,-0.04999999999999982,537200,
2021-07-02,2.9,3.016,2.67,2.88,0.04999999999999982,691900,
2021-07-06,2.82,3.3893,2.76,3.32,0.43999999999999995,2839500,
2021-07-07,3.19,3.29,2.8,2.99,-0.3299999999999996,1403700,
2021-07-08,2.65,2.9847,2.62,2.83,-0.16000000000000014,526500,
2021-07-09,2.86,2.88,2.73,2.8,-0.03000000000000025,477400,
2021-07-12,2.78,2.79,2.6302,2.76,-0.040000000000000036,322100,
2021-07-13,2.78,3.06,2.72,2.77,0.010000000000000231,1315900,
2021-07-14,2.76,2.84,2.66,2.75,-0.020000000000000018,337300,
2021-07-15,2.67,2.79,2.66,2.75,0,301900,
2021-07-16,2.77,2.78,2.63,2.64,-0.10999999999999988,322400,
2021-07-19,2.58,2.62,2.5,2.54,-0.10000000000000009,211000,
2021-07-20,2.53,2.6699,2.53,2.58,0.040000000000000036,241500,
2021-07-21,2.57,2.69,2.55,2.62,0.040000000000000036,590300,
2021-07-22,2.7227,2.73,2.6005,2.7,0.08000000000000007,436900,
2021-07-23,2.69,2.69,2.4,2.56,-0.14000000000000012,605100,
2021-07-26,2.54,2.62,2.5242,2.57,0.009999999999999787,211100,
2021-07-27,2.56,2.58,2.47,2.55,-0.020000000000000018,346400,
2021-07-28,2.4435,2.65,2.4435,2.56,0.010000000000000231,249800,
2021-07-29,2.57,2.62,2.42,2.43,-0.1299999999999999,246400,
2021-07-30,2.6,2.6899,2.38,2.42,-0.010000000000000231,342100,
2021-08-02,2.39,2.5142,2.3,2.41,-0.009999999999999787,253900,
2021-08-03,2.39,2.48,2.39,2.445,0.0349999999999997,339200,
2021-08-04,2.49,2.5,2.43,2.43,-0.01499999999999968,314600,
2021-08-05,2.48,2.4901,2.4,2.4,-0.03000000000000025,400300,
2021-08-06,2.44,2.49,2.39,2.41,0.010000000000000231,301000,
2021-08-09,2.41,2.49,2.32,2.42,0.009999999999999787,217100,
2021-08-10,2.46,2.48,2.35,2.39,-0.029999999999999805,199700,
2021-08-11,2.44,2.4801,2.36,2.45,0.06000000000000005,629700,
2021-08-12,2.47,2.55,2.43,2.53,0.07999999999999963,316200,
2021-08-13,2.52,2.54,2.41,2.5,-0.029999999999999805,376500,
2021-08-16,2.69,2.87,2.5998,2.75,0.25,1046400,
2021-08-17,2.73,2.75,2.54,2.74,-0.009999999999999787,422000,
2021-08-18,2.69,2.9186,2.6601,2.74,0,399400,
2021-08-19,2.73,2.86,2.59,2.69,-0.050000000000000266,581600,
2021-08-20,2.71,2.82,2.6901,2.74,0.050000000000000266,199800,
2021-08-23,2.75,2.8199,2.65,2.74,0,210600,
2021-08-24,2.74,3,2.72,2.94,0.19999999999999973,916600,
2021-08-25,2.93,3.04,2.81,2.81,-0.1299999999999999,417600,
2021-08-26,2.79,2.9,2.67,2.725,-0.08499999999999996,524400,
2021-08-27,2.75,2.79,2.66,2.73,0.004999999999999893,715300,
2021-08-30,2.71,2.76,2.65,2.74,0.010000000000000231,345200,
2021-08-31,2.71,3.0001,2.71,2.93,0.18999999999999995,428100,
2021-09-01,2.93,3.01,2.8,2.94,0.009999999999999787,546800,
2021-09-02,2.97,2.98,2.81,2.86,-0.08000000000000007,317900,
2021-09-03,2.86,2.97,2.835,2.87,0.010000000000000231,184600,
2021-09-07,2.82,2.8817,2.78,2.795,-0.07500000000000018,160700,
2021-09-08,2.8,2.8,2.66,2.71,-0.08499999999999996,160700,
2021-09-09,2.67,2.8375,2.67,2.77,0.06000000000000005,120200,
2021-09-10,2.8,2.86,2.74,2.76,-0.010000000000000231,147200,
2021-09-13,2.78,2.8202,2.69,2.73,-0.029999999999999805,231600,
2021-09-14,2.74,2.8,2.58,2.58,-0.1499999999999999,250300,
2021-09-15,2.6,2.67,2.55,2.59,0.009999999999999787,84500,
2021-09-16,2.56,2.6099,2.51,2.56,-0.029999999999999805,64300,
2021-09-17,2.55,2.62,2.51,2.62,0.06000000000000005,135200,
2021-09-20,2.53,2.6,2.42,2.47,-0.1499999999999999,232400,
2021-09-21,2.48,2.59,2.44,2.47,0,489400,
2021-09-22,2.51,2.64,2.46,2.5,0.029999999999999805,141300,
2021-09-23,2.5,2.56,2.49,2.51,0.009999999999999787,81500,
2021-09-24,2.5,2.535,2.44,2.49,-0.019999999999999574,167000,
2021-09-27,2.5,2.55,2.4648,2.51,0.019999999999999574,79200,
2021-09-28,2.46,2.6199,2.45,2.56,0.050000000000000266,161100,
2021-09-29,2.56,2.6374,2.5,2.525,-0.03500000000000014,185300,
2021-09-30,2.53,2.6,2.46,2.48,-0.04499999999999993,162200,
2021-10-01,2.48,2.56,2.4381,2.49,0.010000000000000231,110500,
2021-10-04,2.51,2.5897,2.38,2.4,-0.0900000000000003,205400,
2021-10-05,2.42,2.48,2.39,2.45,0.050000000000000266,117900,
2021-10-06,2.41,2.52,2.38,2.39,-0.06000000000000005,114500,
2021-10-07,2.4,2.48,2.39,2.41,0.020000000000000018,109500,
2021-10-08,2.42,2.475,2.34,2.34,-0.07000000000000028,79800,
2021-10-11,2.34,2.37,2.16,2.2,-0.13999999999999968,244100,
2021-10-12,2.22,2.3,2.1,2.13,-0.07000000000000028,181800,
2021-10-13,2.12,2.17,2.1,2.14,0.010000000000000231,169600,
2021-10-14,2.12,2.1515,2.1,2.12,-0.020000000000000018,118100,
2021-10-15,2.22,2.23,2.11,2.11,-0.010000000000000231,60700,
2021-10-18,2.14,2.1445,2.07,2.11,0,97600,
2021-10-19,2.12,2.2108,2.11,2.17,0.06000000000000005,88200,
2021-10-20,2.21,2.23,2.14,2.185,0.015000000000000124,97500,
2021-10-21,2.17,2.1859,2.1,2.16,-0.02499999999999991,112700,
2021-10-22,2.16,2.24,2.09,2.21,0.04999999999999982,153300,
2021-10-25,2.23,2.37,2.2002,2.35,0.14000000000000012,175000,
2021-10-26,2.37,2.42,2.305,2.32,-0.03000000000000025,137700,
2021-10-27,2.31,2.33,2.1602,2.23,-0.08999999999999986,118300,
2021-10-28,2.25,2.2953,2.075,2.11,-0.1200000000000001,197400,
2021-10-29,2.16,2.2,1.92,2.05,-0.06000000000000005,485600,
2021-11-01,2.04,2.16,1.99,2.12,0.07000000000000028,390800,
2021-11-02,2.12,2.1226,1.97,1.99,-0.13000000000000012,142300,
2021-11-03,1.99,2.09,1.99,2.05,0.05999999999999983,137300,
2021-11-04,2.1,2.33,2.0994,2.23,0.18000000000000016,216800,
2021-11-05,2.24,2.35,2.23,2.24,0.010000000000000231,211100,
2021-11-08,2.27,2.36,2.27,2.29,0.04999999999999982,153200,
2021-11-09,2.252,2.348,2.25,2.32,0.029999999999999805,105800,
2021-11-10,2.32,2.38,2.26,2.32,0,144000,
2021-11-11,2.36,2.42,2.28,2.41,0.0900000000000003,130000,
2021-11-12,2.46,2.56,2.41,2.51,0.09999999999999964,237800,
2021-11-15,2.54,2.55,2.41,2.54,0.03000000000000025,78800,
2021-11-16,2.54,2.75,2.4331,2.71,0.16999999999999993,229900,
2021-11-17,2.74,2.8099,2.6,2.79,0.08000000000000007,184000,
2021-11-18,2.82,2.8203,2.58,2.61,-0.18000000000000016,194500,
2021-11-19,2.64,2.6503,2.34,2.36,-0.25,211800,
2021-11-22,2.37,2.45,2.11,2.19,-0.16999999999999993,255600,
2021-11-23,2.2,2.265,1.99,1.99,-0.19999999999999996,288800,
2021-11-24,1.99,2.11,1.97,2.07,0.07999999999999985,170300,
2021-11-26,2.02,2.08,1.95,2.05,-0.020000000000000018,125100,
2021-11-29,2.04,2.14,2,2.03,-0.020000000000000018,233000,
2021-11-30,2,2.085,2,2.01,-0.020000000000000018,242100,
2021-12-01,2.02,2.1,2,2,-0.009999999999999787,73900,
2021-12-02,2.04,2.08,1.97,2.01,0.009999999999999787,52500,
2021-12-03,2.075,2.075,1.925,2.01,0,127900,
2021-12-06,2.11,2.17,1.93,2.12,0.11000000000000032,96800,
2021-12-07,2.15,2.34,2.1498,2.28,0.1599999999999997,74300,
2021-12-08,2.26,2.4,2.23,2.38,0.10000000000000009,25600,
2021-12-09,2.37,2.4514,2.28,2.43,0.050000000000000266,70700,
2021-12-10,2.41,2.465,2.34,2.34,-0.0900000000000003,49900,
2021-12-13,2.31,2.31,2,2.01,-0.33000000000000007,133900,
2021-12-14,2,2.12,1.98,2.01,0,63400,
2021-12-15,2.01,2.07,1.93,1.94,-0.06999999999999984,105400,
2021-12-16,1.94,2.04,1.86,1.9,-0.040000000000000036,158700,
2021-12-17,1.89,1.935,1.85,1.88,-0.020000000000000018,163500,
2021-12-20,1.85,1.9,1.83,1.88,0,97100,
2021-12-21,1.9,2.04,1.88,2.04,0.16000000000000014,49300,
2021-12-22,1.97,2.0699,1.93,1.93,-0.1100000000000001,100000,
2021-12-23,1.95,1.985,1.93,1.95,0.020000000000000018,57400,
2021-12-27,1.95,2.01,1.87,1.96,0.010000000000000009,164300,
2021-12-28,1.93,2.015,1.93,1.96,0,63200,
2021-12-29,1.99,2,1.92,1.96,0,70100,
2021-12-30,1.96,2.14,1.96,2.02,0.06000000000000005,124300,
2021-12-31,1.99,2.15,1.98,2.12,0.10000000000000009,56700,
2022-01-03,2.12,2.27,2.12,2.19,0.06999999999999984,29200,
2022-01-04,2.23,2.23,2.14,2.16,-0.029999999999999805,14100,
2022-01-05,2.13,2.19,1.98,2,-0.16000000000000014,87200,
2022-01-06,1.97,2.11,1.95,2.055,0.05500000000000016,40000,
2022-01-07,2.07,2.07,1.96,1.98,-0.07500000000000018,76800,
2022-01-10,1.96,2.02,1.91,2,0.020000000000000018,66900,
2022-01-11,1.99,2.05,1.98,2.01,0.009999999999999787,35200,
2022-01-12,2.03,2.04,1.9772,1.98,-0.029999999999999805,13100,
2022-01-13,2.01,2.01,1.9496,1.95,-0.030000000000000027,31300,
2022-01-14,1.9429,1.9699,1.88,1.96,0.010000000000000009,85600,
2022-01-18,1.9402,1.9499,1.88,1.8802,-0.07979999999999987,51300,
2022-01-19,1.88,1.91,1.84,1.86,-0.020199999999999996,63700,
2022-01-20,1.8447,1.9169,1.8219,1.84,-0.020000000000000018,41500,
2022-01-21,1.83,1.89,1.8,1.82,-0.020000000000000018,66500,
2022-01-24,1.8,1.885,1.78,1.86,0.040000000000000036,67000,
2022-01-25,1.82,1.95,1.82,1.825,-0.03500000000000014,31600,
2022-01-26,1.9,1.95,1.81,1.845,0.020000000000000018,56800,
2022-01-27,1.85,1.9,1.85,1.85,0.0050000000000001155,21800,
2022-01-28,1.88,1.88,1.81,1.88,0.029999999999999805,17300,
2022-01-31,1.822,2.0598,1.822,1.98,0.10000000000000009,36400,
2022-02-01,2.03,2.2,1.94,1.98,0,46300,
2022-02-02,1.96,2,1.91,1.92,-0.06000000000000005,14100,
2022-02-03,1.91,1.96,1.87,1.89,-0.030000000000000027,18700,
2022-02-04,1.9,1.95,1.86,1.92,0.030000000000000027,9800,
2022-02-07,1.8776,1.95,1.82,1.855,-0.06499999999999995,39000,
2022-02-08,1.85,1.94,1.81,1.925,0.07000000000000006,45900,
2022-02-09,1.92,2.07,1.9048,2,0.07499999999999996,55000,
2022-02-10,2,2.02,1.96,2.01,0.009999999999999787,44900,
2022-02-11,2.0102,2.0102,2,2,-0.009999999999999787,11300,
2022-02-14,2,2.05,2,2,0,11600,
2022-02-15,2,2.05,1.92,1.96,-0.040000000000000036,36000,
2022-02-16,1.96,1.98,1.88,1.96,0,26600,
2022-02-17,1.938,1.938,1.88,1.88,-0.08000000000000007,20900,
2022-02-18,1.942,1.9668,1.82,1.8544,-0.025599999999999845,23700,
2022-02-22,1.8162,1.9799,1.8162,1.89,0.035599999999999854,21400,
2022-02-23,1.89,1.89,1.81,1.82,-0.06999999999999984,29000,
2022-02-24,1.81,1.89,1.78,1.86,0.040000000000000036,34200,
2022-02-25,1.86,1.93,1.85,1.9,0.039999999999999813,16100,
2022-02-28,1.87,1.94,1.85,1.91,0.010000000000000009,25500,
2022-03-01,1.89,1.94,1.8471,1.88,-0.030000000000000027,9000,
2022-03-02,1.91,1.92,1.85,1.85,-0.029999999999999805,11900,
2022-03-03,1.85,1.9,1.78,1.79,-0.06000000000000005,16500,
2022-03-04,1.8137,1.855,1.72,1.73,-0.06000000000000005,28300,
2022-03-07,1.74,1.7728,1.66,1.7,-0.030000000000000027,58300,
2022-03-08,1.67,1.8,1.66,1.69,-0.010000000000000009,33100,
2022-03-09,1.72,1.7623,1.66,1.7,0.010000000000000009,43700,
2022-03-10,1.69,1.8027,1.65,1.69,-0.010000000000000009,27100,
2022-03-11,1.6601,1.7141,1.6282,1.65,-0.040000000000000036,16500,
2022-03-14,1.63,1.8229,1.51,1.54,-0.10999999999999988,250600,
2022-03-15,1.6009,1.6009,1.53,1.53,-0.010000000000000009,26500,
2022-03-16,1.54,1.66,1.54,1.65,0.11999999999999988,20000,
2022-03-17,1.6,1.82,1.6,1.8,0.15000000000000013,32500,
2022-03-18,1.81,1.8199,1.67,1.7,-0.10000000000000009,37700,
2022-03-21,1.7197,1.7197,1.6304,1.66,-0.040000000000000036,7600,
2022-03-22,1.7,1.703,1.6201,1.69,0.030000000000000027,20400,
2022-03-23,1.63,1.75,1.595,1.73,0.040000000000000036,97500,
2022-03-24,1.71,1.9,1.71,1.88,0.1499999999999999,35500,
2022-03-25,1.94,1.98,1.87,1.98,0.10000000000000009,67700,
2022-03-28,1.95,1.9699,1.78,1.84,-0.1399999999999999,30400,
2022-03-29,1.84,1.98,1.8,1.93,0.08999999999999986,108200,
2022-03-30,1.9,1.98,1.79,1.8493,-0.0807,22700,
2022-03-31,1.85,1.85,1.72,1.76,-0.08929999999999993,40200,
2022-04-01,1.71,1.84,1.71,1.8,0.040000000000000036,15400,
2022-04-04,1.74,1.98,1.74,1.86,0.06000000000000005,23400,
2022-04-05,1.9515,1.9515,1.79,1.79,-0.07000000000000006,31100,
2022-04-06,1.779,1.89,1.7167,1.76,-0.030000000000000027,10400,
2022-04-07,1.8,1.8,1.71,1.79,0.030000000000000027,22000,
2022-04-08,1.7001,1.8231,1.7001,1.8091,0.019099999999999895,15000,
2022-04-11,1.8,1.85,1.72,1.83,0.02090000000000014,13600,
2022-04-12,1.8584,1.9199,1.8009,1.84,0.010000000000000009,30100,
2022-04-13,1.8634,1.9029,1.8,1.83,-0.010000000000000009,33100,
2022-04-14,1.82,1.82,1.71,1.74,-0.09000000000000008,55100,
2022-04-18,1.71,1.735,1.56,1.58,-0.15999999999999992,141300,
2022-04-19,1.56,1.65,1.56,1.63,0.04999999999999982,69200,
2022-04-20,1.61,1.63,1.56,1.575,-0.05499999999999994,38900,
2022-04-21,1.615,1.615,1.54,1.55,-0.02499999999999991,49500,
2022-04-22,1.57,1.5844,1.39,1.46,-0.09000000000000008,68500,
2022-04-25,1.47,1.515,1.42,1.5,0.040000000000000036,16700,
2022-04-26,1.4843,1.5491,1.44,1.47,-0.030000000000000027,15800,
2022-04-27,1.45,1.46,1.37,1.37,-0.09999999999999987,26800,
2022-04-28,1.41,1.413,1.22,1.375,0.004999999999999893,198200,
2022-04-29,1.35,1.3983,1.265,1.29,-0.08499999999999996,49500,
2022-05-02,1.26,1.35,1.26,1.31,0.020000000000000018,26000,
2022-05-03,1.35,1.4,1.32,1.37,0.06000000000000005,45000,
2022-05-04,1.33,1.42,1.32,1.4,0.029999999999999805,21400,
2022-05-05,1.36,1.41,1.31,1.34,-0.05999999999999983,43000,
2022-05-06,1.37,1.37,1.21,1.24,-0.10000000000000009,237200,
2022-05-09,1.2,1.31,1.13,1.13,-0.1100000000000001,170100,
2022-05-10,1.285,1.285,1.1,1.16,0.030000000000000027,105000,
2022-05-11,1.17,1.17,1.0712,1.08,-0.07999999999999985,110100,
2022-05-12,1.07,1.12,1.0364,1.07,-0.010000000000000009,20000,
2022-05-13,1.03,1.1153,0.98,1,-0.07000000000000006,75500,
2022-05-16,1.024,1.0913,1,1.01,0.010000000000000009,34600,
2022-05-17,1.06,1.11,1,1.07,0.06000000000000005,80200,
2022-05-18,1.06,1.13,1.06,1.1,0.030000000000000027,7700,
2022-05-19,1.15,1.17,1.1401,1.15,0.04999999999999982,32800,
2022-05-20,1.17,1.17,1.07,1.16,0.010000000000000009,34600,
2022-05-23,1.18,1.18,1.09,1.09,-0.06999999999999984,15800,
2022-05-24,1.09,1.09,0.93,0.9348,-0.15520000000000012,210500,
2022-05-25,0.92,1.0399,0.92,0.9895,0.05470000000000008,58900,
2022-05-26,1.04,1.06,0.95,0.95,-0.03950000000000009,97600,
2022-05-27,0.99,1.01,0.93,0.998,0.04800000000000004,30100,
2022-05-31,0.98,1.0269,0.9301,0.98,-0.018000000000000016,72500,
2022-06-01,1.02,1.02,0.97,0.992,0.01200000000000001,58000,
2022-06-02,0.97,1.06,0.97,1.04,0.04800000000000004,119500,
2022-06-03,1.0999,1.0999,1.0607,1.08,0.040000000000000036,12300,
2022-06-06,1.08,1.08,1,1.06,-0.020000000000000018,26900,
2022-06-07,1.02,1.03,0.97,1.01,-0.050000000000000044,54000,
2022-06-08,1.05,1.06,1.01,1.03,0.020000000000000018,23000,
2022-06-09,1.03,1.03,1,1,-0.030000000000000027,19000,
2022-06-10,0.99,1.0101,0.9219,0.97,-0.030000000000000027,48100,
2022-06-13,0.96,0.98,0.82,0.84,-0.13,207900,
2022-06-14,0.83,0.86,0.82,0.85,0.010000000000000009,69600,
2022-06-15,0.865,0.865,0.8102,0.834,-0.016000000000000014,64600,
2022-06-16,0.8,0.8325,0.75,0.76,-0.07399999999999995,98500,
2022-06-17,0.8,0.82,0.7751,0.8101,0.05010000000000003,16300,
2022-06-21,0.8506,0.8592,0.812,0.8302,0.020100000000000007,34300,
2022-06-22,0.84,0.8403,0.81,0.8147,-0.01550000000000007,60800,
2022-06-23,0.8391,0.91,0.8391,0.88,0.06530000000000002,22600,
2022-06-24,0.86,0.9376,0.81,0.81,-0.06999999999999995,42000,
2022-06-27,0.8719,0.8719,0.83,0.83,0.019999999999999907,15900,
2022-06-28,0.8,0.878,0.8,0.835,0.0050000000000000044,7800,
2022-06-29,0.85,0.878,0.835,0.835,0,500,
2022-06-30,0.8,0.864,0.8,0.805,-0.029999999999999916,20200,
2022-07-01,0.8001,0.8481,0.7996,0.8,-0.0050000000000000044,12500,
2022-07-05,0.874,0.874,0.7935,0.8001,0.00009999999999998899,31000,
2022-07-06,0.8139,0.825,0.7851,0.7899,-0.010199999999999987,21600,
2022-07-07,0.79,0.7955,0.7599,0.785,-0.0049000000000000155,27200,
2022-07-08,0.757,0.804,0.757,0.804,0.019000000000000017,8300,
2022-07-11,0.79,0.81,0.784,0.7988,-0.0052000000000000934,4000,
2022-07-12,0.777,0.86,0.75,0.7937,-0.005099999999999993,49500,
2022-07-13,0.759,0.7973,0.75,0.7681,-0.025599999999999956,35700,
2022-07-14,0.761,0.8015,0.76,0.791,0.02290000000000003,12800,
2022-07-15,0.776,0.8199,0.775,0.792,0.0010000000000000009,7600,
2022-07-18,0.781,0.781,0.76,0.7652,-0.026800000000000046,9700,
2022-07-19,0.78,0.82,0.7652,0.815,0.049799999999999955,66700,
2022-07-20,0.8142,0.8195,0.8,0.8006,-0.014399999999999968,31600,
2022-07-21,0.8001,0.8015,0.7,0.796,-0.0045999999999999375,66800,
2022-07-22,0.74,0.7851,0.639,0.7751,-0.02090000000000003,9100,
2022-07-25,0.767,0.77,0.725,0.74,-0.03510000000000002,59300,
2022-07-26,0.777,0.777,0.7377,0.74,0,16400,
2022-07-27,0.74,0.74,0.73,0.7375,-0.0024999999999999467,20600,
2022-07-28,0.7404,0.777,0.7404,0.755,0.01749999999999996,21800,
2022-07-29,0.78,0.79,0.755,0.79,0.03500000000000003,46800,
2022-08-01,0.79,0.81,0.777,0.8089,0.018899999999999917,23700,
2022-08-02,0.7814,0.815,0.7814,0.8,-0.008899999999999908,10600,
2022-08-03,0.805,0.815,0.79,0.8107,0.010699999999999932,25400,
2022-08-04,0.81,0.82,0.8,0.81,-0.0006999999999999229,17700,
2022-08-05,0.81,0.81,0.8,0.803,-0.007000000000000006,35200,
2022-08-08,0.802,0.8141,0.802,0.8141,0.011099999999999999,12700,
2022-08-09,0.8062,0.82,0.8005,0.8099,-0.0042000000000000925,11600,
2022-08-10,0.81,0.88,0.8,0.8,-0.009899999999999909,48500,
2022-08-11,0.89,0.8903,0.8101,0.8376,0.03759999999999997,145900,
2022-08-12,0.82,0.826,0.78,0.78,-0.057599999999999985,113900,
2022-08-15,0.84,0.84,0.782,0.8325,0.05249999999999999,50400,
2022-08-16,0.8001,0.836,0.77,0.77,-0.0625,66800,
2022-08-17,0.77,0.804,0.71,0.7351,-0.03490000000000004,115900,
2022-08-18,0.74,0.7527,0.68,0.69,-0.04510000000000003,100900,
2022-08-19,0.7,0.725,0.69,0.6999,0.00990000000000002,25000,
2022-08-22,0.7,0.7,0.69,0.6995,-0.00039999999999995595,12100,
2022-08-23,0.7,0.725,0.6007,0.61,-0.08950000000000002,139800,
2022-08-24,0.611,0.65,0.611,0.6472,0.03720000000000001,64100,
2022-08-25,0.6489,0.68,0.6472,0.6625,0.01529999999999998,30300,
2022-08-26,0.68,0.692,0.6325,0.6396,-0.02290000000000003,40300,
2022-08-29,0.64,0.64,0.61,0.611,-0.02859999999999996,48200,
2022-08-30,0.611,0.6346,0.611,0.6346,0.023600000000000065,12400,
2022-08-31,0.6246,0.6776,0.621,0.6542,0.01959999999999995,24700,
2022-09-01,0.622,0.6773,0.622,0.6771,0.02290000000000003,4800,
2022-09-02,0.63,0.67,0.622,0.6301,-0.04700000000000004,43700,
2022-09-06,0.63,0.6469,0.622,0.6429,0.012800000000000034,20200,
2022-09-07,0.6351,0.658,0.616,0.658,0.015100000000000002,40600,
2022-09-08,0.622,0.683,0.622,0.6801,0.02210000000000001,20500,
2022-09-09,0.63,0.71,0.63,0.7,0.019899999999999918,68400,
2022-09-12,0.73,0.73,0.7153,0.72,0.020000000000000018,39000,
2022-09-13,0.72,0.74,0.701,0.7201,0.00009999999999998899,119700,
2022-09-14,0.72,0.75,0.701,0.701,-0.019100000000000006,32200,
2022-09-15,0.703,0.73,0.701,0.7271,0.026100000000000012,11300,
2022-09-16,0.7295,0.75,0.69,0.7156,-0.011499999999999955,54700,
2022-09-19,0.69,0.72,0.65,0.651,-0.06459999999999999,30300,
2022-09-20,0.651,0.678,0.622,0.64,-0.01100000000000001,55800,
2022-09-21,0.636,0.6384,0.622,0.638,-0.0020000000000000018,25100,
2022-09-22,0.6219,0.6296,0.6219,0.6295,-0.008500000000000063,5600,
2022-09-23,0.6595,0.6631,0.6225,0.632,0.0025000000000000577,13000,
2022-09-26,0.63,0.632,0.6101,0.6101,-0.02190000000000003,30200,
2022-09-27,0.6101,0.6199,0.6101,0.6101,0,6000,
2022-09-28,0.6103,0.6259,0.61,0.62,0.00990000000000002,12200,
2022-09-29,0.62,0.6299,0.62,0.6249,0.0049000000000000155,3200,
2022-09-30,0.62,0.625,0.61,0.61,-0.014900000000000024,28800,
2022-10-03,0.61,0.6325,0.61,0.63,0.020000000000000018,17800,
2022-10-04,0.63,0.65,0.6161,0.6302,0.00019999999999997797,21700,
2022-10-05,0.63,0.69,0.63,0.64,0.009800000000000031,27400,
2022-10-06,0.64,0.67,0.63,0.63,-0.010000000000000009,4300,
2022-10-07,0.65,0.7475,0.63,0.64,0.010000000000000009,64600,
2022-10-10,0.67,0.75,0.67,0.75,0.10999999999999999,60500,
2022-10-11,0.7489,0.79,0.68,0.7701,0.020100000000000007,40100,
2022-10-12,0.8001,0.9,0.8,0.9,0.12990000000000002,77800,
2022-10-13,0.9,1.05,0.89,0.9899,0.08989999999999998,99200,
2022-10-14,1,1,0.85,0.9,-0.08989999999999998,42400,
2022-10-17,0.89,0.9301,0.89,0.9226,0.022599999999999953,40700,
2022-10-18,0.96,0.96,0.9201,0.9203,-0.0022999999999999687,31300,
2022-10-19,0.95,0.955,0.86,0.88,-0.0403,45100,
2022-10-20,0.85,0.9,0.85,0.86,-0.020000000000000018,5000,
2022-10-21,0.86,0.8823,0.86,0.86,0,22400,
2022-10-24,0.9,0.9,0.86,0.86,0,9700,
2022-10-25,0.86,0.9,0.86,0.89,0.030000000000000027,27300,
2022-10-26,0.9,0.9,0.85,0.88,-0.010000000000000009,11100,
2022-10-27,0.85,0.9,0.85,0.89,0.010000000000000009,12400,
2022-10-28,0.9,0.9,0.85,0.8954,0.00539999999999996,7500,
2022-10-31,0.9,0.94,0.8586,0.94,0.04459999999999997,4700,
2022-11-01,0.94,0.94,0.8501,0.93,-0.009999999999999898,4600,
2022-11-02,0.9299,0.945,0.925,0.94,0.009999999999999898,11400,
2022-11-03,0.926,0.9399,0.9101,0.9101,-0.029899999999999927,2400,
2022-11-04,0.94,0.9497,0.8701,0.9447,0.034599999999999964,21200,
2022-11-07,0.95,1,0.9497,0.98,0.0353,35700,
2022-11-08,1,1,0.9295,0.96,-0.020000000000000018,27300,
2022-11-09,0.9359,0.9599,0.871,0.9169,-0.043099999999999916,48100,
2022-11-10,0.9,0.9499,0.9,0.9101,-0.006800000000000028,5500,
2022-11-11,0.9102,0.925,0.83,0.86,-0.05010000000000003,76100,
2022-11-14,0.85,0.8873,0.8103,0.8208,-0.03920000000000001,18800,
2022-11-15,0.81,0.81,0.618,0.7203,-0.10049999999999992,90800,
2022-11-16,0.7,0.768,0.6359,0.71,-0.010300000000000087,87700,
2022-11-17,0.7,0.72,0.6501,0.68,-0.029999999999999916,26900,
2022-11-18,0.6651,0.68,0.63,0.631,-0.049000000000000044,56200,
2022-11-21,0.64,0.6411,0.5899,0.59,-0.041000000000000036,75500,
2022-11-22,0.58,0.58,0.54,0.5585,-0.03149999999999997,46500,
2022-11-23,0.57,0.5727,0.5595,0.5658,0.007299999999999973,13100,
2022-11-25,0.565,0.565,0.55,0.558,-0.007799999999999918,28100,
2022-11-28,0.552,0.5639,0.5,0.508,-0.050000000000000044,28500,
2022-11-29,0.5,0.5399,0.5,0.5202,0.012199999999999989,15900,
2022-11-30,0.5201,0.5499,0.52,0.52,-0.00019999999999997797,15500,
2022-12-01,0.55,0.58,0.52,0.535,0.015000000000000013,12900,
2022-12-02,0.52,0.555,0.52,0.555,0.020000000000000018,21300,
2022-12-05,0.5376,0.5851,0.5202,0.53,-0.025000000000000022,86800,
2022-12-06,0.525,0.525,0.48,0.4816,-0.048400000000000054,20000,
2022-12-07,0.5,0.57,0.5,0.5099,0.028300000000000047,101800,
2022-12-08,0.5353,0.5476,0.4865,0.5001,-0.009800000000000031,21300,
2022-12-09,0.5001,0.56,0.5001,0.51,0.00990000000000002,74600,
2022-12-12,0.5098,0.5098,0.49,0.5,-0.010000000000000009,49900,
2022-12-13,0.5,0.525,0.4874,0.5005,0.0004999999999999449,177100,
2022-12-14,0.53,0.53,0.4865,0.49,-0.010499999999999954,128200,
2022-12-15,0.55,0.5549,0.4726,0.4726,-0.01739999999999997,80500,
2022-12-16,0.47,0.5,0.44,0.44,-0.03260000000000002,150100,
2022-12-19,0.88,0.89,0.867,0.88,0.44,4185200,
2022-12-20,0.88,0.89,0.8731,0.8801,0.00009999999999998899,1206600,
2022-12-21,0.88,0.8876,0.877,0.878,-0.0020999999999999908,437300,
2022-12-22,0.8819,0.8825,0.877,0.8825,0.0044999999999999485,548200,
2022-12-23,0.8778,0.8822,0.8778,0.88,-0.0024999999999999467,138000,
2022-12-27,0.88,0.8874,0.879,0.8831,0.0030999999999999917,210600,
2022-12-28,0.8801,0.8864,0.88,0.8802,-0.0029000000000000137,103100,
2022-12-29,0.88,0.8867,0.88,0.8801,-0.00009999999999998899,67600,
2022-12-30,0.8801,0.894,0.8801,0.8937,0.013600000000000056,280400,
2023-01-03,0.8836,0.89,0.8835,0.89,-0.0037000000000000366,8800,
2023-01-04,0.8801,0.89,0.8801,0.885,-0.0050000000000000044,73200,
2023-01-05,0.8815,0.9006,0.8815,0.8971,0.0121,393900,
2023-01-06,0.883,0.8901,0.883,0.89,-0.007099999999999995,81900,
2023-01-09,0.8901,0.899,0.8862,0.8873,-0.0027000000000000357,34800,
2023-01-10,0.89,0.8948,0.8852,0.889,0.0017000000000000348,32800,
2023-01-11,0.8854,0.8925,0.8854,0.8885,-0.000500000000000056,103200,
2023-01-12,0.8885,0.891,0.8885,0.89,0.0015000000000000568,212600,
2023-01-13,0.8899,0.891,0.8887,0.89,0,217900,
2023-01-17,0.89,0.891,0.8886,0.8901,0.00009999999999998899,189000,
2023-01-18,0.89,0.891,0.89,0.8901,0,750600,
2023-01-19,0.89,0.8909,0.89,0.89,-0.00009999999999998899,281200,
2023-01-20,0.89,0.8909,0.8854,0.8905,0.0004999999999999449,341800,
2023-01-23,0.89,0.8905,0.89,0.8904,-0.00009999999999998899,91300,
2023-01-24,0.8905,0.891,0.8902,0.8905,0.00009999999999998899,259300,
2023-01-25,0.891,0.891,0.888,0.8902,-0.00029999999999996696,126800,
2023-01-26,0.891,0.891,0.888,0.8909,0.0007000000000000339,71500,
2023-01-27,0.8909,0.8915,0.8883,0.8915,0.0005999999999999339,96200,
2023-01-30,0.89,0.8915,0.8882,0.8894,-0.0020999999999999908,25100,
2023-01-31,0.8882,0.892,0.8882,0.8919,0.0025000000000000577,125400,
2023-02-01,0.892,0.892,0.8893,0.8901,-0.0018000000000000238,70100,
2023-02-02,0.89,0.892,0.8899,0.891,0.0009000000000000119,99800,
2023-02-03,0.8909,0.8974,0.8896,0.8931,0.0020999999999999908,105400,
2023-02-06,0.8907,0.9,0.8907,0.8999,0.006800000000000028,65400,
2023-02-07,0.8924,0.8925,0.8924,0.8925,-0.007400000000000073,6400,
2023-02-08,0.9,0.9,0.898,0.8988,0.006300000000000083,46200,
Downloaded from Barchart.com as of 12-06-2025 12:32pm CST