"Symbol: UFS",,,,,,"Study: VOL (LikeMain)",
"Date Time","Open","High","Low","Close","Change","Volume","Open Interest"
2016-10-31,36.07,36.08,35.75,35.95,0,547300,
2016-11-01,36.01,36.1,34.68,34.78,-1.1700000000000017,540000,
2016-11-02,34.75,34.9,34.32,34.32,-0.46000000000000085,483100,
2016-11-03,34.32,34.6,34.06,34.35,0.030000000000001137,375400,
2016-11-04,34.31,34.92,34.27,34.3,-0.05000000000000426,397600,
2016-11-07,34.66,34.96,34.04,34.25,-0.04999999999999716,555300,
2016-11-08,34.18,34.48,33.99,34.3,0.04999999999999716,492300,
2016-11-09,34.08,35.76,34.01,35.56,1.2600000000000051,433600,
2016-11-10,35.75,36.44,35.75,36,0.4399999999999977,416700,
2016-11-11,36,36.52,35.79,36.51,0.509999999999998,438800,
2016-11-14,38.1,38.1,36.71,37.89,1.3800000000000026,667100,
2016-11-15,37.75,38.35,37.51,38.34,0.45000000000000284,361300,
2016-11-16,38.29,38.43,37.57,37.75,-0.5900000000000034,314000,
2016-11-17,37.85,38.51,37.79,38.32,0.5700000000000003,389000,
2016-11-18,38.29,39.03,38.26,38.96,0.6400000000000006,437600,
2016-11-21,39.14,39.53,39.06,39.39,0.4299999999999997,349700,
2016-11-22,39.66,39.87,39.5,39.71,0.3200000000000003,507300,
2016-11-23,39.3,39.76,38.84,39.42,-0.28999999999999915,504800,
2016-11-25,39.19,39.3,38.57,38.68,-0.740000000000002,239700,
2016-11-28,38.6,38.95,38.42,38.63,-0.04999999999999716,294000,
2016-11-29,38.44,38.78,38.32,38.68,0.04999999999999716,247000,
2016-11-30,38.95,39.4,38.77,39.27,0.5900000000000034,520400,
2016-12-01,39.51,39.67,39.04,39.16,-0.11000000000000654,345600,
2016-12-02,38.98,38.98,38.53,38.91,-0.25,440900,
2016-12-05,39.32,39.63,39.14,39.56,0.6500000000000057,369600,
2016-12-06,39.63,40.7,39.63,40.66,1.0999999999999943,475900,
2016-12-07,40.89,40.98,40.38,40.76,0.10000000000000142,620300,
2016-12-08,40.76,41.71,40.76,41.59,0.8300000000000054,402100,
2016-12-09,41.58,41.82,41.15,41.46,-0.13000000000000256,382200,
2016-12-12,41.53,41.91,41.06,41.06,-0.3999999999999986,398300,
2016-12-13,41.01,41.33,40.33,40.39,-0.6700000000000017,515200,
2016-12-14,40.35,40.63,39.46,39.52,-0.8699999999999974,600000,
2016-12-15,39.44,40.18,39.34,39.61,0.0899999999999963,454000,
2016-12-16,39.56,39.99,39.13,39.37,-0.240000000000002,1575300,
2016-12-19,39.39,39.73,39.2,39.58,0.21000000000000085,413600,
2016-12-20,39.75,40.01,39.63,40.01,0.4299999999999997,390800,
2016-12-21,40.09,40.59,39.82,40.28,0.2700000000000031,389200,
2016-12-22,40.39,40.39,39.26,39.67,-0.6099999999999994,468600,
2016-12-23,39.74,39.95,39.41,39.78,0.10999999999999943,291700,
2016-12-27,40.23,40.59,40.08,40.12,0.3399999999999963,361000,
2016-12-28,40.37,40.46,39.31,39.49,-0.6299999999999955,346100,
2016-12-29,39.1,39.57,39,39.53,0.03999999999999915,370700,
2016-12-30,39.55,39.57,38.96,39.03,-0.5,375300,
2017-01-03,39.45,40.01,39.23,39.7,0.6700000000000017,455900,
2017-01-04,39.84,40.42,39.7,40.05,0.3499999999999943,428500,
2017-01-05,40.15,40.39,39.78,40.34,0.29000000000000625,402100,
2017-01-06,40.32,40.7,39.94,40.3,-0.04000000000000625,355700,
2017-01-09,40.33,40.33,39.33,39.42,-0.8799999999999955,563000,
2017-01-10,39.64,40.67,39.57,39.78,0.35999999999999943,571000,
2017-01-11,39.75,40.63,39.69,40.45,0.6700000000000017,604700,
2017-01-12,40.45,40.61,39.12,39.69,-0.7600000000000051,469100,
2017-01-13,39.76,40.12,39.54,39.69,0,319300,
2017-01-17,39.52,39.82,39.15,39.33,-0.35999999999999943,351200,
2017-01-18,39.29,39.82,39.02,39.8,0.46999999999999886,358900,
2017-01-19,39.91,40.28,39.42,39.6,-0.19999999999999574,293400,
2017-01-20,39.91,40.21,39.5,39.72,0.11999999999999744,251100,
2017-01-23,39.6,40.05,39.46,39.94,0.21999999999999886,319300,
2017-01-24,40.07,41.11,40.04,40.96,1.0200000000000031,310100,
2017-01-25,41.03,43.17,41,42.89,1.9299999999999997,639100,
2017-01-26,42.94,43.13,42.32,42.45,-0.4399999999999977,501100,
2017-01-27,42.75,44.58,42.75,43.43,0.9799999999999969,588500,
2017-01-30,43.1,43.42,42.4,42.58,-0.8500000000000014,486300,
2017-01-31,42.57,43.78,42.57,43.69,1.1099999999999994,702200,
2017-02-01,44.13,44.4,43.24,43.48,-0.21000000000000085,621100,
2017-02-02,43.46,43.68,42.52,42.71,-0.769999999999996,613000,
2017-02-03,42.8,43.68,42.8,43.51,0.7999999999999972,401600,
2017-02-06,43.23,43.38,42.77,43.1,-0.4099999999999966,378500,
2017-02-07,42.98,43.49,42.59,42.75,-0.3500000000000014,475600,
2017-02-08,42.67,43.06,42.56,42.82,0.07000000000000028,534600,
2017-02-09,41.99,42.44,40.67,41.04,-1.7800000000000011,1319200,
2017-02-10,40.92,41.53,40.7,41.14,0.10000000000000142,831000,
2017-02-13,41.16,41.58,40.76,40.77,-0.36999999999999744,695300,
2017-02-14,40.7,40.84,40.12,40.51,-0.2600000000000051,595700,
2017-02-15,40.49,40.8,40.44,40.44,-0.07000000000000028,456900,
2017-02-16,40.49,40.67,40.09,40.29,-0.14999999999999858,430100,
2017-02-17,40.37,40.37,39.71,39.83,-0.46000000000000085,504500,
2017-02-21,39.84,40.22,39.63,39.81,-0.01999999999999602,687600,
2017-02-22,39.81,39.81,39.33,39.34,-0.46999999999999886,472200,
2017-02-23,39.51,39.57,39.12,39.34,0,409700,
2017-02-24,39.31,39.5,38.7,38.73,-0.6100000000000065,583800,
2017-02-27,38.76,38.85,38.52,38.68,-0.04999999999999716,504400,
2017-02-28,38.54,38.71,38.09,38.09,-0.5899999999999963,751500,
2017-03-01,38.65,38.65,38.09,38.27,0.17999999999999972,688900,
2017-03-02,38.27,38.44,38.1,38.27,0,581400,
2017-03-03,38.41,38.46,37.9,38,-0.2700000000000031,382800,
2017-03-06,37.9,37.97,37.29,37.4,-0.6000000000000014,568400,
2017-03-07,37.4,37.73,37.1,37.64,0.240000000000002,673200,
2017-03-08,37.76,38.49,37.64,38.03,0.39000000000000057,549500,
2017-03-09,37.83,38.16,37.46,37.68,-0.3500000000000014,415700,
2017-03-10,37.91,38.24,37.7,38.08,0.3999999999999986,547100,
2017-03-13,38.1,38.5,37.79,38,-0.0799999999999983,478600,
2017-03-14,37.75,37.88,37.45,37.5,-0.5,401100,
2017-03-15,37.78,38.18,37.52,38.09,0.5900000000000034,413100,
2017-03-16,38.17,38.37,37.76,37.79,-0.30000000000000426,284200,
2017-03-17,37.9,38.21,37.63,38.07,0.28000000000000114,755900,
2017-03-20,38.18,38.54,37.86,38.47,0.3999999999999986,618800,
2017-03-21,38.5,38.6,37.76,37.87,-0.6000000000000014,533000,
2017-03-22,37.64,37.96,37.54,37.85,-0.01999999999999602,228700,
2017-03-23,37.86,38.4,37.78,37.87,0.01999999999999602,283000,
2017-03-24,38.04,38.21,37.32,37.4,-0.46999999999999886,395300,
2017-03-27,37.32,37.33,36.72,37.09,-0.30999999999999517,381800,
2017-03-28,37.09,37.42,37.01,37.21,0.11999999999999744,496300,
2017-03-29,37.15,37.16,36,36.42,-0.7899999999999991,1000700,
2017-03-30,36.03,36.47,36.02,36.36,-0.060000000000002274,605900,
2017-03-31,36.44,36.79,36.27,36.52,0.1600000000000037,557000,
2017-04-03,36.53,36.53,35.47,35.84,-0.6799999999999997,747000,
2017-04-04,35.92,36.46,35.85,36.38,0.5399999999999991,533200,
2017-04-05,36.65,36.98,36.45,36.62,0.23999999999999488,607500,
2017-04-06,36.65,37.51,36.56,37.39,0.7700000000000031,501500,
2017-04-07,37.32,37.36,36.77,36.84,-0.5499999999999972,764800,
2017-04-10,36.91,37.52,36.77,37.34,0.5,522400,
2017-04-11,37.08,37.89,36.96,37.86,0.519999999999996,739500,
2017-04-12,38.08,38.25,36.9,37.06,-0.7999999999999972,660900,
2017-04-13,37.13,37.2,36.5,36.72,-0.3400000000000034,565100,
2017-04-17,36.9,37.55,36.82,37.52,0.8000000000000043,404100,
2017-04-18,37.43,37.54,36.8,36.93,-0.5900000000000034,529800,
2017-04-19,37.09,37.17,36.9,36.94,0.00999999999999801,356500,
2017-04-20,37.19,37.36,36.9,37.2,0.2600000000000051,318700,
2017-04-21,37.34,37.76,37.13,37.7,0.5,548200,
2017-04-24,38.24,38.51,37.94,38.44,0.7399999999999949,561100,
2017-04-25,38.71,39.35,38.5,39.32,0.8800000000000026,678600,
2017-04-26,39.38,40.12,39.26,40,0.6799999999999997,822300,
2017-04-27,40.69,42.56,40.47,41.91,1.9099999999999966,1579000,
2017-04-28,41.73,41.82,39.51,39.65,-2.259999999999998,1018100,
2017-05-01,39.78,39.87,39.3,39.36,-0.28999999999999915,806000,
2017-05-02,39.36,39.4,38.65,38.68,-0.6799999999999997,860000,
2017-05-03,38.5,38.72,38.02,38.04,-0.6400000000000006,604600,
2017-05-04,38.11,38.2,37.32,37.6,-0.4399999999999977,731800,
2017-05-05,37.78,37.85,37.34,37.8,0.19999999999999574,586300,
2017-05-08,37.87,38.15,37.57,37.82,0.020000000000003126,365600,
2017-05-09,37.89,38.31,37.68,38.13,0.3100000000000023,454500,
2017-05-10,38.18,38.43,37.97,38.28,0.14999999999999858,234100,
2017-05-11,38.2,38.27,37.5,38.02,-0.259999999999998,427400,
2017-05-12,37.96,38.04,37.51,37.59,-0.4299999999999997,309300,
2017-05-15,37.76,38.1,37.68,38.07,0.4799999999999969,284400,
2017-05-16,38.14,38.36,37.87,38.14,0.07000000000000028,328200,
2017-05-17,37.75,37.97,37.35,37.36,-0.7800000000000011,320100,
2017-05-18,37.29,37.29,36.78,36.88,-0.4799999999999969,507200,
2017-05-19,36.97,37.46,36.69,36.72,-0.1600000000000037,763500,
2017-05-22,36.85,37.09,36.58,36.66,-0.060000000000002274,577200,
2017-05-23,36.91,36.95,36.18,36.73,0.07000000000000028,393000,
2017-05-24,36.81,36.96,36.38,36.48,-0.25,513700,
2017-05-25,36.61,36.89,35.99,36.34,-0.13999999999999346,654300,
2017-05-26,36.35,36.38,36.02,36.32,-0.020000000000003126,369100,
2017-05-30,36.4,36.59,36.01,36.39,0.07000000000000028,572200,
2017-05-31,36.6,36.6,35.72,36.38,-0.00999999999999801,1473200,
2017-06-01,36.49,37.65,36.38,37.49,1.1099999999999994,863600,
2017-06-02,37.59,37.68,37.02,37.4,-0.09000000000000341,387300,
2017-06-05,37.81,37.98,36.97,37.07,-0.3299999999999983,358700,
2017-06-06,36.95,36.95,36.26,36.76,-0.3100000000000023,384800,
2017-06-07,36.66,36.85,36.3,36.33,-0.4299999999999997,409900,
2017-06-08,36.31,36.67,36.02,36.5,0.1700000000000017,387000,
2017-06-09,36.54,36.98,36.33,36.94,0.4399999999999977,602400,
2017-06-12,36.94,37.62,36.89,36.99,0.05000000000000426,458000,
2017-06-13,37.05,37.5,36.8,37.36,0.36999999999999744,438700,
2017-06-14,37.45,37.45,36.58,36.92,-0.4399999999999977,392400,
2017-06-15,36.69,37.1,36.51,36.94,0.01999999999999602,436400,
2017-06-16,36.85,37.12,36.58,36.99,0.05000000000000426,750000,
2017-06-19,37.21,37.42,36.95,37.25,0.259999999999998,289700,
2017-06-20,37.07,37.07,36.58,36.87,-0.38000000000000256,793900,
2017-06-21,37,37.07,36.29,36.51,-0.35999999999999943,371600,
2017-06-22,36.75,37.31,36.6,36.83,0.3200000000000003,352700,
2017-06-23,36.83,36.99,36.55,36.87,0.03999999999999915,528200,
2017-06-26,36.95,37.86,36.82,37.6,0.730000000000004,548300,
2017-06-27,37.77,37.95,37.09,37.11,-0.490000000000002,551200,
2017-06-28,37.67,39.88,37.67,39.77,2.6600000000000037,1284700,
2017-06-29,39.12,39.95,38.58,38.96,-0.8100000000000023,809300,
2017-06-30,39.09,39.09,38.12,38.42,-0.5399999999999991,455000,
2017-07-03,38.43,38.9,38.41,38.67,0.25,159700,
2017-07-05,38.56,38.68,38.12,38.35,-0.3200000000000003,544300,
2017-07-06,37.62,37.65,36.65,36.69,-1.6600000000000037,738000,
2017-07-07,36.81,36.92,36.42,36.71,0.020000000000003126,399300,
2017-07-10,36.55,38.17,36.55,37.97,1.259999999999998,504200,
2017-07-11,37.98,38.37,37.84,38.13,0.1600000000000037,577100,
2017-07-12,38.31,38.55,37.71,37.92,-0.21000000000000085,367700,
2017-07-13,38.03,38.71,37.83,38.65,0.7299999999999969,497800,
2017-07-14,38.64,39.16,38.64,39.07,0.4200000000000017,442500,
2017-07-17,38.99,39.74,38.73,39.68,0.6099999999999994,555200,
2017-07-18,39.39,39.48,38.79,38.93,-0.75,438400,
2017-07-19,38.95,39.49,38.93,39.41,0.4799999999999969,306200,
2017-07-20,39.47,39.63,39.03,39.22,-0.18999999999999773,740900,
2017-07-21,39.36,39.36,38.69,38.98,-0.240000000000002,433000,
2017-07-24,39.04,39.075,38.69,39.02,0.04000000000000625,513900,
2017-07-25,39.25,39.71,39.08,39.29,0.269999999999996,432800,
2017-07-26,39.42,39.42,38.3,38.43,-0.8599999999999994,337500,
2017-07-27,38.66,38.86,38.22,38.49,0.060000000000002274,534300,
2017-07-28,39.28,40.37,37.8,39.33,0.8399999999999963,896900,
2017-07-31,39.26,39.88,38.96,39.06,-0.269999999999996,706900,
2017-08-01,39.14,39.14,38.16,38.27,-0.7899999999999991,460600,
2017-08-02,38.28,38.38,37.78,38.06,-0.21000000000000085,353300,
2017-08-03,38.09,38.46,37.68,37.79,-0.2700000000000031,451300,
2017-08-04,37.95,38.48,37.76,38.39,0.6000000000000014,520400,
2017-08-07,38.5,39.12,38.31,38.68,0.28999999999999915,447900,
2017-08-08,38.61,39.1,38.29,38.35,-0.3299999999999983,376100,
2017-08-09,38.15,38.63,37.86,38.04,-0.3100000000000023,390800,
2017-08-10,37.86,38.22,37.71,37.77,-0.269999999999996,394100,
2017-08-11,37.58,38.3,37.35,38.1,0.3299999999999983,510400,
2017-08-14,38.31,38.82,38.19,38.57,0.46999999999999886,344300,
2017-08-15,38.86,39.27,38.6,39.25,0.6799999999999997,664100,
2017-08-16,39.21,39.92,39.21,39.78,0.5300000000000011,613600,
2017-08-17,39.6,40.98,39.29,39.86,0.0799999999999983,901400,
2017-08-18,39.79,39.86,39.2,39.72,-0.14000000000000057,525500,
2017-08-21,39.59,40.33,39.52,39.63,-0.0899999999999963,950900,
2017-08-22,39.77,39.87,39.1,39.15,-0.480000000000004,493700,
2017-08-23,39.13,39.46,38.92,39.24,0.09000000000000341,702400,
2017-08-24,39.38,39.52,39.15,39.26,0.01999999999999602,339700,
2017-08-25,39.41,39.86,39.15,39.82,0.5600000000000023,381200,
2017-08-28,39.99,40.42,39.79,40.41,0.5899999999999963,1146100,
2017-08-29,40,40.49,39.81,40.38,-0.02999999999999403,958400,
2017-08-30,40.28,40.37,40.03,40.06,-0.3200000000000003,831200,
2017-08-31,40.24,40.54,40.13,40.44,0.37999999999999545,535400,
2017-09-01,40.62,40.74,40.34,40.36,-0.0799999999999983,484900,
2017-09-05,40.3,40.5,39.18,39.49,-0.8699999999999974,735500,
2017-09-06,39.74,39.75,39.3,39.72,0.22999999999999687,484800,
2017-09-07,40.12,40.54,39.95,39.99,0.2700000000000031,509300,
2017-09-08,39.98,40.8,39.56,40.71,0.7199999999999989,614100,
2017-09-11,40.97,41.63,40.855,41.28,0.5700000000000003,831900,
2017-09-12,41.42,42.13,41.29,42.01,0.7299999999999969,692000,
2017-09-13,41.97,42.18,41.52,42.09,0.0800000000000054,861300,
2017-09-14,41.96,42.15,41.7,41.78,-0.3100000000000023,462800,
2017-09-15,41.87,42.67,41.83,42.54,0.759999999999998,890300,
2017-09-18,42.54,43.03,42.42,42.98,0.4399999999999977,544900,
2017-09-19,43.05,43.22,42.53,42.77,-0.20999999999999375,505800,
2017-09-20,42.86,42.99,42.72,42.92,0.14999999999999858,266000,
2017-09-21,42.89,42.9,42.4,42.46,-0.46000000000000085,301400,
2017-09-22,42.77,43.31,42.22,43.03,0.5700000000000003,637100,
2017-09-25,42.85,43.05,42.34,42.54,-0.490000000000002,404800,
2017-09-26,42.66,43.05,42.44,42.83,0.28999999999999915,360400,
2017-09-27,43.07,43.36,42.6,43.3,0.46999999999999886,529600,
2017-09-28,43.4,44.1,43.19,44.08,0.7800000000000011,543800,
2017-09-29,43.76,43.76,43.18,43.39,-0.6899999999999977,578700,
2017-10-02,43.43,44.39,43.38,44.36,0.9699999999999989,675000,
2017-10-03,44.36,44.47,44.17,44.39,0.030000000000001137,458300,
2017-10-04,44.51,44.72,44.185,44.49,0.10000000000000142,590400,
2017-10-05,43.21,44.27,42.32,42.81,-1.6799999999999997,1210300,
2017-10-06,42.7,43.24,42.15,42.2,-0.6099999999999994,908300,
2017-10-09,42.59,43.03,42.2,42.71,0.509999999999998,583400,
2017-10-10,42.86,43.34,42.78,43.32,0.6099999999999994,600200,
2017-10-11,43.35,43.8,43.01,43.35,0.030000000000001137,515700,
2017-10-12,43.47,43.77,43.11,43.67,0.3200000000000003,613400,
2017-10-13,43.86,44.22,43.7,43.96,0.28999999999999915,575400,
2017-10-16,43.71,44.15,43.7,44.04,0.0799999999999983,514600,
2017-10-17,44.04,44.16,43.715,43.87,-0.1700000000000017,938500,
2017-10-18,43.92,44.22,43.82,44.14,0.2700000000000031,579900,
2017-10-19,43.87,44.26,43.87,44.25,0.10999999999999943,497700,
2017-10-20,44.66,44.66,44.15,44.37,0.11999999999999744,541000,
2017-10-23,44.47,44.47,43.88,44.14,-0.22999999999999687,433200,
2017-10-24,44.17,44.57,44.06,44.41,0.269999999999996,409700,
2017-10-25,44.41,44.42,43.59,44.05,-0.35999999999999943,1079000,
2017-10-26,44.23,44.34,43.84,44.19,0.14000000000000057,987300,
2017-10-27,43.59,45.5,42.32,45.29,1.1000000000000014,1227700,
2017-10-30,45.38,46.14,45.17,45.98,0.6899999999999977,767200,
2017-10-31,45.88,47.59,45.82,47.32,1.3400000000000034,1465600,
2017-11-01,47.71,48.07,47.32,47.37,0.04999999999999716,840900,
2017-11-02,47.43,48.04,47.05,47.46,0.09000000000000341,826000,
2017-11-03,47.42,47.94,47.07,47.21,-0.25,541400,
2017-11-06,47.2,47.2,45.98,46.49,-0.7199999999999989,634400,
2017-11-07,46.55,46.635,45.86,46,-0.490000000000002,605500,
2017-11-08,45.99,46.21,45.13,46.04,0.03999999999999915,1015000,
2017-11-09,45.88,45.96,45.05,45.64,-0.3999999999999986,536800,
2017-11-10,45.72,45.87,45.33,45.59,-0.04999999999999716,598700,
2017-11-13,45.27,45.85,45.27,45.46,-0.13000000000000256,499400,
2017-11-14,45.34,45.45,44.97,45.43,-0.030000000000001137,432100,
2017-11-15,44.87,46.23,44.87,45.87,0.4399999999999977,704100,
2017-11-16,46.09,47.11,46.09,47.01,1.1400000000000006,680900,
2017-11-17,46.81,47.03,46.19,46.2,-0.8099999999999952,1159800,
2017-11-20,46.35,47.36,46.35,46.88,0.6799999999999997,695500,
2017-11-21,46.94,47.74,46.93,47.5,0.6199999999999974,400800,
2017-11-22,47.51,47.62,47.05,47.19,-0.3100000000000023,469700,
2017-11-24,47.26,47.27,46.75,46.99,-0.19999999999999574,142800,
2017-11-27,46.98,46.98,46.46,46.83,-0.1600000000000037,529200,
2017-11-28,47.13,47.77,47,47.77,0.9400000000000048,438400,
2017-11-29,47.77,48.13,47.55,47.84,0.07000000000000028,331400,
2017-11-30,47.88,48.29,47.62,48.22,0.37999999999999545,438000,
2017-12-01,48.22,48.36,46.85,48.06,-0.1599999999999966,366800,
2017-12-04,48.43,49,48.27,48.74,0.6799999999999997,714300,
2017-12-05,48.95,49.26,48.06,48.4,-0.3400000000000034,710500,
2017-12-06,48.22,48.92,47.99,48.15,-0.25,676300,
2017-12-07,48.04,48.69,47.92,48.65,0.5,332500,
2017-12-08,48.71,48.76,47.89,48.15,-0.5,345300,
2017-12-11,47.98,48.76,47.87,48.19,0.03999999999999915,282800,
2017-12-12,47.95,48.505,47.95,48.24,0.05000000000000426,421700,
2017-12-13,48.27,48.83,47.94,48.14,-0.10000000000000142,291300,
2017-12-14,48.19,48.75,47.21,47.23,-0.9100000000000037,445700,
2017-12-15,47.3,49.17,47.3,48.46,1.230000000000004,1214600,
2017-12-18,48.78,49.43,48.78,49.12,0.6599999999999966,387000,
2017-12-19,49.37,49.99,49.25,49.27,0.15000000000000568,497700,
2017-12-20,49.65,49.98,49.35,49.81,0.5399999999999991,340700,
2017-12-21,49.93,50.05,49.69,49.76,-0.05000000000000426,218200,
2017-12-22,49.92,49.95,49.48,49.65,-0.10999999999999943,431500,
2017-12-26,49.59,50.195,49.29,49.66,0.00999999999999801,207800,
2017-12-27,49.77,50.07,49.58,49.66,0,162200,
2017-12-28,49.75,49.96,49.58,49.79,0.13000000000000256,345800,
2017-12-29,49.55,49.85,49.14,49.52,-0.269999999999996,324900,
2018-01-02,49.94,50.56,49.87,50.51,0.9899999999999949,619300,
2018-01-03,50.69,50.97,50.26,50.76,0.25,507700,
2018-01-04,50.82,50.82,49.67,50.17,-0.5899999999999963,632300,
2018-01-05,50.46,50.63,50.16,50.41,0.23999999999999488,324700,
2018-01-08,50.64,51.57,50.23,51.1,0.6900000000000048,967500,
2018-01-09,51.44,51.54,50.79,50.83,-0.2700000000000031,758700,
2018-01-10,50.58,50.83,50.14,50.2,-0.6299999999999955,567200,
2018-01-11,50.31,51.26,49.79,51.23,1.029999999999994,380500,
2018-01-12,50.06,51.06,49.6,50.33,-0.8999999999999986,724800,
2018-01-16,50.18,50.42,48.52,48.78,-1.5499999999999972,850600,
2018-01-17,49.27,49.84,49.08,49.78,1,661100,
2018-01-18,49.82,50.268,49.745,49.95,0.1700000000000017,479700,
2018-01-19,50.35,51.17,50.3,51.05,1.0999999999999943,705500,
2018-01-22,51.26,51.26,50.56,51.09,0.04000000000000625,402900,
2018-01-23,51.03,51.33,50.64,51.12,0.02999999999999403,350200,
2018-01-24,51.33,51.46,50.55,50.57,-0.5499999999999972,396200,
2018-01-25,50.82,51.55,50.53,51.07,0.5,806000,
2018-01-26,51.44,51.7,50.68,51.7,0.6300000000000026,339200,
2018-01-29,51.4,52.37,51,52.08,0.37999999999999545,594900,
2018-01-30,51.69,52.58,51.45,52.45,0.37000000000000455,660900,
2018-01-31,52.54,52.57,51.05,51.36,-1.0900000000000034,754800,
2018-02-01,50.97,51.19,50.37,50.6,-0.759999999999998,414400,
2018-02-02,50.11,50.49,49.13,49.17,-1.4299999999999997,554800,
2018-02-05,48.85,49.29,47.1,47.37,-1.8000000000000043,769900,
2018-02-06,46.54,49.37,45.76,48.95,1.5800000000000054,1822400,
2018-02-07,48.81,49.29,48.245,48.59,-0.35999999999999943,1379000,
2018-02-08,44.26,45.22,42.42,42.57,-6.020000000000003,2909300,
2018-02-09,43.04,44.48,42.67,43.47,0.8999999999999986,1809100,
2018-02-12,43.47,43.73,42.39,42.61,-0.8599999999999994,1485700,
2018-02-13,42.33,43.03,42.17,42.68,0.07000000000000028,687500,
2018-02-14,42.2,44.08,42.2,44.03,1.3500000000000014,650800,
2018-02-15,44.41,44.44,43.54,43.92,-0.10999999999999943,508100,
2018-02-16,43.86,44.69,43.86,44.04,0.11999999999999744,516500,
2018-02-20,44,44.37,43.35,43.66,-0.38000000000000256,453300,
2018-02-21,43.7,45.86,43.7,44.88,1.220000000000006,691300,
2018-02-22,45.15,45.23,44.46,44.49,-0.39000000000000057,465100,
2018-02-23,45.15,45.95,44.85,45.54,1.0499999999999972,499000,
2018-02-26,45.82,46.44,45.55,46.32,0.7800000000000011,431400,
2018-02-27,46.41,46.64,45.26,45.33,-0.990000000000002,489200,
2018-02-28,45.63,45.69,44.76,44.76,-0.5700000000000003,469300,
2018-03-01,44.78,45.64,44.4,44.73,-0.030000000000001137,525300,
2018-03-02,44.32,45.51,44,45.38,0.6500000000000057,319900,
2018-03-05,44.54,45.87,44.48,45.56,0.17999999999999972,434200,
2018-03-06,45.82,46.29,45.3,46.11,0.5499999999999972,352900,
2018-03-07,45.49,46.17,45.31,45.94,-0.1700000000000017,385000,
2018-03-08,46.25,46.39,45.06,45.46,-0.4799999999999969,676700,
2018-03-09,45.69,46.68,45.28,46.55,1.0899999999999963,442300,
2018-03-12,46.46,47,46.23,46.57,0.020000000000003126,901900,
2018-03-13,46.61,47.02,45.63,45.77,-0.7999999999999972,752500,
2018-03-14,46.09,46.38,45.12,45.52,-0.25,950000,
2018-03-15,45.46,46.06,45.34,45.78,0.259999999999998,807000,
2018-03-16,45.78,46.11,45.34,45.4,-0.38000000000000256,4043000,
2018-03-19,45.28,45.52,44.33,44.54,-0.8599999999999994,411700,
2018-03-20,44.75,44.97,44.57,44.92,0.38000000000000256,339500,
2018-03-21,45.04,45.89,45.04,45.2,0.28000000000000114,573000,
2018-03-22,44.76,45.4,43.99,44,-1.2000000000000028,558600,
2018-03-23,44.2,44.28,41.84,41.92,-2.0799999999999983,891100,
2018-03-26,42.69,43.47,42.615,43.34,1.4200000000000017,595600,
2018-03-27,43.58,43.58,42.47,42.67,-0.6700000000000017,736500,
2018-03-28,42.64,42.86,42.24,42.36,-0.3100000000000023,695000,
2018-03-29,42.25,42.75,41.81,42.54,0.17999999999999972,915200,
2018-04-02,41.84,41.84,40.72,41.18,-1.3599999999999994,785500,
2018-04-03,41.31,42.03,40.93,42.02,0.8400000000000034,804600,
2018-04-04,41.25,42.52,41.12,42.48,0.45999999999999375,846200,
2018-04-05,42.67,43.13,42.42,42.94,0.46000000000000085,604500,
2018-04-06,42.47,43.29,42.47,42.93,-0.00999999999999801,734000,
2018-04-09,43.37,43.73,42.96,43.13,0.20000000000000284,678500,
2018-04-10,43.99,44.38,43.64,44.1,0.9699999999999989,442800,
2018-04-11,44,45.07,43.79,44.09,-0.00999999999999801,441600,
2018-04-12,44.21,44.84,44.03,44.69,0.5999999999999943,408000,
2018-04-13,44.99,45.23,44.33,44.88,0.19000000000000483,373800,
2018-04-16,45.38,45.84,45.23,45.73,0.8499999999999943,643600,
2018-04-17,46.38,46.88,45.98,46.35,0.6200000000000045,404400,
2018-04-18,46.48,46.865,46.13,46.71,0.35999999999999943,534200,
2018-04-19,46.71,46.83,46.16,46.36,-0.3500000000000014,505000,
2018-04-20,46.46,46.52,45.28,46.06,-0.29999999999999716,593500,
2018-04-23,46.06,46.23,45.48,45.76,-0.30000000000000426,608000,
2018-04-24,46.27,46.355,45.28,45.7,-0.05999999999999517,449100,
2018-04-25,45.5,45.68,44.86,45.32,-0.38000000000000256,523300,
2018-04-26,45.64,45.64,43.91,44.8,-0.5200000000000031,833100,
2018-04-27,45.03,45.3,43.92,44.14,-0.6599999999999966,1028800,
2018-04-30,44.39,44.88,43.9,43.9,-0.240000000000002,808800,
2018-05-01,45.11,45.38,43.43,45.07,1.1700000000000017,1551900,
2018-05-02,45.75,46.25,45.35,45.48,0.4099999999999966,861400,
2018-05-03,45.44,45.7,44.8,45.26,-0.21999999999999886,569700,
2018-05-04,45.04,46.05,45.04,45.7,0.44000000000000483,375900,
2018-05-07,45.76,45.805,45.25,45.7,0,471000,
2018-05-08,45.49,45.96,45.2,45.31,-0.39000000000000057,885900,
2018-05-09,45.34,45.7,45.08,45.49,0.17999999999999972,375700,
2018-05-10,45.68,46.08,45.6,45.81,0.3200000000000003,339300,
2018-05-11,45.77,46.02,45.4,45.9,0.0899999999999963,615200,
2018-05-14,46.09,46.18,45.77,45.99,0.09000000000000341,722800,
2018-05-15,45.87,46.71,45.61,46.64,0.6499999999999986,717100,
2018-05-16,46.69,47.38,46.65,47.24,0.6000000000000014,613400,
2018-05-17,47.19,47.45,46.56,46.92,-0.3200000000000003,627800,
2018-05-18,47.05,47.05,46.64,46.82,-0.10000000000000142,370800,
2018-05-21,47.14,47.43,46.945,47.17,0.3500000000000014,386400,
2018-05-22,47.38,47.5,47.05,47.09,-0.0799999999999983,726100,
2018-05-23,46.78,47.05,46.28,46.85,-0.240000000000002,494800,
2018-05-24,46.82,46.98,46.6,46.68,-0.1700000000000017,474100,
2018-05-25,46.55,46.96,46.11,46.85,0.1700000000000017,867200,
2018-05-29,46.38,48.93,46.38,48.82,1.9699999999999989,1156000,
2018-05-30,49.24,49.72,49.13,49.42,0.6000000000000014,1165200,
2018-05-31,49.44,49.53,48.06,48.07,-1.3500000000000014,593700,
2018-06-01,48.48,48.7,48.12,48.13,0.060000000000002274,455900,
2018-06-04,48.23,48.59,48.03,48.56,0.4299999999999997,380300,
2018-06-05,48.52,48.78,48.33,48.42,-0.14000000000000057,443500,
2018-06-06,48.5,48.795,48.49,48.76,0.3399999999999963,717500,
2018-06-07,48.76,48.88,48.55,48.66,-0.10000000000000142,955800,
2018-06-08,48.5,49.96,48.44,49.04,0.38000000000000256,1758400,
2018-06-11,49.13,49.97,49.08,49.17,0.13000000000000256,1144700,
2018-06-12,49.2,49.305,48.84,49.04,-0.13000000000000256,686500,
2018-06-13,49.04,49.04,47.96,48.21,-0.8299999999999983,595200,
2018-06-14,48.46,48.46,47.61,47.66,-0.5500000000000043,708700,
2018-06-15,47.65,47.66,46.61,47.31,-0.3499999999999943,1031200,
2018-06-18,47.05,47.945,47.01,47.88,0.5700000000000003,474600,
2018-06-19,47.91,48.31,47.64,47.83,-0.05000000000000426,542900,
2018-06-20,48.03,48.03,46.79,46.8,-1.0300000000000011,585400,
2018-06-21,46.92,46.92,46.07,46.44,-0.35999999999999943,397700,
2018-06-22,46.82,47.08,46.48,46.96,0.5200000000000031,881600,
2018-06-25,47.06,47.71,46.09,47.57,0.6099999999999994,761300,
2018-06-26,47.65,48.64,47.43,48.07,0.5,757700,
2018-06-27,48.19,48.19,47.305,47.54,-0.5300000000000011,705400,
2018-06-28,47.51,47.7,46.99,47.59,0.05000000000000426,378600,
2018-06-29,47.8,48.3,47.66,47.74,0.14999999999999858,477100,
2018-07-02,47.19,47.82,47,47.63,-0.10999999999999943,610000,
2018-07-03,47.38,47.68,47.08,47.09,-0.5399999999999991,348700,
2018-07-05,47.26,47.69,46.64,47.66,0.5699999999999932,864800,
2018-07-06,47.71,48.29,47.5,47.82,0.1600000000000037,447000,
2018-07-09,48.16,48.485,47.8,48.16,0.3399999999999963,520600,
2018-07-10,48.3,48.64,47.61,48.24,0.0800000000000054,567400,
2018-07-11,48.15,48.59,47.82,48,-0.240000000000002,496600,
2018-07-12,48.28,48.28,47.85,47.96,-0.03999999999999915,386900,
2018-07-13,47.86,48.58,47.86,48.22,0.259999999999998,358200,
2018-07-16,48.18,48.74,47.75,48.12,-0.10000000000000142,412200,
2018-07-17,48.39,48.71,48.11,48.41,0.28999999999999915,592100,
2018-07-18,48.17,48.5,47.56,47.91,-0.5,386200,
2018-07-19,48.03,48.65,47.92,48.6,0.6900000000000048,566000,
2018-07-20,48.53,48.53,47.7,47.94,-0.6600000000000037,532500,
2018-07-23,47.88,47.955,47.11,47.85,-0.0899999999999963,533700,
2018-07-24,48.26,48.26,47.54,47.77,-0.0799999999999983,272900,
2018-07-25,47.58,47.71,47.07,47.61,-0.1600000000000037,262400,
2018-07-26,47.62,48.105,47.475,47.93,0.3200000000000003,405400,
2018-07-27,48.01,48.15,47.61,47.7,-0.22999999999999687,319000,
2018-07-30,47.95,48.65,47.95,48.11,0.4099999999999966,776200,
2018-07-31,48.16,48.34,47.25,48.22,0.10999999999999943,713400,
2018-08-01,46.53,49.14,45.54,48.93,0.7100000000000009,1942900,
2018-08-02,48.65,49,47.9,48.57,-0.35999999999999943,773000,
2018-08-03,48.87,49.96,48.58,49.95,1.3800000000000026,580600,
2018-08-06,49.89,50.745,49.68,50.44,0.4899999999999949,560400,
2018-08-07,50.29,50.58,49.79,49.82,-0.6199999999999974,479700,
2018-08-08,49.92,50.05,49.48,49.8,-0.020000000000003126,403300,
2018-08-09,49.86,50.29,49.77,49.87,0.07000000000000028,363900,
2018-08-10,49.76,49.88,49.51,49.67,-0.19999999999999574,263000,
2018-08-13,49.75,50.17,49.43,49.73,0.05999999999999517,329000,
2018-08-14,49.83,50.56,49.82,50.55,0.8200000000000003,400500,
2018-08-15,50.4,50.51,49.77,49.99,-0.5599999999999952,536900,
2018-08-16,50.3,50.63,49.935,50.4,0.4099999999999966,542300,
2018-08-17,50.09,50.895,50.04,50.53,0.13000000000000256,510400,
2018-08-20,50.64,50.84,50.33,50.44,-0.09000000000000341,590800,
2018-08-21,50.56,51.15,50.4,51.03,0.5900000000000034,552400,
2018-08-22,51.08,51.43,50.72,50.9,-0.13000000000000256,535100,
2018-08-23,50.9,51.15,50.285,50.46,-0.4399999999999977,408600,
2018-08-24,50.79,51.23,50.48,51.21,0.75,512500,
2018-08-27,51.53,51.93,51.28,51.62,0.4099999999999966,357400,
2018-08-28,51.69,52.05,51.54,51.99,0.37000000000000455,335000,
2018-08-29,52.11,52.24,51.8,52.06,0.07000000000000028,318700,
2018-08-30,52.02,52.11,51.33,51.45,-0.6099999999999994,231200,
2018-08-31,51.27,51.46,50.77,50.9,-0.5500000000000043,447100,
2018-09-04,50.91,51.27,50.62,51.1,0.20000000000000284,423600,
2018-09-05,51.1,51.97,50.855,51.81,0.7100000000000009,559200,
2018-09-06,51.92,52.08,51.51,51.74,-0.07000000000000028,448400,
2018-09-07,52.11,52.72,51.75,52.21,0.46999999999999886,605800,
2018-09-10,52.43,53.05,52.43,52.55,0.3399999999999963,463300,
2018-09-11,52.33,52.82,51.83,52.51,-0.03999999999999915,484700,
2018-09-12,52.52,53.2,52.435,53.09,0.5800000000000054,615700,
2018-09-13,52.19,52.68,51.95,52.63,-0.46000000000000085,831600,
2018-09-14,52.85,53.66,52.63,53.55,0.9199999999999946,848900,
2018-09-17,53.67,54.45,53.63,54.39,0.8400000000000034,1014700,
2018-09-18,54.45,54.5,53.51,53.54,-0.8500000000000014,527200,
2018-09-19,53.67,54.02,53.32,53.61,0.07000000000000028,379900,
2018-09-20,53.78,54.1,53.6,53.73,0.11999999999999744,419100,
2018-09-21,53.85,53.99,53.71,53.75,0.020000000000003126,587600,
2018-09-24,53.76,54.05,53.52,53.82,0.07000000000000028,526700,
2018-09-25,53.95,54.17,53.25,53.41,-0.4100000000000037,421700,
2018-09-26,53.41,53.73,53.07,53.3,-0.10999999999999943,502400,
2018-09-27,53.34,53.55,52.97,52.97,-0.3299999999999983,345700,
2018-09-28,52.82,52.95,52.1,52.17,-0.7999999999999972,481900,
2018-10-01,52.02,52.81,51.84,52.38,0.21000000000000085,529500,
2018-10-02,52.32,52.63,51.44,51.57,-0.8100000000000023,380700,
2018-10-03,51.92,52.45,50.57,50.68,-0.8900000000000006,818200,
2018-10-04,50.47,50.64,49.585,49.94,-0.740000000000002,913200,
2018-10-05,50.01,50.44,49.6,49.64,-0.29999999999999716,560500,
2018-10-08,49.49,49.55,48.285,48.68,-0.9600000000000009,494400,
2018-10-09,48.19,48.46,46.66,47.01,-1.6700000000000017,865100,
2018-10-10,46.9,47.35,45.93,45.93,-1.0799999999999983,655300,
2018-10-11,45.73,45.88,44.92,45.02,-0.9099999999999966,653700,
2018-10-12,45.94,46.03,44.37,44.81,-0.21000000000000085,537800,
2018-10-15,44.95,45.39,44.8,45.16,0.3499999999999943,605300,
2018-10-16,45.19,45.52,44.77,45.5,0.3400000000000034,464800,
2018-10-17,45.46,45.56,44.58,44.96,-0.5399999999999991,336400,
2018-10-18,44.88,45.34,44.365,44.68,-0.28000000000000114,477300,
2018-10-19,44.86,45.01,44.54,44.92,0.240000000000002,550400,
2018-10-22,45.05,45.45,44.805,45.33,0.4099999999999966,807000,
2018-10-23,44.81,45.38,43.63,45.15,-0.17999999999999972,777400,
2018-10-24,45.2,45.39,43.69,43.74,-1.4099999999999966,641200,
2018-10-25,44,46.53,44,46.25,2.509999999999998,775100,
2018-10-26,45.59,45.84,44.6,45.12,-1.1300000000000026,856300,
2018-10-29,45.76,46.36,43.56,44.12,-1,655000,
2018-10-30,44.28,45.29,44.16,45.28,1.1600000000000037,626600,
2018-10-31,45.74,46.57,45.19,46.31,1.0300000000000011,948700,
2018-11-01,46.97,47.5,43.29,47.02,0.7100000000000009,2283900,
2018-11-02,47.81,49.89,47.81,48,0.9799999999999969,883800,
2018-11-05,48.03,49.08,47.98,48.72,0.7199999999999989,686100,
2018-11-06,48.54,49.01,48.25,48.68,-0.03999999999999915,794100,
2018-11-07,48.72,49.9,48.645,49.86,1.1799999999999997,701800,
2018-11-08,49.57,49.98,49.1,49.27,-0.5899999999999963,425300,
2018-11-09,49.04,49.19,47.5,47.76,-1.5100000000000051,889700,
2018-11-12,47.64,47.64,46.11,46.24,-1.519999999999996,860200,
2018-11-13,46.64,47.07,46.17,46.28,0.03999999999999915,665300,
2018-11-14,46.77,47.05,45.58,46.09,-0.18999999999999773,471400,
2018-11-15,45.71,46.52,45.1,46.27,0.17999999999999972,1204800,
2018-11-16,45.95,46.53,45.44,45.78,-0.490000000000002,917000,
2018-11-19,45.73,45.81,44.71,44.99,-0.7899999999999991,632200,
2018-11-20,44.36,44.88,43.65,44.07,-0.9200000000000017,609500,
2018-11-21,44.2,44.73,44.03,44.12,0.04999999999999716,530100,
2018-11-23,43.93,44.2,43.47,43.98,-0.14000000000000057,276500,
2018-11-26,44.36,44.73,43.94,44.07,0.09000000000000341,672600,
2018-11-27,43.88,44.06,42.91,43.22,-0.8500000000000014,783800,
2018-11-28,43.41,43.68,42.45,43.53,0.3100000000000023,651200,
2018-11-29,43.52,44.1,43.23,43.44,-0.09000000000000341,693700,
2018-11-30,43.37,43.78,42.92,43.58,0.14000000000000057,587500,
2018-12-03,44.44,44.77,43.35,44.19,0.6099999999999994,646100,
2018-12-04,44.1,44.19,42.03,42.65,-1.5399999999999991,1306200,
2018-12-06,41.96,42.09,41.14,41.91,-0.740000000000002,802700,
2018-12-07,41.75,42.15,40.705,40.84,-1.0699999999999932,659000,
2018-12-10,40.73,40.86,39.46,39.98,-0.8600000000000065,827900,
2018-12-11,40.59,40.74,39.34,39.49,-0.4899999999999949,916300,
2018-12-12,39.98,40.76,39.77,39.82,0.3299999999999983,1002400,
2018-12-13,39.71,40.08,38.49,38.51,-1.3100000000000023,886000,
2018-12-14,38.33,39.1,38.25,38.65,0.14000000000000057,825000,
2018-12-17,38.31,38.52,36.95,37.12,-1.5300000000000011,863800,
2018-12-18,37.33,38.05,37.32,37.69,0.5700000000000003,775500,
2018-12-19,37.43,37.79,36.43,36.54,-1.1499999999999986,1022800,
2018-12-20,36.31,36.7,35.14,35.78,-0.759999999999998,775200,
2018-12-21,35.69,35.94,34.7,34.86,-0.9200000000000017,1315300,
2018-12-24,34.85,35.25,34.21,34.79,-0.07000000000000028,515700,
2018-12-26,34.96,36.07,34.57,36.07,1.2800000000000011,952100,
2018-12-27,35.42,35.82,34.68,35.79,-0.28000000000000114,701400,
2018-12-28,35.76,36.03,34.71,34.93,-0.8599999999999994,634400,
2018-12-31,34.83,35.13,34.3,35.13,0.20000000000000284,753700,
2019-01-02,34.38,34.99,33.81,34.92,-0.21000000000000085,572900,
2019-01-03,34.78,35.25,34.1,34.85,-0.07000000000000028,713700,
2019-01-04,35.41,36.49,35.365,36.24,1.3900000000000006,681600,
2019-01-07,36.4,36.73,35.945,36.12,-0.12000000000000455,988100,
2019-01-08,36.49,37.17,36.4,37.11,0.990000000000002,695400,
2019-01-09,37.08,37.67,36.58,37.44,0.3299999999999983,1019100,
2019-01-10,37.52,41.99,37.34,41.96,4.520000000000003,2714900,
2019-01-11,42,44.21,41.84,43.35,1.3900000000000006,2611800,
2019-01-14,43.06,43.83,42.71,43.65,0.29999999999999716,979900,
2019-01-15,43.27,44.035,42.61,43.46,-0.18999999999999773,1053700,
2019-01-16,43.64,44.33,43.47,43.91,0.44999999999999574,695000,
2019-01-17,43.48,44.93,43.48,44.62,0.7100000000000009,664600,
2019-01-18,44.88,45.57,44.725,45.39,0.7700000000000031,527200,
2019-01-22,44.99,45.27,44.315,45.06,-0.3299999999999983,713700,
2019-01-23,45.25,45.51,44.52,44.56,-0.5,510000,
2019-01-24,44.47,45.04,44.21,44.74,0.17999999999999972,579300,
2019-01-25,45.03,45.77,45.03,45.34,0.6000000000000014,309800,
2019-01-28,44.9,44.935,44.12,44.54,-0.8000000000000043,803100,
2019-01-29,44.77,46.05,44.46,45.95,1.4100000000000037,1334800,
2019-01-30,46.42,46.62,45.77,46.3,0.3499999999999943,632000,
2019-01-31,46.2,47.02,45.92,46.9,0.6000000000000014,919500,
2019-02-01,47,47.16,45.9,46.52,-0.37999999999999545,637900,
2019-02-04,46.89,46.89,46.03,46.52,0,826600,
2019-02-05,47.76,50.11,46.98,50.09,3.5700000000000003,1789900,
2019-02-06,49.45,50.16,49.06,49.79,-0.30000000000000426,1009200,
2019-02-07,49.81,50.41,49.29,49.99,0.20000000000000284,1366000,
2019-02-08,49.74,50.28,49.18,49.65,-0.3400000000000034,629200,
2019-02-11,50.07,50.58,49.67,50.35,0.7000000000000028,853800,
2019-02-12,50.61,51.86,50.6,51.67,1.3200000000000003,1090700,
2019-02-13,52,52.25,51.275,51.5,-0.1700000000000017,674800,
2019-02-14,51.2,51.91,51.08,51.27,-0.22999999999999687,711200,
2019-02-15,51.61,52.295,51.56,51.81,0.5399999999999991,511100,
2019-02-19,51.64,52.55,51.44,52.36,0.5499999999999972,608400,
2019-02-20,52.25,53.68,52.21,53.57,1.2100000000000009,875600,
2019-02-21,53.25,53.89,52.91,53.44,-0.13000000000000256,511700,
2019-02-22,53.54,53.68,52.37,52.69,-0.75,694100,
2019-02-25,52.97,53.11,52.14,52.19,-0.5,1080200,
2019-02-26,52.21,52.68,51.91,51.94,-0.25,614200,
2019-02-27,52.05,52.285,51.52,51.93,-0.00999999999999801,682900,
2019-02-28,51.74,51.86,50.76,50.91,-1.0200000000000031,868000,
2019-03-01,51.29,51.64,51.125,51.28,0.37000000000000455,1037000,
2019-03-04,51.32,51.65,50.26,50.91,-0.37000000000000455,658500,
2019-03-05,50.82,51.3732,50.68,51.03,0.12000000000000455,479000,
2019-03-06,51.1,51.36,50.71,50.71,-0.3200000000000003,524700,
2019-03-07,50.5,50.64,49.535,50.04,-0.6700000000000017,1208800,
2019-03-08,49.65,50.04,49.56,49.91,-0.13000000000000256,612500,
2019-03-11,50.23,51.14,50.23,50.51,0.6000000000000014,545900,
2019-03-12,50.46,50.73,50.29,50.37,-0.14000000000000057,598900,
2019-03-13,50.6,50.845,50.13,50.32,-0.04999999999999716,945800,
2019-03-14,50.17,50.45,49.61,49.99,-0.3299999999999983,479100,
2019-03-15,50.11,50.28,49.055,49.34,-0.6499999999999986,1308700,
2019-03-18,49.46,49.99,49.43,49.83,0.4899999999999949,377200,
2019-03-19,49.9,50.55,49.46,49.69,-0.14000000000000057,442800,
2019-03-20,49.7,49.7,48.45,48.84,-0.8499999999999943,678800,
2019-03-21,48.73,50.02,48.73,49.97,1.1299999999999955,470700,
2019-03-22,49.73,49.73,48.44,48.49,-1.4799999999999969,437200,
2019-03-25,48.51,48.79,47.77,48.45,-0.03999999999999915,487300,
2019-03-26,49.04,49.55,48.87,49.43,0.9799999999999969,753300,
2019-03-27,49.49,49.98,48.73,49.02,-0.4099999999999966,359400,
2019-03-28,49.12,49.56,48.49,49.28,0.259999999999998,517600,
2019-03-29,49.85,49.85,49.28,49.65,0.36999999999999744,697400,
2019-04-01,49.52,50.59,49.52,50.56,0.9100000000000037,503600,
2019-04-02,50.6,50.71,49.44,49.83,-0.730000000000004,621500,
2019-04-03,50.32,50.43,49.45,49.94,0.10999999999999943,711400,
2019-04-04,49.86,50.22,49.37,49.71,-0.22999999999999687,655200,
2019-04-05,50,50.15,49.48,49.66,-0.05000000000000426,407300,
2019-04-08,49.66,49.82,49.25,49.59,-0.06999999999999318,810400,
2019-04-09,49.26,49.77,48.76,49,-0.5900000000000034,604000,
2019-04-10,49.26,49.47,48.39,49.12,0.11999999999999744,704800,
2019-04-11,49.31,49.85,49.19,49.33,0.21000000000000085,370500,
2019-04-12,49.59,50.1,49.25,49.47,0.14000000000000057,321100,
2019-04-15,49.61,49.92,48.73,48.97,-0.5,348100,
2019-04-16,48.44,48.7,47.52,48.56,-0.4099999999999966,613300,
2019-04-17,48.59,48.96,47.74,47.81,-0.75,583900,
2019-04-18,47.92,48.18,47.67,48.05,0.23999999999999488,331300,
2019-04-22,48.15,48.48,47.34,47.56,-0.4899999999999949,495000,
2019-04-23,47.78,48.76,47.46,48.63,1.0700000000000003,515200,
2019-04-24,48.43,48.62,47.95,47.96,-0.6700000000000017,310700,
2019-04-25,48.02,48.75,47.54,48.48,0.519999999999996,627700,
2019-04-26,48.68,49.38,48.66,49.06,0.5800000000000054,349800,
2019-04-29,48.64,48.81,48.17,48.65,-0.4100000000000037,393600,
2019-04-30,49.47,49.47,48.17,48.9,0.25,785500,
2019-05-01,48.31,48.73,45.53,45.59,-3.309999999999995,1200900,
2019-05-02,45.74,46.1,44.88,45.13,-0.46000000000000085,772000,
2019-05-03,46.4,47.15,46.06,47.09,1.9600000000000009,1085300,
2019-05-06,46.25,47.29,46.25,47.14,0.04999999999999716,599100,
2019-05-07,46.6,47.38,46.43,46.85,-0.28999999999999915,826600,
2019-05-08,46.44,46.825,45.92,45.97,-0.8800000000000026,503300,
2019-05-09,45.93,47.18,45.63,46.61,0.6400000000000006,568000,
2019-05-10,46.34,46.74,45.65,46.5,-0.10999999999999943,601100,
2019-05-13,45.8,45.8,44.37,44.82,-1.6799999999999997,509000,
2019-05-14,44.9,45.73,44.5799,45.58,0.759999999999998,516400,
2019-05-15,45.19,45.46,44.76,45.13,-0.44999999999999574,613800,
2019-05-16,45.43,45.565,44.54,44.66,-0.47000000000000597,795900,
2019-05-17,44.15,44.69,43.89,44.03,-0.6299999999999955,501700,
2019-05-20,43.47,43.6,42.9,43.04,-0.990000000000002,643500,
2019-05-21,43.16,44.11,43.03,43.98,0.9399999999999977,437100,
2019-05-22,43.77,44.01,43.03,43.05,-0.9299999999999997,346000,
2019-05-23,42.51,42.9,42.05,42.33,-0.7199999999999989,482300,
2019-05-24,42.52,42.82,42,42.64,0.3100000000000023,307100,
2019-05-28,42.61,42.72,42.04,42.1,-0.5399999999999991,557200,
2019-05-29,41.69,42.32,41.54,42.07,-0.030000000000001137,393800,
2019-05-30,42.12,42.5563,41.6305,41.87,-0.20000000000000284,275300,
2019-05-31,41.54,42.33,41.318,42.05,0.17999999999999972,1492800,
2019-06-03,41.9,42.54,41.71,41.97,-0.0799999999999983,641100,
2019-06-04,42.47,43.38,42.365,43.37,1.3999999999999986,718300,
2019-06-05,43.45,43.45,42.65,43.39,0.020000000000003126,470200,
2019-06-06,43.28,44.01,43.25,43.82,0.4299999999999997,750800,
2019-06-07,43.97,44.41,43.56,44.15,0.3299999999999983,398100,
2019-06-10,44.35,44.76,43.21,43.61,-0.5399999999999991,384200,
2019-06-11,43.63,44.06,43.01,43.1,-0.509999999999998,656400,
2019-06-12,43,44.13,43,44.05,0.9499999999999957,482100,
2019-06-13,44.17,44.58,43.37,44.23,0.17999999999999972,532900,
2019-06-14,43.86,44.1,43.24,43.51,-0.7199999999999989,431400,
2019-06-17,43.46,43.55,42.63,43.13,-0.37999999999999545,538500,
2019-06-18,43.43,43.9,43.205,43.26,0.12999999999999545,495800,
2019-06-19,43.33,44.17,43.25,43.97,0.7100000000000009,503500,
2019-06-20,44.33,44.55,43.62,43.88,-0.0899999999999963,539400,
2019-06-21,43.79,44.14,43.46,43.85,-0.030000000000001137,683000,
2019-06-24,43.93,44,42.96,42.98,-0.8700000000000045,497000,
2019-06-25,43.15,43.55,43.035,43.15,0.1700000000000017,380200,
2019-06-26,43.29,43.96,43.25,43.35,0.20000000000000284,422300,
2019-06-27,43.49,44.03,43.37,44.03,0.6799999999999997,318500,
2019-06-28,43.95,44.71,43.95,44.53,0.5,669400,
2019-07-01,44.39,44.675,43.72,44.34,-0.18999999999999773,632600,
2019-07-02,43.76,44.01,43.42,43.66,-0.6800000000000068,707300,
2019-07-03,42,43.64,42,43.53,-0.12999999999999545,516700,
2019-07-05,43.26,43.26,42.29,42.84,-0.6899999999999977,524200,
2019-07-08,42.81,43.07,42.51,42.75,-0.09000000000000341,590300,
2019-07-09,42.63,42.63,41.74,42.14,-0.6099999999999994,777200,
2019-07-10,42.43,42.7,42.065,42.17,0.030000000000001137,588300,
2019-07-11,42.12,42.12,41.28,41.77,-0.3999999999999986,667000,
2019-07-12,41.58,41.868,41.31,41.54,-0.23000000000000398,576800,
2019-07-15,41.57,41.75,40.75,41.31,-0.22999999999999687,620800,
2019-07-16,41.25,42.62,41.2,41.8,0.4899999999999949,1074100,
2019-07-17,41.75,41.819,40.42,40.45,-1.3499999999999943,859700,
2019-07-18,40.33,41.43,40.2237,41.28,0.8299999999999983,609000,
2019-07-19,41.4,41.6,41.15,41.21,-0.07000000000000028,487100,
2019-07-22,41.22,41.38,40.85,40.86,-0.3500000000000014,431700,
2019-07-23,41.11,41.87,41.01,41.73,0.8699999999999974,399200,
2019-07-24,41.43,42.76,41.43,42.55,0.8200000000000003,633700,
2019-07-25,42.48,42.62,41.89,42.27,-0.27999999999999403,491700,
2019-07-26,42.43,42.79,42.1,42.43,0.1599999999999966,337700,
2019-07-29,42.31,42.43,41.63,41.98,-0.45000000000000284,463700,
2019-07-30,41.83,42.98,41.61,42.74,0.7600000000000051,568500,
2019-07-31,42.86,43.0068,42.25,42.45,-0.28999999999999915,788400,
2019-08-01,40.25,40.5476,37.3,37.67,-4.780000000000001,2292300,
2019-08-02,37.26,37.3,35.89,35.99,-1.6799999999999997,1143000,
2019-08-05,35.26,36.85,35.25,36.16,0.1699999999999946,975200,
2019-08-06,36,36.26,35.32,35.94,-0.21999999999999886,1022700,
2019-08-07,35.54,36.08,35.18,35.93,-0.00999999999999801,787800,
2019-08-08,36.25,37.02,36.09,36.9,0.9699999999999989,756700,
2019-08-09,36.6,36.67,35.19,35.46,-1.4399999999999977,866900,
2019-08-12,35.27,35.31,34.78,34.91,-0.5500000000000043,571200,
2019-08-13,34.84,36.15,34.55,35.24,0.3300000000000054,694900,
2019-08-14,34.66,34.845,33.73,33.92,-1.3200000000000003,760200,
2019-08-15,34,34.17,33.22,33.24,-0.6799999999999997,628300,
2019-08-16,33.42,33.77,33.17,33.54,0.29999999999999716,882700,
2019-08-19,34.29,34.29,33.84,33.91,0.36999999999999744,734400,
2019-08-20,33.87,33.87,33.2,33.23,-0.6799999999999997,750000,
2019-08-21,33.46,33.91,33.27,33.47,0.240000000000002,659500,
2019-08-22,33.45,33.712,33.18,33.26,-0.21000000000000085,584600,
2019-08-23,33.02,33.22,31.89,31.93,-1.3299999999999983,758400,
2019-08-26,32.2,32.94,32.2,32.56,0.6300000000000026,756300,
2019-08-27,32.85,33,31.88,31.89,-0.6700000000000017,616200,
2019-08-28,31.74,32.79,31.72,32.36,0.46999999999999886,562800,
2019-08-29,32.69,33.41,32.69,33.26,0.8999999999999986,758500,
2019-08-30,33.29,33.74,32.68,32.95,-0.30999999999999517,1144900,
2019-09-03,32.71,32.82,32.085,32.41,-0.5400000000000063,718100,
2019-09-04,32.8,33.13,32.59,32.86,0.45000000000000284,666100,
2019-09-05,33.36,34.13,33.36,33.84,0.980000000000004,456300,
2019-09-06,33.77,33.98,33.46,33.63,-0.21000000000000085,576700,
2019-09-09,33.96,34.31,33.81,34.17,0.5399999999999991,657500,
2019-09-10,34.25,35.51,34.25,35.47,1.2999999999999972,600100,
2019-09-11,35.46,35.92,34.655,35.78,0.3100000000000023,571600,
2019-09-12,35.57,35.9,35.05,35.62,-0.1600000000000037,566300,
2019-09-13,36,36.63,35.94,36.09,0.47000000000000597,789300,
2019-09-16,35.84,36.24,35.48,35.67,-0.4200000000000017,676400,
2019-09-17,35.17,35.53,34.6,35.29,-0.38000000000000256,721800,
2019-09-18,35.21,35.21,34.695,34.74,-0.5499999999999972,640500,
2019-09-19,34.69,34.79,34.17,34.28,-0.46000000000000085,607500,
2019-09-20,34.32,35.255,34.3007,34.41,0.12999999999999545,1330800,
2019-09-23,34.14,35.29,34.1,35.05,0.6400000000000006,679500,
2019-09-24,35.27,35.27,33.82,33.86,-1.1899999999999977,1015700,
2019-09-25,33.78,34.93,33.78,34.89,1.0300000000000011,641000,
2019-09-26,34.62,35.01,34.59,34.84,-0.04999999999999716,504200,
2019-09-27,35.05,35.72,34.92,35.47,0.6299999999999955,703400,
2019-09-30,35.56,35.92,35.43,35.81,0.3400000000000034,857100,
2019-10-01,35.41,35.9,33.49,33.57,-2.240000000000002,741600,
2019-10-02,33.47,33.54,32.829,33.22,-0.3500000000000014,661900,
2019-10-03,32.91,34.72,32.91,34.25,1.0300000000000011,1324600,
2019-10-04,34.99,35.075,33.74,34.23,-0.020000000000003126,728000,
2019-10-07,34.01,34.37,33.765,33.78,-0.44999999999999574,779500,
2019-10-08,33.57,33.81,32.32,32.32,-1.4600000000000009,832000,
2019-10-09,32.78,33.6,32.52,33.38,1.0600000000000023,839900,
2019-10-10,33.5,34.35,33.5,33.92,0.5399999999999991,687600,
2019-10-11,34.63,35.65,34.63,35.14,1.2199999999999989,900900,
2019-10-14,34.92,35.145,34.58,34.64,-0.5,453700,
2019-10-15,34.66,34.69,34.2,34.21,-0.4299999999999997,636200,
2019-10-16,33.97,34.65,33.88,34.33,0.11999999999999744,514400,
2019-10-17,34.43,34.7,34.13,34.31,-0.01999999999999602,421100,
2019-10-18,34.24,34.51,34.06,34.38,0.07000000000000028,592000,
2019-10-21,34.85,35.325,34.52,34.65,0.269999999999996,788200,
2019-10-22,34.76,35.325,34.57,34.94,0.28999999999999915,588700,
2019-10-23,34.93,35.84,34.74,35.64,0.7000000000000028,926500,
2019-10-24,35.81,35.94,35.03,35.91,0.269999999999996,1608500,
2019-10-25,37.69,41,37.13,37.9,1.990000000000002,1786900,
2019-10-28,38.23,39.1,37.515,37.66,-0.240000000000002,1100100,
2019-10-29,37.39,37.7,36.84,37.13,-0.529999999999994,738400,
2019-10-30,36.88,37.04,36.405,36.78,-0.3500000000000014,608500,
2019-10-31,36.81,36.88,35.89,36.39,-0.39000000000000057,1037000,
2019-11-01,36.69,37.05,36.53,36.94,0.5499999999999972,563000,
2019-11-04,37.13,37.275,36.88,36.93,-0.00999999999999801,591000,
2019-11-05,37.19,38.08,37.08,38.03,1.1000000000000014,711100,
2019-11-06,37.89,38.65,37.76,38.3,0.269999999999996,599500,
2019-11-07,39,39.55,38.66,39.49,1.1900000000000048,687100,
2019-11-08,39.29,39.34,38.5645,38.74,-0.75,657300,
2019-11-11,38.27,38.98,38.27,38.47,-0.2700000000000031,658000,
2019-11-12,38.31,38.6196,38.12,38.32,-0.14999999999999858,1150200,
2019-11-13,37.96,38.37,37.71,38.19,-0.13000000000000256,609400,
2019-11-14,38.16,38.36,38,38.11,-0.0799999999999983,602400,
2019-11-15,38.21,38.4,37.93,38.32,0.21000000000000085,1509600,
2019-11-18,38.25,38.73,37.86,38.57,0.25,457600,
2019-11-19,38.61,38.63,37.98,38.03,-0.5399999999999991,615500,
2019-11-20,37.74,37.82,37.04,37.12,-0.9100000000000037,864500,
2019-11-21,37.19,37.34,36.76,36.89,-0.22999999999999687,830300,
2019-11-22,37.04,37.67,36.9,37.5,0.6099999999999994,668700,
2019-11-25,37.43,38.38,37.31,38.18,0.6799999999999997,572600,
2019-11-26,37.99,38.49,37.77,38.44,0.259999999999998,517000,
2019-11-27,38.71,38.71,37.99,38.12,-0.3200000000000003,431800,
2019-11-29,37.95,38.06,37.32,37.32,-0.7999999999999972,284800,
2019-12-02,37.48,38.02,37.42,37.59,0.2700000000000031,626100,
2019-12-03,37.12,37.28,36.71,37.27,-0.3200000000000003,594000,
2019-12-04,37.52,38.24,37.51,37.6,0.3299999999999983,480300,
2019-12-05,37.75,37.95,37.56,37.88,0.28000000000000114,367400,
2019-12-06,38.14,38.82,38.14,38.2,0.3200000000000003,537200,
2019-12-09,38.19,38.93,38.19,38.87,0.6699999999999946,671100,
2019-12-10,38.71,38.87,38.18,38.29,-0.5799999999999983,401800,
2019-12-11,38.28,38.44,37.99,38.31,0.020000000000003126,463300,
2019-12-12,38.37,39.41,38.23,39.24,0.9299999999999997,518900,
2019-12-13,39.24,39.37,38.42,38.53,-0.7100000000000009,744200,
2019-12-16,38.76,39.18,38.52,38.56,0.030000000000001137,766700,
2019-12-17,38.6,38.98,38.345,38.47,-0.09000000000000341,624400,
2019-12-18,38.43,39.05,38.22,39.03,0.5600000000000023,616800,
2019-12-19,39.28,39.2909,38.955,39.15,0.11999999999999744,585700,
2019-12-20,39.37,39.66,38.8,38.83,-0.3200000000000003,1684500,
2019-12-23,38.97,39.07,38.21,38.59,-0.23999999999999488,409700,
2019-12-24,38.79,38.91,38.63,38.78,0.18999999999999773,146900,
2019-12-26,38.83,39.03,38.59,38.66,-0.12000000000000455,390600,
2019-12-27,38.76,39,38.42,38.42,-0.23999999999999488,290400,
2019-12-30,38.5,38.67,38.24,38.34,-0.0799999999999983,464000,
2019-12-31,37.7,38.39,37.7,38.24,-0.10000000000000142,558700,
2020-01-02,38.43,38.61,37.8983,38,-0.240000000000002,479100,
2020-01-03,37.5,37.765,37.39,37.44,-0.5600000000000023,525300,
2020-01-06,37,37.09,36.32,36.59,-0.8499999999999943,578000,
2020-01-07,36.45,36.7,36.16,36.55,-0.04000000000000625,431500,
2020-01-08,36.58,37.87,36.47,37.78,1.230000000000004,893100,
2020-01-09,37.82,37.91,37.26,37.91,0.12999999999999545,523500,
2020-01-10,37.91,37.96,37.27,37.56,-0.3499999999999943,739800,
2020-01-13,37.71,38.36,37.6,38.34,0.7800000000000011,630900,
2020-01-14,38.1,38.75,38.06,38.57,0.22999999999999687,892500,
2020-01-15,38.4,38.83,38.26,38.64,0.07000000000000028,518700,
2020-01-16,38.81,39.45,38.81,39.33,0.6899999999999977,867800,
2020-01-17,39.53,40.05,39.22,39.87,0.5399999999999991,658800,
2020-01-21,39.36,39.36,38.5,38.98,-0.8900000000000006,826100,
2020-01-22,39.25,39.91,39.0982,39.88,0.9000000000000057,1212700,
2020-01-23,39.49,39.75,38.93,39.56,-0.3200000000000003,710900,
2020-01-24,39.24,39.38,37.36,37.63,-1.9299999999999997,2087900,
2020-01-27,36.7,37,36.11,36.12,-1.5100000000000051,1126500,
2020-01-28,36.49,36.875,35.87,36.76,0.6400000000000006,556100,
2020-01-29,36.81,37.27,36.34,36.35,-0.4099999999999966,549600,
2020-01-30,36.01,36.13,35.02,35.77,-0.5799999999999983,796100,
2020-01-31,35.39,35.57,34.49,34.82,-0.9500000000000028,1441100,
2020-02-03,34.84,35.59,34.68,35.07,0.25,687400,
2020-02-04,35.75,35.97,35.47,35.53,0.46000000000000085,557100,
2020-02-05,35.99,36.92,35.93,36.68,1.1499999999999986,977400,
2020-02-06,37,37.16,36.14,36.31,-0.36999999999999744,975700,
2020-02-07,35.62,35.94,33.545,33.83,-2.480000000000004,2052700,
2020-02-10,33.56,35.57,33.56,34.62,0.7899999999999991,1484100,
2020-02-11,35.03,36.06,35.03,35.58,0.9600000000000009,888000,
2020-02-12,35.97,36.78,35.95,36.04,0.46000000000000085,560600,
2020-02-13,35.77,35.89,34.33,34.42,-1.6199999999999974,819900,
2020-02-14,34.65,34.65,34,34.2,-0.21999999999999886,862900,
2020-02-18,34.05,34.39,33.41,33.72,-0.480000000000004,1262100,
2020-02-19,33.81,34.04,33.195,33.25,-0.46999999999999886,914900,
2020-02-20,33.1,34.15,33.05,33.17,-0.0799999999999983,1291500,
2020-02-21,32.91,33.74,32.86,33.42,0.25,924800,
2020-02-24,32.16,32.41,31.86,32.12,-1.3000000000000043,760900,
2020-02-25,32.36,32.36,30.22,30.58,-1.5399999999999991,1019600,
2020-02-26,30.68,31.04,29.7795,29.97,-0.6099999999999994,992600,
2020-02-27,29.14,29.78,28.29,28.34,-1.629999999999999,1422000,
2020-02-28,27.85,29.04,27.33,28.77,0.4299999999999997,1759500,
2020-03-02,29.18,30.26,28.345,30.23,1.4600000000000009,1602200,
2020-03-03,30.27,30.52,28.61,29.17,-1.0599999999999987,1117100,
2020-03-04,29.8,29.89,28.99,29.62,0.4499999999999993,900500,
2020-03-05,28.35,28.86,27.96,28.31,-1.3100000000000023,1413600,
2020-03-06,27.49,29.05,27.24,28.73,0.4200000000000017,1020800,
2020-03-09,26.66,27.48,25.82,26.69,-2.039999999999999,1415800,
2020-03-10,27.91,28.045,26.39,27.98,1.2899999999999991,1163500,
2020-03-11,27.25,27.27,24.45,24.89,-3.09,1157000,
2020-03-12,23.36,23.67,21,23.01,-1.879999999999999,1157500,
2020-03-13,24.06,27.45,24.06,27.39,4.379999999999999,1586600,
2020-03-16,24.24,27.04,23.99,24.85,-2.539999999999999,1392400,
2020-03-17,25.68,29.2,25.11,28.87,4.02,1358200,
2020-03-18,26.89,29.26,23.23,24.74,-4.130000000000003,2138600,
2020-03-19,24.35,24.7,21.77,23.51,-1.2299999999999969,1439400,
2020-03-20,23.9,24.62,21.17,21.39,-2.120000000000001,1082300,
2020-03-23,21.42,21.68,18.43,18.58,-2.8100000000000023,1370900,
2020-03-24,19.73,19.875,18.57,19.75,1.1700000000000017,1161400,
2020-03-25,19.83,21.89,18.4,20.96,1.2100000000000009,945000,
2020-03-26,21.17,22.61,21.08,22.1,1.1400000000000006,855000,
2020-03-27,21.17,22.24,21,21.55,-0.5500000000000007,591300,
2020-03-30,21.88,22.115,20.6,22.02,0.46999999999999886,704300,
2020-03-31,22.02,22.06,21.25,21.64,-0.379999999999999,1041800,
2020-04-01,20.28,20.58,19.43,19.77,-1.870000000000001,631800,
2020-04-02,19.83,21.43,19.51,20.88,1.1099999999999994,612600,
2020-04-03,20.67,20.98,19.71,20.65,-0.23000000000000043,942600,
2020-04-06,21.5,22.2,20.99,21.85,1.2000000000000028,1280000,
2020-04-07,22.32,22.97,20.88,21.14,-0.7100000000000009,980800,
2020-04-08,21.6,23.16,21.23,22.82,1.6799999999999997,530500,
2020-04-09,23.36,24.4629,22.22,22.76,-0.05999999999999872,760700,
2020-04-13,22.89,23.3,21.97,22.59,-0.1700000000000017,716200,
2020-04-14,22.78,22.98,21.86,22.29,-0.3000000000000007,691700,
2020-04-15,21.47,21.8,20.7,21.26,-1.0299999999999976,582900,
2020-04-16,21.19,21.3,20,20.51,-0.75,642600,
2020-04-17,21.24,22.23,21.06,21.69,1.1799999999999997,1157700,
2020-04-20,21.14,21.33,20.59,20.66,-1.0300000000000011,640200,
2020-04-21,20.05,20.6,20.03,20.26,-0.3999999999999986,496500,
2020-04-22,20.85,21.15,20.43,20.48,0.21999999999999886,516800,
2020-04-23,20.49,21.29,20.49,20.85,0.370000000000001,402500,
2020-04-24,21.07,21.22,20.52,21.02,0.16999999999999815,459200,
2020-04-27,21.46,22.66,21.21,22.44,1.4200000000000017,530800,
2020-04-28,23.03,24.09,23,23.75,1.3099999999999987,539200,
2020-04-29,24.59,25.16,24.41,24.86,1.1099999999999994,561400,
2020-04-30,24.5,24.6232,23.06,23.36,-1.5,804600,
2020-05-01,22.7,22.91,21.92,22.54,-0.8200000000000003,444600,
2020-05-04,21.98,22.49,21.62,22.08,-0.46000000000000085,514300,
2020-05-05,22.69,22.91,21.69,21.7,-0.379999999999999,377100,
2020-05-06,21.7,22.03,20.83,21.07,-0.629999999999999,441300,
2020-05-07,21.47,22.18,21.47,22.05,0.9800000000000004,629500,
2020-05-08,23.36,23.81,21.79,23.66,1.6099999999999994,1238500,
2020-05-11,22.92,22.92,21.58,21.65,-2.0100000000000016,1263700,
2020-05-12,21.45,21.97,21.08,21.13,-0.5199999999999996,1379700,
2020-05-13,20.75,20.99,19.76,19.87,-1.259999999999998,1016800,
2020-05-14,19.35,20.48,18.89,20.07,0.1999999999999993,697300,
2020-05-15,19.82,20.04,19.28,19.35,-0.7199999999999989,677200,
2020-05-18,20.21,20.98,19.85,20.19,0.8399999999999999,830400,
2020-05-19,20.14,20.14,19.31,19.32,-0.870000000000001,765700,
2020-05-20,19.73,20.06,19.35,19.55,0.23000000000000043,1729500,
2020-05-21,19.5,20.63,19.5,20.13,0.5799999999999983,1281200,
2020-05-22,20.11,20.43,19.49,19.71,-0.41999999999999815,822500,
2020-05-26,20.42,21.885,20.32,21.61,1.8999999999999986,924800,
2020-05-27,22.54,23.06,22.02,22.22,0.6099999999999994,1168600,
2020-05-28,22.2,22.27,20.92,20.95,-1.2699999999999996,808600,
2020-05-29,20.75,20.82,20.16,20.4,-0.5500000000000007,1331300,
2020-06-01,20.4,21.28,20.31,20.96,0.5600000000000023,754400,
2020-06-02,21.3,22.08,21.24,21.78,0.8200000000000003,705600,
2020-06-03,22.28,23.49,22.02,23.45,1.6699999999999982,975900,
2020-06-04,23.13,24.17,22.88,24.01,0.5600000000000023,908100,
2020-06-05,24.45,25.33,23.72,24.56,0.5499999999999972,1206600,
2020-06-08,25.27,25.75,25,25.62,1.0600000000000023,1329600,
2020-06-09,24.99,25.3,24.4438,24.68,-0.9400000000000013,1052600,
2020-06-10,24.37,24.395,22.79,22.81,-1.870000000000001,717500,
2020-06-11,21.66,22.27,20.77,20.91,-1.8999999999999986,642600,
2020-06-12,21.91,22.1,20.79,21.49,0.5799999999999983,610600,
2020-06-15,20.96,23.35,20.38,23.28,1.7900000000000027,1776500,
2020-06-16,24.64,24.64,22.69,22.96,-0.3200000000000003,810700,
2020-06-17,23.06,23.18,22.25,22.73,-0.23000000000000043,858500,
2020-06-18,22.24,22.61,22.02,22.16,-0.5700000000000003,1346800,
2020-06-19,22.41,22.95,21.92,22.72,0.5599999999999987,3732700,
2020-06-22,22.63,22.63,22.06,22.11,-0.6099999999999994,1652500,
2020-06-23,22.42,23.06,21.82,21.89,-0.21999999999999886,1177900,
2020-06-24,21.72,21.72,20.93,21.14,-0.75,1265800,
2020-06-25,20.91,21.1825,20.03,21.01,-0.129999999999999,1787800,
2020-06-26,20.7,20.9,19.59,19.67,-1.3399999999999999,7795300,
2020-06-29,20.05,21.54,20.05,21.1,1.4299999999999997,1213400,
2020-06-30,20.92,21.3,20.59,21.11,0.00999999999999801,1063200,
2020-07-01,21.04,21.35,20.05,20.19,-0.9199999999999982,997200,
2020-07-02,20.74,21.02,20.085,20.55,0.35999999999999943,632700,
2020-07-06,21.03,21.33,20.54,21.01,0.46000000000000085,1054000,
2020-07-07,20.7,20.86,19.99,20.03,-0.9800000000000004,1224000,
2020-07-08,20.05,20.32,19.26,19.51,-0.5199999999999996,921800,
2020-07-09,19.33,19.5,18.66,19.25,-0.26000000000000156,1407800,
2020-07-10,19.17,20.93,19.17,20.81,1.5599999999999987,1514800,
2020-07-13,21,21.36,20.39,20.85,0.0400000000000027,1302900,
2020-07-14,21.02,21.6,20.62,21.49,0.639999999999997,722400,
2020-07-15,22.04,22.28,21.29,21.64,0.15000000000000213,740800,
2020-07-16,21.54,22.1,21.4,21.93,0.28999999999999915,1172100,
2020-07-17,21.96,22.54,21.93,22.39,0.46000000000000085,1072900,
2020-07-20,22.16,22.39,21.69,21.75,-0.6400000000000006,876500,
2020-07-21,22.06,22.49,21.95,22.41,0.6600000000000001,837900,
2020-07-22,22.26,22.54,21.72,21.74,-0.6700000000000017,805200,
2020-07-23,21.67,22.07,21.58,21.74,0,539500,
2020-07-24,21.85,22.13,21.725,21.93,0.19000000000000128,741500,
2020-07-27,21.83,22.22,21.44,22.2,0.2699999999999996,755000,
2020-07-28,21.94,22.04,21.42,21.49,-0.7100000000000009,408800,
2020-07-29,21.58,21.92,21.37,21.78,0.2900000000000027,721600,
2020-07-30,21.41,21.55,20.49,20.96,-0.8200000000000003,599400,
2020-07-31,20.76,21.01,20.3,20.99,0.029999999999997584,1078700,
2020-08-03,21.1,21.3,20.58,21.21,0.22000000000000242,1024100,
2020-08-04,21.03,21.35,20.86,21.3,0.08999999999999986,462800,
2020-08-05,21.61,22.03,21.39,21.71,0.41000000000000014,629400,
2020-08-06,21.73,22.625,21.44,22.47,0.759999999999998,1648400,
2020-08-07,23.97,29.08,23.97,28.48,6.010000000000002,6651300,
2020-08-10,27.75,28.15,26.88,28.06,-0.4200000000000017,1968000,
2020-08-11,28.7,29.28,28.1543,28.69,0.6300000000000026,1439900,
2020-08-12,29.09,29.37,28.14,29.06,0.36999999999999744,1266100,
2020-08-13,29.6,30.28,29.01,29.97,0.9100000000000001,1543100,
2020-08-14,30.3,30.8,29.68,30.6,0.6300000000000026,1208300,
2020-08-17,30.72,31.06,30.26,30.36,-0.240000000000002,981000,
2020-08-18,30.07,30.26,29.44,29.44,-0.9199999999999982,797000,
2020-08-19,29.38,29.73,28.87,28.91,-0.5300000000000011,653900,
2020-08-20,28.41,28.95,28.095,28.23,-0.6799999999999997,777200,
2020-08-21,27.96,28.51,27.81,28.13,-0.10000000000000142,755900,
2020-08-24,28.4,29.36,28.355,29.34,1.2100000000000009,558500,
2020-08-25,29.57,29.86,28.59,28.66,-0.6799999999999997,567500,
2020-08-26,28.7,28.97,28.12,28.18,-0.4800000000000004,516700,
2020-08-27,28.34,29.17,28.11,29.1,0.9200000000000017,1130800,
2020-08-28,29.28,29.87,29.08,29.81,0.7099999999999973,618800,
2020-08-31,29.8,29.8,28.37,28.52,-1.2899999999999991,1753400,
2020-09-01,28.52,29.06,28,28.85,0.33000000000000185,516300,
2020-09-02,28.84,29.43,28.59,29.32,0.46999999999999886,457300,
2020-09-03,29.68,29.8,28.195,28.39,-0.9299999999999997,679600,
2020-09-04,29.14,29.16,28.13,28.63,0.23999999999999844,499500,
2020-09-08,28.12,28.43,27.16,27.19,-1.4399999999999977,548400,
2020-09-09,27.4,27.59,26.78,26.82,-0.370000000000001,508300,
2020-09-10,26.93,27.1,26.055,26.16,-0.6600000000000001,763100,
2020-09-11,26.19,26.89,25.89,26.53,0.370000000000001,490100,
2020-09-14,26.77,27.37,26.71,27.32,0.7899999999999991,581300,
2020-09-15,27.3,27.5,26.695,26.74,-0.5800000000000018,671300,
2020-09-16,27.04,27.29,26.14,26.17,-0.5699999999999967,682600,
2020-09-17,25.75,28.32,25.15,28.07,1.8999999999999986,2477900,
2020-09-18,28.34,29.84,28.25,29.3,1.2300000000000004,2014300,
2020-09-21,28.33,28.44,27.69,27.83,-1.4700000000000024,865900,
2020-09-22,27.71,27.93,26.89,26.93,-0.8999999999999986,607300,
2020-09-23,26.97,27.21,26.02,26.03,-0.8999999999999986,539100,
2020-09-24,26.02,26.16,25.4,25.65,-0.38000000000000256,373400,
2020-09-25,25.3,26.92,25.14,26.85,1.2000000000000028,754200,
2020-09-28,27.22,27.88,27.22,27.55,0.6999999999999993,817600,
2020-09-29,27.67,27.67,26.49,26.66,-0.8900000000000006,583300,
2020-09-30,26.73,26.99,26.01,26.27,-0.39000000000000057,766700,
2020-10-01,26.45,26.67,25.94,26.32,0.05000000000000071,467000,
2020-10-02,25.56,26.75,25.56,26.37,0.05000000000000071,741000,
2020-10-05,26.87,27.215,26.64,27.1,0.7300000000000004,404400,
2020-10-06,27.44,27.47,26.18,26.23,-0.870000000000001,377000,
2020-10-07,26.55,27.07,26.41,27.04,0.8099999999999987,602400,
2020-10-08,27.36,28.22,27.21,28.21,1.1700000000000017,602200,
2020-10-09,28.38,28.77,27.61,27.63,-0.5800000000000018,444800,
2020-10-12,27.74,28.235,27.34,27.68,0.05000000000000071,582100,
2020-10-13,27.79,27.79,26.6601,26.7,-0.9800000000000004,582100,
2020-10-14,26.73,27.09,26.495,26.56,-0.14000000000000057,498300,
2020-10-15,26.34,27,26.01,26.97,0.41000000000000014,570400,
2020-10-16,26.84,27.37,26.735,26.77,-0.1999999999999993,595900,
2020-10-19,26.82,26.9912,26.15,26.16,-0.6099999999999994,381700,
2020-10-20,26.35,26.88,26.23,26.64,0.4800000000000004,555300,
2020-10-21,26.58,27.49,26.58,27.16,0.5199999999999996,821100,
2020-10-22,27.33,27.5,26.82,27.05,-0.10999999999999943,518800,
2020-10-23,27.41,27.55,26.89,27.04,-0.010000000000001563,677800,
2020-10-26,26.6,26.96,26.08,26.12,-0.9199999999999982,878000,
2020-10-27,25.92,25.97,25.045,25.18,-0.9400000000000013,672300,
2020-10-28,24.55,24.7628,23.175,23.22,-1.9600000000000009,820500,
2020-10-29,23.04,23.98,22.7,23.9,0.6799999999999997,777500,
2020-10-30,23.56,24.06,23.5173,23.88,-0.019999999999999574,584900,
2020-11-02,24.23,25.26,23.7,24.23,0.3500000000000014,1125400,
2020-11-03,24.83,25.71,24.44,25.56,1.3299999999999983,710100,
2020-11-04,25.14,25.14,24.28,24.75,-0.8099999999999987,605500,
2020-11-05,25.2,26.48,25.03,26.28,1.5300000000000011,892300,
2020-11-06,26.21,27.22,25.6,26.36,0.0799999999999983,1208900,
2020-11-09,28.19,28.97,26.52,26.78,0.4200000000000017,2259600,
2020-11-10,27.2,27.33,26.57,26.64,-0.14000000000000057,1112000,
2020-11-11,26.73,27.13,26.16,26.72,0.0799999999999983,696900,
2020-11-12,26.36,26.595,25.71,25.96,-0.759999999999998,665500,
2020-11-13,26.39,27.51,26.2,27.02,1.0599999999999987,1130000,
2020-11-16,27.6,29.28,26.75,28.85,1.8300000000000018,1603000,
2020-11-17,28.32,28.85,28.13,28.79,-0.060000000000002274,791300,
2020-11-18,29,29.35,28.08,28.1,-0.6899999999999977,543100,
2020-11-19,27.85,28.27,27.14,27.68,-0.4200000000000017,451800,
2020-11-20,27.49,28.94,27.49,28.88,1.1999999999999993,899900,
2020-11-23,29.21,30.7,29.21,30.28,1.4000000000000021,907000,
2020-11-24,31.25,31.52,30.67,31.38,1.0999999999999979,948200,
2020-11-25,31.14,31.355,30.47,31.18,-0.1999999999999993,600700,
2020-11-27,31.2,31.45,30.4,30.93,-0.25,249500,
2020-11-30,30.67,30.88,30.01,30.1,-0.8299999999999983,500700,
2020-12-01,30.62,30.97,30.04,30.17,0.07000000000000028,1109100,
2020-12-02,30.13,30.71,29.96,30.54,0.36999999999999744,359800,
2020-12-03,30.66,31.25,30.58,30.73,0.19000000000000128,469500,
2020-12-04,30.98,31.57,30.85,31.56,0.8299999999999983,402500,
2020-12-07,31.37,31.5,30.81,30.97,-0.5899999999999999,340400,
2020-12-08,30.57,30.83,30.39,30.76,-0.2099999999999973,573800,
2020-12-09,30.9,32.04,30.87,31.79,1.0299999999999976,556500,
2020-12-10,31.35,32.2043,31.31,31.71,-0.0799999999999983,793500,
2020-12-11,31.26,31.26,30.33,30.97,-0.740000000000002,628100,
2020-12-14,31.38,31.95,30.63,30.64,-0.3299999999999983,630600,
2020-12-15,30.74,31.35,30.57,31.34,0.6999999999999993,428900,
2020-12-16,31.59,31.65,31,31.28,-0.05999999999999872,363700,
2020-12-17,31.32,31.45,30.73,31,-0.28000000000000114,384100,
2020-12-18,31.31,32.35,31.22,32.2,1.2000000000000028,1171500,
2020-12-21,31.37,31.56,30.57,31.1,-1.1000000000000014,468100,
2020-12-22,31.22,31.22,30.54,30.71,-0.39000000000000057,331800,
2020-12-23,30.84,31.54,30.79,30.88,0.16999999999999815,427800,
2020-12-24,30.96,31.04,30.33,30.98,0.10000000000000142,180600,
2020-12-28,31,31.95,30.788,31.6,0.620000000000001,644200,
2020-12-29,31.49,31.865,31.17,31.35,-0.25,387200,
2020-12-30,31.53,31.97,31.39,31.51,0.16000000000000014,201200,
2020-12-31,31.34,31.92,30.95,31.65,0.13999999999999702,594600,
2021-01-04,32,32.3,30.58,30.92,-0.7299999999999969,387300,
2021-01-05,30.82,32.08,30.82,31.81,0.889999999999997,462100,
2021-01-06,32.41,34.02,32.41,34,2.1900000000000013,865300,
2021-01-07,34.34,34.66,33.99,34.57,0.5700000000000003,824000,
2021-01-08,35.96,35.96,32.5,32.83,-1.740000000000002,1235700,
2021-01-11,32,32.54,31.67,31.81,-1.0199999999999996,562500,
2021-01-12,31.87,32.4,31.5,32.26,0.4499999999999993,684900,
2021-01-13,32.16,32.3,31.31,31.94,-0.31999999999999673,439100,
2021-01-14,32.21,32.32,31.4,31.49,-0.45000000000000284,447500,
2021-01-15,31,32.03,30.58,31.39,-0.09999999999999787,634600,
2021-01-19,31.53,33.5,31.14,32.63,1.240000000000002,817800,
2021-01-20,34.13,34.44,32.74,33.17,0.5399999999999991,419500,
2021-01-21,33.2,33.58,32.57,32.72,-0.45000000000000284,401700,
2021-01-22,32.36,32.68,31.97,32.05,-0.6700000000000017,379300,
2021-01-25,31.72,32.25,31.31,31.96,-0.0899999999999963,309100,
2021-01-26,32.3,32.5,31.55,31.61,-0.3500000000000014,272300,
2021-01-27,30.78,31.02,29.46,29.53,-2.0799999999999983,573800,
2021-01-28,30,30,29.26,29.38,-0.15000000000000213,574400,
2021-01-29,29.18,30.8494,29.07,29.97,0.5899999999999999,1031500,
2021-02-01,30.33,31.07,29.66,30.84,0.870000000000001,554400,
2021-02-02,31.41,31.41,30.72,30.88,0.03999999999999915,647100,
2021-02-03,30.75,31.37,30.7,31.16,0.28000000000000114,751500,
2021-02-04,31.16,31.31,30.53,30.9,-0.26000000000000156,1237300,
2021-02-05,31.29,32,31.06,31.89,0.990000000000002,1017000,
2021-02-08,32.07,33.37,31.82,33.33,1.4399999999999977,1392100,
2021-02-09,33.22,33.71,32.9,33.37,0.03999999999999915,705700,
2021-02-10,33.59,34.2,33.25,34.15,0.7800000000000011,825400,
2021-02-11,34,35.3,33.23,35.3,1.1499999999999986,1334400,
2021-02-12,35.26,36.11,34.82,35.62,0.3200000000000003,1264700,
2021-02-16,35.91,35.99,34.4601,34.48,-1.1400000000000006,566900,
2021-02-17,34.09,34.43,33.56,34.07,-0.4099999999999966,617500,
2021-02-18,34.05,35.27,34.02,34.66,0.5899999999999963,1070900,
2021-02-19,34.69,35.95,34.69,35.74,1.0800000000000054,1136100,
2021-02-22,35.37,36.31,35.25,35.95,0.21000000000000085,747800,
2021-02-23,35.63,36.06,34.87,35.41,-0.5400000000000063,839400,
2021-02-24,35.64,37.255,35.64,37,1.5900000000000034,619300,
2021-02-25,37.11,39.33,37.11,37.4,0.3999999999999986,1898400,
2021-02-26,36.74,37.49,35.545,37.05,-0.3500000000000014,1300600,
2021-03-01,36,36.43,34.94,36.11,-0.9399999999999977,1112400,
2021-03-02,36.5,37.5499,36.48,37.45,1.3400000000000034,1052400,
2021-03-03,37.67,37.96,36.33,36.33,-1.1200000000000045,672500,
2021-03-04,36.01,37.37,35.85,36.72,0.39000000000000057,1796900,
2021-03-05,37.2,37.49,36.18,37.39,0.6700000000000017,1036500,
2021-03-08,37.53,38.83,37.15,37.92,0.5300000000000011,979000,
2021-03-09,38.38,38.53,37.28,37.77,-0.14999999999999858,718400,
2021-03-10,37.74,38.69,37.67,38.18,0.4099999999999966,494400,
2021-03-11,38.5,38.99,37.89,38.32,0.14000000000000057,622300,
2021-03-12,38.5,38.96,38.31,38.37,0.04999999999999716,350200,
2021-03-15,38.03,38.13,37.04,37.33,-1.0399999999999991,624400,
2021-03-16,37.13,37.295,36.515,37.07,-0.259999999999998,434800,
2021-03-17,36.87,38.19,36.87,37.72,0.6499999999999986,582000,
2021-03-18,37.86,38.24,37.04,37.05,-0.6700000000000017,530700,
2021-03-19,37,37.43,36.04,36.66,-0.39000000000000057,1138400,
2021-03-22,36.46,36.84,35.79,36.42,-0.23999999999999488,881100,
2021-03-23,36.04,36.54,34.6448,34.84,-1.5799999999999983,588700,
2021-03-24,35.26,35.85,34.83,34.86,0.01999999999999602,484900,
2021-03-25,34.81,36.12,34.22,35.88,1.0200000000000031,674900,
2021-03-26,36.35,37.025,36.03,36.68,0.7999999999999972,476100,
2021-03-29,36.68,37.6,36.07,36.13,-0.5499999999999972,600000,
2021-03-30,35.86,37.08,35.86,36.92,0.7899999999999991,810500,
2021-03-31,37.08,37.64,36.485,36.95,0.030000000000001137,813700,
2021-04-01,37.01,37.7,37.01,37.43,0.4799999999999969,708400,
2021-04-05,37.99,38.33,37.67,38.05,0.6199999999999974,754700,
2021-04-06,38.09,38.5499,37.56,37.85,-0.19999999999999574,609300,
2021-04-07,37.88,38.1899,37.45,37.54,-0.3100000000000023,573200,
2021-04-08,37.55,37.75,37.05,37.49,-0.04999999999999716,439500,
2021-04-09,37.77,37.98,37.15,37.51,0.01999999999999602,396300,
2021-04-12,37.96,38.21,37.18,37.18,-0.3299999999999983,608200,
2021-04-13,37.16,37.37,36.369,36.47,-0.7100000000000009,544200,
2021-04-14,36.44,37.38,36.44,36.92,0.45000000000000284,466400,
2021-04-15,37.26,37.76,36.69,37.7,0.7800000000000011,455300,
2021-04-16,40,40.21,39.04,39.56,1.8599999999999994,4697900,
2021-04-19,39.58,40.34,39.0208,39.07,-0.490000000000002,13268600,
2021-04-20,38.85,39.3,37,37.61,-1.4600000000000009,1498900,
2021-04-21,37.55,38.92,37.55,38.78,1.1700000000000017,754700,
2021-04-22,38.68,38.93,37.83,37.94,-0.8400000000000034,537700,
2021-04-23,37.89,39.265,37.88,39.05,1.1099999999999994,651100,
2021-04-26,39.26,40.08,39.1974,39.69,0.6400000000000006,1087900,
2021-04-27,39.74,40.67,39.57,40.64,0.9500000000000028,1022100,
2021-04-28,40.7,41.18,40.1,40.33,-0.3100000000000023,725100,
2021-04-29,40.64,40.92,39.72,40,-0.3299999999999983,644700,
2021-04-30,39.6,40.45,39.361,39.42,-0.5799999999999983,518500,
2021-05-03,39.83,40.815,39.8,40.52,1.1000000000000014,790300,
2021-05-04,48,48.62,46.91,48.3,7.779999999999994,2975200,
2021-05-05,47.99,48.76,47.71,48.49,0.19000000000000483,1623800,
2021-05-06,48.49,48.64,47.31,48.49,0,1450900,
2021-05-07,48.49,48.49,47.72,48.16,-0.3300000000000054,863600,
2021-05-10,48.65,49.05,47.38,47.38,-0.779999999999994,1136700,
2021-05-11,53.61,55.45,53.5,55.38,8,13321000,
2021-05-12,55,55.41,54.8,55.07,-0.3100000000000023,5033900,
2021-05-13,55.1,55.43,54.85,54.85,-0.21999999999999886,3079200,
2021-05-14,54.95,55.14,54.55,54.98,0.12999999999999545,1773300,
2021-05-17,54.86,54.93,54.37,54.54,-0.4399999999999977,1973200,
2021-05-18,54.46,54.69,54.27,54.4,-0.14000000000000057,1511100,
2021-05-19,54.3,54.68,54.24,54.37,-0.030000000000001137,1652500,
2021-05-20,54.37,54.69,54.21,54.3,-0.07000000000000028,1228000,
2021-05-21,54.47,54.78,54.245,54.25,-0.04999999999999716,1071500,
2021-05-24,54.35,54.53,54.22,54.4,0.14999999999999858,1048400,
2021-05-25,54.35,54.48,54.1,54.11,-0.28999999999999915,1622600,
2021-05-26,54.15,54.21,53.96,54.01,-0.10000000000000142,1301200,
2021-05-27,54.2,54.55,53.95,53.95,-0.05999999999999517,1128800,
2021-05-28,54.08,54.34,53.99,54.23,0.27999999999999403,891700,
2021-06-01,54.45,54.84,54.39,54.82,0.5900000000000034,1068000,
2021-06-02,55,55.1,54.77,54.93,0.10999999999999943,983300,
2021-06-03,54.77,55.485,54.73,55.4,0.46999999999999886,1254900,
2021-06-04,55.16,55.38,54.8,54.9,-0.5,639300,
2021-06-07,54.85,55.005,54.85,55,0.10000000000000142,572900,
2021-06-08,54.92,55.04,54.31,54.38,-0.6199999999999974,1124800,
2021-06-09,54.3,54.935,54.24,54.49,0.10999999999999943,612900,
2021-06-10,54.74,54.78,54.43,54.56,0.07000000000000028,735600,
2021-06-11,54.71,54.82,54.4,54.42,-0.14000000000000057,517100,
2021-06-14,54.41,54.54,54.16,54.2,-0.21999999999999886,947400,
2021-06-15,54.31,54.53,54.11,54.36,0.1599999999999966,583800,
2021-06-16,54.28,54.46,54.04,54.06,-0.29999999999999716,964800,
2021-06-17,54.1,54.16,53.64,54,-0.060000000000002274,929100,
2021-06-18,53.7,54.16,53.68,53.8,-0.20000000000000284,2300200,
2021-06-21,54.1,54.41,53.84,53.95,0.15000000000000568,1057900,
2021-06-22,53.95,54.46,53.94,54.22,0.269999999999996,487300,
2021-06-23,54.21,54.67,54.11,54.25,0.030000000000001137,563300,
2021-06-24,54.45,54.495,54.23,54.36,0.10999999999999943,350200,
2021-06-25,54.32,54.54,54.15,54.17,-0.18999999999999773,1848500,
2021-06-28,54.21,54.69,54.01,54.56,0.39000000000000057,562500,
2021-06-29,54.41,54.65,54.22,54.26,-0.30000000000000426,588100,
2021-06-30,54.43,55,54.43,54.96,0.7000000000000028,1322100,
2021-07-01,54.9,54.96,54.75,54.85,-0.10999999999999943,600600,
2021-07-02,54.805,54.959,54.75,54.85,0,652600,
2021-07-06,54.82,54.89,54.7,54.89,0.03999999999999915,710900,
2021-07-07,54.84,54.99,54.775,54.94,0.04999999999999716,609100,
2021-07-08,54.75,54.91,54.71,54.87,-0.07000000000000028,611400,
2021-07-09,54.89,55.03,54.71,54.73,-0.14000000000000057,411800,
2021-07-12,54.73,54.86,54.7,54.8,0.07000000000000028,545900,
2021-07-13,54.75,54.83,54.55,54.61,-0.18999999999999773,915800,
2021-07-14,54.64,54.73,54.6,54.65,0.03999999999999915,334800,
2021-07-15,54.61,54.825,54.6,54.69,0.03999999999999915,534600,
2021-07-16,54.74,54.775,54.69,54.75,0.060000000000002274,801700,
2021-07-19,54.71,54.78,54.58,54.69,-0.060000000000002274,991300,
2021-07-20,54.7,55.01,54.65,54.78,0.09000000000000341,631300,
2021-07-21,54.87,55.015,54.8,54.98,0.19999999999999574,668100,
2021-07-22,54.98,55.17,54.91,55.12,0.14000000000000057,513800,
2021-07-23,55.14,55.19,55,55.03,-0.0899999999999963,450000,
2021-07-26,55.1,55.18,54.99,54.99,-0.03999999999999915,357700,
2021-07-27,54.95,55.15,54.95,55,0.00999999999999801,302600,
2021-07-28,55.025,55.04,54.95,54.95,-0.04999999999999716,325900,
2021-07-29,55.06,55.14,54.94,54.95,0,348700,
2021-07-30,54.85,55.1,54.85,54.91,-0.04000000000000625,555600,
2021-08-02,54.95,55.04,54.855,54.86,-0.04999999999999716,596800,
2021-08-03,54.89,55.02,54.85,54.88,0.020000000000003126,438500,
2021-08-04,54.9,54.97,54.49,54.61,-0.2700000000000031,650700,
2021-08-05,54.7,54.8,54.61,54.69,0.0799999999999983,432500,
2021-08-06,54.76,54.98,54.655,54.69,0,506600,
2021-08-09,54.7,54.765,54.65,54.67,-0.01999999999999602,268300,
2021-08-10,54.7,54.85,54.68,54.78,0.10999999999999943,300800,
2021-08-11,54.75,54.84,54.715,54.75,-0.030000000000001137,375800,
2021-08-12,54.73,54.8,54.675,54.75,0,410200,
2021-08-13,54.79,54.845,54.73,54.79,0.03999999999999915,201600,
2021-08-16,54.71,54.76,54.53,54.56,-0.22999999999999687,565500,
2021-08-17,54.55,54.76,54.44,54.76,0.19999999999999574,1004500,
2021-08-18,54.6,54.9,54.6,54.76,0,323700,
2021-08-19,54.6,54.87,54.54,54.84,0.0800000000000054,634100,
2021-08-20,54.59,54.85,54.59,54.74,-0.10000000000000142,437700,
2021-08-23,54.79,54.85,54.725,54.78,0.03999999999999915,227300,
2021-08-24,54.75,54.845,54.72,54.75,-0.030000000000001137,396700,
2021-08-25,54.84,54.91,54.71,54.8,0.04999999999999716,422800,
2021-08-26,54.78,54.87,54.75,54.78,-0.01999999999999602,265500,
2021-08-27,54.75,54.9,54.75,54.9,0.11999999999999744,260400,
2021-08-30,54.74,54.92,54.67,54.76,-0.14000000000000057,403900,
2021-08-31,54.76,54.99,54.76,54.83,0.07000000000000028,403600,
2021-09-01,54.83,54.98,54.83,54.95,0.12000000000000455,403400,
2021-09-02,54.95,55.05,54.87,54.99,0.03999999999999915,281800,
2021-09-03,54.95,55.13,54.92,55.03,0.03999999999999915,336000,
2021-09-07,55.03,55.085,54.985,55.01,-0.020000000000003126,231600,
2021-09-08,55.01,55.085,54.95,54.97,-0.03999999999999915,265200,
2021-09-09,54.98,55.07,54.91,54.91,-0.060000000000002274,218000,
2021-09-10,54.95,55.07,54.95,54.98,0.07000000000000028,257800,
2021-09-13,55,55.04,54.95,54.95,-0.02999999999999403,340500,
2021-09-14,55.03,55.03,54.9,54.96,0.00999999999999801,403700,
2021-09-15,54.95,55.05,54.86,55.03,0.07000000000000028,283700,
2021-09-16,55.01,55.1,54.97,55.08,0.04999999999999716,288700,
2021-09-17,55,55.1,54.82,54.84,-0.23999999999999488,1000000,
2021-09-20,54.85,55,54.81,54.91,0.06999999999999318,454200,
2021-09-21,54.91,55.04,54.9,54.9,-0.00999999999999801,290400,
2021-09-22,54.97,55.06,54.83,54.83,-0.07000000000000028,316800,
2021-09-23,54.96,55.14,54.948,55.1,0.2700000000000031,281400,
2021-09-24,55.07,55.1,54.98,54.98,-0.12000000000000455,189300,
2021-09-27,54.96,55.22,54.96,55.14,0.1600000000000037,353200,
2021-09-28,55.06,55.25,55.06,55.15,0.00999999999999801,205400,
2021-09-29,55.15,55.15,54.99,55,-0.14999999999999858,192700,
2021-09-30,55.09,55.14,54.54,54.54,-0.46000000000000085,581400,
2021-10-01,54.74,55.09,54.74,55.01,0.46999999999999886,475800,
2021-10-04,55.06,55.08,54.92,54.95,-0.05999999999999517,319500,
2021-10-05,54.96,55.2,54.96,55.16,0.20999999999999375,374000,
2021-10-06,55.02,55.23,55.02,55.2,0.04000000000000625,365800,
2021-10-07,55.15,55.25,55.15,55.25,0.04999999999999716,309200,
2021-10-08,55.24,55.3,55.195,55.2,-0.04999999999999716,171800,
2021-10-11,55.29,55.3,55.13,55.2,0,247100,
2021-10-12,55.24,55.27,55.13,55.16,-0.04000000000000625,358500,
2021-10-13,55.2,55.25,55.11,55.18,0.020000000000003126,342800,
2021-10-14,55.23,55.36,55.15,55.36,0.17999999999999972,213600,
2021-10-15,55.47,55.48,55.02,55.1,-0.259999999999998,278600,
2021-10-18,55.1,55.19,54.71,54.76,-0.3400000000000034,738700,
2021-10-19,54.76,54.8,53.97,54.76,0,650500,
2021-10-20,54.7,54.95,54.625,54.81,0.05000000000000426,183500,
2021-10-21,54.79,54.84,54.63,54.77,-0.03999999999999915,192700,
2021-10-22,54.84,54.84,54.67,54.78,0.00999999999999801,281900,
2021-10-25,54.74,54.84,54.67,54.73,-0.05000000000000426,150400,
2021-10-26,54.71,54.82,54.65,54.7,-0.02999999999999403,225800,
2021-10-27,54.7,54.7,54.5,54.55,-0.15000000000000568,282500,
2021-10-28,54.52,54.62,54.51,54.56,0.010000000000005116,284200,
2021-10-29,54.56,54.68,54.5,54.59,0.030000000000001137,387900,
2021-11-01,54.6,54.81,54.52,54.78,0.18999999999999773,309800,
2021-11-02,54.59,54.74,54.5,54.68,-0.10000000000000142,228100,
2021-11-03,54.68,54.72,54.56,54.58,-0.10000000000000142,258600,
2021-11-04,54.55,54.73,54.48,54.59,0.010000000000005116,431900,
2021-11-05,54.64,54.64,47.71,54.27,-0.3200000000000003,422000,
2021-11-08,54.57,54.57,53.75,53.97,-0.30000000000000426,580000,
2021-11-09,54.04,54.27,53.855,54.24,0.2700000000000031,496600,
2021-11-10,54.12,54.3,53.94,54.1,-0.14000000000000057,267000,
2021-11-11,54.28,54.29,54.055,54.06,-0.03999999999999915,166600,
2021-11-12,53.98,54.19,53.98,54.05,-0.010000000000005116,228700,
2021-11-15,54.13,54.26,54.04,54.1,0.05000000000000426,301500,
2021-11-16,54.06,54.15,53.9,53.91,-0.19000000000000483,397300,
2021-11-17,53.9,54.01,53.78,53.81,-0.09999999999999432,338800,
2021-11-18,53.8,54.07,53.54,53.9,0.0899999999999963,220500,
2021-11-19,55.4,55.45,55.4,55.42,1.5200000000000031,2288900,
2021-11-22,55.45,55.49,55.44,55.45,0.030000000000001137,779500,
2021-11-23,55.44,55.49,55.44,55.46,0.00999999999999801,459600,
2021-11-24,55.44,55.49,55.44,55.46,0,481900,
2021-11-26,55.46,55.49,55.46,55.48,0.01999999999999602,631100,
2021-11-29,55.48,55.5,55.47,55.49,0.010000000000005116,3952600,
Downloaded from Barchart.com as of 12-06-2025 12:35pm CST