Category,Metric,LTM (Current),LTM (-1Q),LTM (-2Q),LTM (-3Q),LTM (-1 Years),LTM (-5Q),LTM (-6Q),LTM (-7Q),LTM (-2 Years),LTM (-9Q),LTM (-10Q),LTM (-11Q),LTM (-3 Years),LTM (-13Q),LTM (-14Q),LTM (-15Q),LTM (-4 Years),LTM (-17Q)
Header,Fiscal Period,2025.0-Q3,2025.0-Q2,2025.0-Q1,2024.0-Q4,2024.0-Q3,2024.0-Q2,2024.0-Q1,2023.0-Q4,2023.0-Q3,2023.0-Q2,2023.0-Q1,2022.0-Q4,2022.0-Q3,2022.0-Q2,2022.0-Q1,2021.0-Q4,2021.0-Q3,2021.0-Q2
Header,Statement Date,2025-11-30,2025-08-31,2025-05-31,2025-01-31,2024-11-30,2024-08-31,2024-05-31,2024-01-31,2023-10-31,2023-07-31,2023-04-30,2023-01-31,2022-10-31,2022-07-31,2022-04-30,2022-01-31,2021-10-31,2021-07-31
Header,Filing Date,2025-12-16,2025-09-05,2025-06-11,2025-04-17,2024-12-06,2024-09-11,2024-06-13,2024-05-06,2023-12-04,2023-08-30,2023-06-07,2023-03-28,2022-11-30,2022-08-26,2022-06-01,2022-03-25,2021-12-08,2021-08-31
Revenue & Margin,Segment-1,-,-,-,-,-,-,-,-,-,-,-,The Childrens Place US Member,-,-,-,The Childrens Place US Member,-,-
Revenue & Margin,Segment-1 %,-,-,-,-,-,-,-,-,-,-,-,8978.3%,-,-,-,9000.3%,-,-
Revenue & Margin,Segment-2,-,-,-,-,-,-,-,-,-,-,-,The Children's Place International,-,-,-,The Children's Place International,-,-
Revenue & Margin,Segment-2 %,-,-,-,-,-,-,-,-,-,-,-,1021.7%,-,-,-,999.7%,-,-
Revenue & Margin,Segment-3,-,-,-,-,-,-,-,-,-,-,-,-,-,-,-,-,-,-
Revenue & Margin,Segment-3 %,-,-,-,-,-,-,-,-,-,-,-,-,-,-,-,-,-,-
Revenue & Margin,Others,-,-,-,-,-,-,-,-,-,-,-,-,-,-,-,-,-,-
Revenue & Margin,Others %,-,-,-,-,-,-,-,-,-,-,-,-,-,-,-,-,-,-
Revenue & Margin,Revenue Total,1288160000.0,1338867000.0,1360516000.0,1386269000.0,1432740000.0,1522801000.0,1548745000.0,1602507000.0,1603600000.0,1632486000.0,1667772000.0,1708482000.0,1760158000.0,1809263000.0,1842233000.0,1915364000.0,1880458000.0,1322233000.0
Revenue & Margin,Rev-CoGS / Sale (%),28.614768351757547,29.33144210739379,29.495867670795494,30.286257501249757,27.899618842218405,27.644715231996823,25.471656082828353,24.836022557155758,23.59185582439511,24.04106375184841,25.116322854682778,27.07426821002504,32.64576242587313,35.42746405580615,37.58607076303594,38.46673530462095,36.39262349916882,34.29962797782237
Revenue & Margin,Rev-CoGS-SG&A / Rev (%),-0.515308657309651,1.393043521126445,1.3972639792549297,1.2513444360365844,-1.5048787637673269,-0.2665482883186969,-2.332017213937737,-2.4183357701401618,-4.302007982040409,-3.5473504826381363,-2.684239812156578,0.1641223027225338,7.058286812888388,10.062881958012737,12.689111583605332,14.640350398148863,12.967266538258231,9.694206769911204
Revenue & Margin,Op. Income / Rev (%),-0.5153862874177121,1.3929688311086912,1.3971904777305082,1.2512722999648698,-1.5048787637673269,-0.2665482883186969,-2.332017213937737,-2.4183357701401618,-4.302070341731104,-3.5474117389061837,-2.68429977239095,0.16406377123083532,7.058286812888388,10.062881958012737,12.68911152932338,14.640350345939465,12.967266485079698,9.694206694281569
Revenue & Margin,Net Profit / Rev (%),-4.013321326543286,-2.0388881046437026,-3.972536890415107,-4.170835530477851,-12.470162067088236,-10.52422476738589,-10.557193082140701,-9.643826828837565,-4.753803941132452,-4.401814165634498,-2.986139592222438,-0.06655030606117009,5.021765091542918,6.875948936113765,8.782656699776847,9.772085097140804,8.292235189512343,5.8283222397262815
EBITDA,Net Income,-51698000.0,-27298000.0,-54047000.0,-57819000.0,-178665000.0,-160263000.0,-163504000.0,-154543000.0,-76232000.0,-71859000.0,-49802000.0,-1137000.0,88391000.0,124404000.0,161797000.0,187171000.0,155932000.0,77064000.0
EBITDA,D & A,25006000.0,34272000.0,36207000.0,39612000.0,42058000.0,44525000.0,46973000.0,47186000.0,47678000.0,48409000.0,49697000.0,51464000.0,53580000.0,55320000.0,56471000.0,58417000.0,60157000.0,61762000.0
EBITDA,Net Int Inc,-33418000.0,-35375000.0,-36588000.0,-35747000.0,-35549000.0,-33410000.0,-31820000.0,-30002000.0,-26635000.0,-22482000.0,-17430000.0,-13232000.0,-13632000.0,-13805000.0,-15912000.0,-18618000.0,-17167000.0,-13208000.0
EBITDA,Tax Provision,8743000.0,7975000.0,7629000.0,8371000.0,60854000.0,60300000.0,49966000.0,40744000.0,-37235000.0,-24585000.0,-18478000.0,-13624000.0,19321000.0,39108000.0,51286000.0,69859000.0,58856000.0,27873000.0
EBITDA,EBITDA,15469000.0,50324000.0,26377000.0,25911000.0,-40204000.0,-22028000.0,-34745000.0,-36611000.0,-39154000.0,-25553000.0,-1153000.0,49935000.0,174924000.0,232637000.0,285466000.0,334065000.0,292112000.0,179907000.0
EBITDA,Stock-Based Comp,4081000.0,4102000.0,1922000.0,12786000.0,12230000.0,7464000.0,3951000.0,-5576000.0,3671000.0,13637000.0,24671000.0,29150000.0,24961000.0,26334000.0,30588000.0,30942000.0,31964000.0,28645000.0
EBITDA,Others Adj.,TBD,TBD,TBD,TBD,TBD,TBD,TBD,TBD,TBD,TBD,TBD,TBD,TBD,TBD,TBD,TBD,TBD,TBD
EBITDA,Adj. EBITDA,TBD,TBD,TBD,TBD,TBD,TBD,TBD,TBD,TBD,TBD,TBD,TBD,TBD,TBD,TBD,TBD,TBD,TBD
EBITDA,Covenant EBITDA,TBD,TBD,TBD,TBD,TBD,TBD,TBD,TBD,TBD,TBD,TBD,TBD,TBD,TBD,TBD,TBD,TBD,TBD
Capital Structure,Stock Price,7.17,4.54,5.2,9.79,14.07,7.32,7.78,22.28,26.81,30.76,29.64,45.37,38.91,43.34,46.33,70.75,82.89,84.33
Capital Structure,O/S Shares,22170000.0,22142000.0,21629000.0,12805000.0,12779000.0,12772000.0,12643000.0,12556000.0,12548000.0,12522000.0,12374000.0,12332000.0,13064000.0,13147000.0,13621000.0,14269000.0,14668000.0,14780000.0
Capital Structure,Market Capitalization,158958900.0,100524680.0,112470800.0,125360949.0,179800530.0,93491040.0,98362540.0,279747680.0,336411880.0,385176720.0,366765360.0,559502840.0,508320239.0,569790980.0,631060930.0,1009531750.0,1215830520.0,1246397400.0
Capital Structure,Cash,7253000.0,7798000.0,5694000.0,5347000.0,5749000.0,9573000.0,12960000.0,13639000.0,13522000.0,18846000.0,18242000.0,16689000.0,19244000.0,28193000.0,58494000.0,54787000.0,67062000.0,63982000.0
Capital Structure,Debt,577698000.0,566138000.0,544822000.0,586327000.0,701580000.0,660215000.0,581766000.0,463841000.0,551337000.0,526311000.0,513249000.0,511800000.0,495878000.0,525024000.0,517923000.0,450861000.0,499993000.0,558755000.0
Capital Structure,Enterprise Value,729403900.0,658864680.0,651598800.0,706340949.0,875631530.0,744133040.0,667168540.0,729949680.0,874226880.0,892641720.0,861772360.0,1054613840.0,984954239.0,1066621980.0,1090489930.0,1405605750.0,1648761520.0,1741170400.0
Capital Structure,netCommonStockIssuance,0.0,-338000.0,89916000.0,-107000.0,0.0,-246000.0,-320000.0,-105000.0,-62000.0,-876000.0,-6088000.0,-18944000.0,-12772000.0,-22530000.0,-40370000.0,-38787000.0,-31722000.0,-11091000.0
Capital Structure,netDebtIssuance,0.0,35794000.0,-47223000.0,-116715000.0,45720000.0,90554000.0,117986000.0,-131967000.0,11135000.0,46711000.0,13845000.0,21990000.0,-18932000.0,34388000.0,74226000.0,-29904000.0,-26454000.0,2944000.0
Liquidity & Cash Flow,DSO,15.586794342317726,14.974733300619105,13.962527820326995,12.84407192976255,11.823573188436145,10.495001480823824,8.619212652825352,8.18046270624715,9.106108131703667,8.783328004038014,9.219698495957482,9.168411636762928,7.462128399836833,6.752123654769926,6.354842872752795,6.769987323558341,7.753147770383598,8.351630348055146
Liquidity & Cash Flow,DIO,164.2144746643757,169.3660380888161,174.46916961481162,173.44807211856346,158.95412890932428,146.60752882144837,141.24399612217067,141.33875823157672,145.32468088926612,149.94865397115203,154.68912344421597,158.35114577798612,164.95512913513744,159.04162354798092,149.29284416494275,135.47750981725346,130.38982734062068,133.12211081822525
Liquidity & Cash Flow,DPO,47.303770573810155,49.80844616696806,57.05989586319704,62.461304310035295,67.16511489229059,67.66446547416247,68.2731833721174,67.70833817625122,62.95585702859754,65.06560388639521,67.62888966024175,70.52828848836444,74.62921990888549,71.95286667573978,67.0620559632131,62.90959362567483,67.20348782068831,74.35317467049283
Liquidity & Cash Flow,CCC,132.49749843288328,134.53232522246716,131.37180157194155,123.8308397382907,103.61258720546984,89.43806482810972,81.59002540287862,81.81088276157264,91.47493199237226,93.66637808879484,96.2799322799317,96.9912689263846,97.7880376260888,93.84088052701105,88.58563107448244,79.33790351513699,70.93948729031598,67.12056649578757
Liquidity & Cash Flow,OCF,47886000.0,3657000.0,-49796000.0,-117594000.0,-103722000.0,-69420000.0,-23326000.0,92564000.0,-33883000.0,11868000.0,15753000.0,-8218000.0,48863000.0,83784000.0,131002000.0,133276000.0,82462000.0,44190000.0
Liquidity & Cash Flow,CapEx,-4749000.0,-8195000.0,-14549000.0,-15830000.0,-19114000.0,-21885000.0,-21271000.0,-27559000.0,-38753000.0,-44963000.0,-45836000.0,-45577000.0,-38500000.0,-34577000.0,-33304000.0,-29307000.0,-28822000.0,-29813000.0
Liquidity & Cash Flow,FCF,43137000.0,-4538000.0,-64345000.0,-133424000.0,-122836000.0,-91305000.0,-44597000.0,65005000.0,-72636000.0,-33095000.0,-30083000.0,-53795000.0,10363000.0,49207000.0,97698000.0,103969000.0,53640000.0,14377000.0
BQR,Total Debt / Adj Ebitda,37.34552976921585,11.249860901359192,20.655192023353678,22.628497549303386,999.0,999.0,999.0,999.0,999.0,999.0,999.0,10.249324121357764,2.8348196931238707,2.2568379062659853,1.8143071328984888,1.3496205828207086,1.7116482718957113,3.105799107316558
BQR,Adj Ebitda / Interest Expense,0.46289424860853434,1.4225865724381626,0.7209194271345797,0.7248440428567432,-999.0,-999.0,-999.0,-999.0,-999.0,-999.0,-999.0,3.7738059250302296,12.831866197183098,16.851647953639986,17.940296631473103,17.94311956171447,17.015902603832934,13.621062992125983
BQR,Net Income before extraordinary,-51698000.0,-27298000.0,-54047000.0,-57819000.0,-178665000.0,-160263000.0,-163504000.0,-154543000.0,-76232000.0,-71859000.0,-49802000.0,-1137000.0,88391000.0,124404000.0,161797000.0,187171000.0,155932000.0,77064000.0
BQR,(NCO-CAPEX) / Total Debt (%),7.467050258093329,-0.8015713483284994,-11.810279320585439,-22.755902423050618,-17.508480857493087,-13.829585816741517,-7.665796901159573,14.014500658630867,-13.174519395578384,-6.288107221775718,-5.861287601144864,-10.51094177413052,2.0898285465376563,9.372333455232523,18.863421782774658,23.06010056314474,10.728150194102717,2.573041851974479
BQR,Score: Operating Leverage,75,75,75,75,75,75,75,75,75,75,75,75,45,42,42,35,35,45
BQR,Score: ICR,75,75,75,75,75,75,75,75,75,75,75,58,35,25,25,25,25,35
BQR,Score: Net Income,75,75,75,75,75,75,75,75,75,75,75,65,42,42,42,42,42,42
BQR,Score: FCF/Debt,58,75,75,75,75,75,75,55,75,75,75,75,75,58,48,42,58,75
BQR,BQR,70.75,75.0,75.0,75.0,75.0,75.0,75.0,70.0,75.0,75.0,75.0,69.95,50.25,43.45,40.95,37.0,41.0,50.25
